hydrological_year,glacier_index,longitude,latitude,winter_temperature_c,summer_temperature_c,winter_precipitation_mm,summer_precipitation_mm
2027,423,6.776,45.799,-2.5436150027889872,8.365328553340587,880.1342127678536,742.0619639652051
2027,424,6.778,45.809,-2.520858020490174,8.39246681809119,882.1122500788142,749.987556827535
2027,427,6.783,45.817,-2.5151878215151053,8.39944075340187,881.8206907433719,754.8158350597329
2027,429,6.784,45.784,-2.61724087643623,8.277566727594454,871.1837936887031,725.5337350516522
2027,431,6.785,45.822,-2.507620653952412,8.40860278336241,882.2491824283958,758.3151421964895
2027,437,6.792,45.817,-2.548156675282866,8.360556514698146,876.8716807069861,750.8258964360559
2027,447,6.799,45.819,-2.5679199361120193,8.337388639129184,873.624352170693,749.4577294013687
2027,448,6.799,45.827,-2.6000488902567125,8.220089113932058,908.0865300984586,760.8979288337049
2027,449,6.799,45.837,-2.515007307199696,8.401067429934606,879.0737759588311,765.1055534510818
2027,459,6.811,45.849,-2.5247638469714757,8.391046636176297,876.0171580836873,769.9921230581226
2027,460,6.819,45.856,-2.5345990513853014,8.380599558617446,873.6431731593527,772.2950852771613
2027,462,6.823,45.859,-2.5410702889978287,8.373558127869337,872.2971524235121,772.991865896866
2027,464,6.831,45.863,-2.5599143025886146,8.352386768727595,868.9947460954432,772.6320795851451
2027,468,6.844,45.863,-2.609207194070127,8.29524318189658,861.6829830931368,766.4611268679314
2027,484,6.862,45.976,-2.3651804335212643,8.604246188834711,884.3293367043848,853.4014233127218
2027,488,6.865,45.868,-2.675058461880043,8.22008346050974,851.2961568244621,760.6529913452905
2027,489,6.865,45.99,-2.3389311198925693,8.63852271191827,886.6235671057957,863.734275236628
2027,490,6.865,45.99,-2.3389311198925693,8.63852271191827,886.6235671057957,863.734275236628
2027,491,6.865,45.99,-2.3389311198925693,8.63852271191827,886.6235671057957,863.734275236628
2027,497,6.871,45.984,-2.448022892941927,8.452083550398857,912.2557268469802,859.3339237776112
2027,498,6.871,45.984,-2.448022892941927,8.452083550398857,912.2557268469802,859.3339237776112
2027,499,6.871,45.984,-2.448022892941927,8.452083550398857,912.2557268469802,859.3339237776112
2027,500,6.871,45.992,-2.4266202197410363,8.479796077649162,914.5974085938464,866.2015466133003
2027,503,6.875,45.88,-2.680389459171615,8.217006939955164,849.0890167350459,765.7874710128801
2027,504,6.877,45.985,-2.402299360940505,8.5662326465415,878.0973914044579,852.717897997553
2027,506,6.88,45.886,-2.683306478291516,8.21532156967234,847.9647410028381,768.3033301582518
2027,509,6.882,45.877,-2.7153872494878333,8.175836676706231,844.2518410384737,759.9181288172903
2027,517,6.888,45.882,-2.7249182437648547,8.166286586633543,842.265419104741,761.1047491638845
2027,518,6.889,45.892,-2.7018824032047286,8.195765875499069,844.5406321513285,768.8068929287335
2027,524,6.901,45.901,-2.724465274016231,8.172787997185088,840.214848275077,770.1864224498
2027,526,6.906,45.895,-2.7597984296885043,8.13032225009485,835.6569319174768,762.8273356030434
2027,527,6.909,45.897,-2.7661776476792155,8.123694170144086,834.4974875204548,762.951641617159
2027,530,6.912,45.907,-2.7516000612010703,8.143870522050552,835.5731812381964,769.5171890936724
2027,531,6.919,45.906,-2.7816073762022624,8.109255891316007,831.2602517719868,765.1817570801699
2027,534,6.924,45.911,-2.7882157525677593,8.103593114971929,829.7640927941169,766.6554184980035
2027,535,6.928,45.905,-2.8193938400052887,8.06573552063736,825.7938462332006,759.8503192178723
2027,537,6.934,45.883,-2.8992194778787854,7.9659746464450185,816.2778519357403,739.4787690440323
2027,539,6.947,45.933,-2.822940031623713,8.073195893602716,822.4567737022162,772.2600759714929
2027,541,6.951,45.939,-2.8238007811318684,8.074891124807191,821.7521474245059,774.8801591032533
2027,542,6.952,45.951,-2.7976608688126596,8.109822721145624,824.4259627460268,783.7903949417919
2027,543,6.955,45.927,-2.869860865012582,8.017418938709206,816.1596099678899,763.3894562746952
2027,544,6.955,45.946,-2.8222920532195905,8.079790617266113,821.3076256508391,778.2580496620106
2027,547,6.957,45.955,-2.8078571995621293,8.100243017298073,822.5687740565494,784.2500031211936
2027,548,6.96,45.887,-2.989299896993306,7.863935692445948,802.4497439761208,729.8762569408533
2027,549,6.961,45.912,-2.9309873889602813,7.941323617344318,808.615695626501,748.6556608511924
2027,553,6.969,45.888,-3.0215648978137497,7.827281519848917,797.5403323301869,726.2270138646304
2027,557,6.977,45.894,-3.037805085921733,7.81126988272464,794.5303103672567,726.8470142346122
2027,564,6.985,45.951,-2.930904705256466,7.960019174293555,804.9972573238198,766.1152805308393
2027,566,6.986,45.973,-2.8817686867164305,8.026584744272036,810.2278710962787,782.4240088566306
2027,567,6.986,45.973,-2.8817686867164305,8.026584744272036,810.2278710962787,782.4240088566306
2027,569,6.988,45.987,-2.856207471315869,8.062636735226976,812.7374141841431,792.072208955545
2027,571,6.99,45.969,-2.9077886185228903,7.9953808557888975,806.7948597217728,777.1605824322073
2027,572,6.992,45.913,-3.0503768641963904,7.805797492438934,790.862828515367,733.6657170936104
2027,574,6.994,45.896,-3.0989485541099056,7.742120187491601,785.2299655276125,719.9257590101352
2027,575,6.994,45.965,-2.933719120827424,7.964229273085509,803.3675341100252,771.9235209906243
2027,577,7.0,45.895,-3.124630325888393,7.712213417405368,781.4936894157004,716.2057046771331
2027,579,7.003,45.96,-2.984088559813397,7.908626871557338,797.7168008361458,763.8621847445772
2027,582,7.008,45.954,-3.0206568406222667,7.870004006059356,794.8386035059489,757.7239841535286
2028,423,6.776,45.799,-2.462173636165427,8.22319804357452,955.5468667487931,857.5267271842208
2028,424,6.778,45.809,-2.4372306090999634,8.249961822021145,956.8206630082964,866.3702027934579
2028,427,6.783,45.817,-2.430461467509509,8.256823411049133,955.7175057880262,871.8397723217025
2028,429,6.784,45.784,-2.5411848241236923,8.136616197068246,946.8417183702832,839.3562893488635
2028,431,6.785,45.822,-2.421991996047473,8.265851813156411,955.7194265749365,875.7625354901301
2028,437,6.792,45.817,-2.4651513571053867,8.218437307823214,950.1207903011317,867.6202660793065
2028,447,6.799,45.819,-2.485739030605117,8.195558225515267,946.2593548188447,866.2576679152176
2028,448,6.799,45.827,-2.515811301744877,8.077864118542282,982.9112655370311,879.1437004581715
2028,449,6.799,45.837,-2.428198864931749,8.258349207325033,950.691077862723,883.5806663413122
2028,459,6.811,45.849,-2.4371614160646105,8.248388164829073,946.1005662153026,889.2206071583312
2028,460,6.819,45.856,-2.4467230389498145,8.23802566619954,942.7645840410318,891.9124677033849
2028,462,6.823,45.859,-2.4531857410976214,8.231050205284063,940.9673700391713,892.7529721299173
2028,464,6.831,45.863,-2.472526777873384,8.210109169653368,936.8797096507458,892.4941113273525
2028,468,6.844,45.863,-2.524299881390646,8.153665557384539,928.6698248936603,885.9023630420367
2028,484,6.862,45.976,-2.2545884159187177,8.45783150263724,943.4267576818272,981.3781797904912
2028,488,6.865,45.868,-2.59286905741766,8.07937915960319,916.5618022427933,879.8164502106985
2028,489,6.865,45.99,-2.2253001646117343,8.49153774039722,944.6657044869518,992.6370407058013
2028,490,6.865,45.99,-2.2253001646117343,8.49153774039722,944.6657044869518,992.6370407058013
2028,491,6.865,45.99,-2.2253001646117343,8.49153774039722,944.6657044869518,992.6370407058013
2028,497,6.871,45.984,-2.33707600189186,8.305706789468701,972.3202560571739,988.1337677052101
2028,498,6.871,45.984,-2.33707600189186,8.305706789468701,972.3202560571739,988.1337677052101
2028,499,6.871,45.984,-2.33707600189186,8.305706789468701,972.3202560571739,988.1337677052101
2028,500,6.871,45.992,-2.3136111278325653,8.333005899876722,974.1489742050283,995.6015032357318
2028,503,6.875,45.88,-2.5970136700322803,8.0762177511788,912.9984382982419,885.6028306900361
2028,504,6.877,45.985,-2.29223239575824,8.420103337458382,935.6838288358014,980.7070908092923
2028,506,6.88,45.886,-2.599336634649123,8.074486993981935,911.1977853899697,888.4305532460132
2028,509,6.882,45.877,-2.6341194606127094,8.035576616445288,907.8600078332844,879.2320071061367
2028,517,6.888,45.882,-2.643504673646928,8.026085679767895,905.1895905086034,880.6087393073404
2028,518,6.889,45.892,-2.618079961213286,8.055095534523801,906.8323341589036,889.0850461767078
2028,524,6.901,45.901,-2.6406263623566524,8.032278484170618,901.2020618876348,890.7184148648339
2028,526,6.906,45.895,-2.6784602879708905,7.990392674692914,896.6544122122498,882.6881445601147
2028,527,6.909,45.897,-2.6848946646782834,7.983817148762716,895.1851109794059,882.851713065713
2028,530,6.912,45.907,-2.668306778992114,8.003621519926295,895.4998056392163,890.077878439384
2028,531,6.919,45.906,-2.699904877191351,7.969426973736972,890.7875897349271,885.3790610835704
2028,534,6.924,45.911,-2.706173707515133,7.963759336963199,888.6854552408992,887.0289712348515
2028,535,6.928,45.905,-2.739663024702337,7.926432087013939,884.7934270593512,879.5995041996944
2028,537,6.934,45.883,-2.82631529145772,7.828168255857439,876.1069055245655,857.2900499950663
2028,539,6.947,45.933,-2.7395884086700226,7.933372861254464,878.6679990611066,893.2709718973047
2028,541,6.951,45.939,-2.739658369198104,7.934948554791819,877.3729958942404,896.1416506580682
2028,542,6.952,45.951,-2.710605901704657,7.969279600706908,879.3039260311722,905.8589683901608
2028,543,6.955,45.927,-2.7895816405744056,7.878334891382362,872.2030216300625,883.6056207298786
2028,544,6.955,45.946,-2.737099812690371,7.939672516108891,876.2824726179609,899.8328551147641
2028,547,6.957,45.955,-2.7207175493192826,7.959736772805436,876.9087121807572,906.3630738833418
2028,548,6.96,45.887,-2.9203166424790363,7.727293897564691,860.375402305836,846.9290918409058
2028,549,6.961,45.912,-2.855728758278967,7.803369379755275,865.1118839587425,867.5152128251718
2028,553,6.969,45.888,-2.9540379300665323,7.691062377908976,854.834497603525,842.9749338493566
2028,557,6.977,45.894,-2.9702497433091586,7.675144094723554,850.991194015837,843.6925562732171
2028,564,6.985,45.951,-2.8501178418304196,7.821157952232133,857.8391927873071,886.6018367443968
2028,566,6.986,45.973,-2.795476477060569,7.8865548620984525,861.7769042589249,904.3295231037679
2028,567,6.986,45.973,-2.795476477060569,7.8865548620984525,861.7769042589249,904.3295231037679
2028,569,6.988,45.987,-2.7666701823309023,7.921930305804425,863.3742442910975,914.7866429357393
2028,571,6.99,45.969,-2.8232909963269077,7.855774236016475,858.3278425629063,898.5994254166103
2028,572,6.992,45.913,-2.9807590996302626,7.669407120234645,845.355205313489,851.2000166842328
2028,574,6.994,45.896,-3.034113610447297,7.606781119709673,840.5090422848513,836.1666064960067
2028,575,6.994,45.965,-2.851016392638717,7.825046962106823,854.8831478397901,892.8962120094673
2028,577,7.0,45.895,-3.061197209587475,7.57724683562729,836.4489976789293,832.1067739748354
2028,579,7.003,45.96,-2.9043893054935577,7.770179107338704,849.0319258076041,884.1471185742525
2028,582,7.008,45.954,-2.943461392979738,7.732146545279728,846.2898296088836,877.5315806383509
2029,423,6.776,45.799,-3.3880519915023566,8.428168127292544,959.7897668413373,752.012315273543
2029,424,6.778,45.809,-3.36238099704675,8.455029752970367,962.0155663531787,758.8181165227035
2029,427,6.783,45.817,-3.3548457617200773,8.462158089956217,961.5709591672345,762.8135362212279
2029,429,6.784,45.784,-3.4675700419544384,8.342075618352872,949.3417211873659,737.3629179994172
2029,431,6.785,45.822,-3.3459571849934724,8.471287769619488,962.0197341221858,765.7550825896284
2029,437,6.792,45.817,-3.389051193949477,8.424276148758775,955.6959645515858,759.046650703102
2029,447,6.799,45.819,-3.4091368049663133,8.401782953361577,951.8219358756174,757.6091235698502
2029,448,6.799,45.827,-3.438708026870156,8.284063889943143,989.5161577812071,768.1171633006027
2029,449,6.799,45.837,-3.350469278512051,8.464517783169036,958.0799610686306,771.0339697560817
2029,459,6.811,45.849,-3.3580249446788732,8.455164974871384,954.3312462130037,774.690845443383
2029,460,6.819,45.856,-3.366707860006956,8.44520140660682,951.4523480574514,776.2859541689029
2029,462,6.823,45.859,-3.3727617920818265,8.43842489665391,949.8321087659517,776.6905917947984
2029,464,6.831,45.863,-3.391410355854921,8.417887448993618,945.8940399550188,776.007008641156
2029,468,6.844,45.863,-3.442469098979519,8.362130729077005,937.2698882584375,770.167845647781
2029,484,6.862,45.976,-3.164517525523,8.666403086585142,963.0668425628957,840.6356958418274
2029,488,6.865,45.868,-3.5095631018580216,8.28891551488003,925.0037671106832,764.2228201481123
2029,489,6.865,45.99,-3.1341567738593223,8.700136848879154,965.6733679802855,848.6722616531738
2029,490,6.865,45.99,-3.1341567738593223,8.700136848879154,965.6733679802855,848.6722616531738
2029,491,6.865,45.99,-3.1341567738593223,8.700136848879154,965.6733679802855,848.6722616531738
2029,497,6.871,45.984,-3.24597064268186,8.514618828548823,993.1632661183766,845.4452246173239
2029,498,6.871,45.984,-3.24597064268186,8.514618828548823,993.1632661183766,845.4452246173239
2029,499,6.871,45.984,-3.24597064268186,8.514618828548823,993.1632661183766,845.4452246173239
2029,500,6.871,45.992,-3.2219906674514096,8.541853161754165,995.8667689167195,850.9271848597275
2029,503,6.875,45.88,-3.5123831639409087,8.286178544324796,922.3228846616305,767.9988719278743
2029,504,6.877,45.985,-3.200715086437585,8.629273701082067,955.69339323122,838.9276093753522
2029,506,6.88,45.886,-3.514041657676958,8.284653784069196,920.9620063105092,769.8227261209056
2029,509,6.882,45.877,-3.5492953638324716,8.245925620694777,916.6672406670442,762.7080008183751
2029,517,6.888,45.882,-3.5580248109612453,8.236699541984443,914.3049850181314,763.3691619371983
2029,518,6.889,45.892,-3.531896416515748,8.265667505591756,916.9078235719066,769.7277717175745
2029,524,6.901,45.901,-3.553188842692787,8.243368911010526,911.7882983170814,770.1579501778413
2029,526,6.906,45.895,-3.5911348281026747,8.20179725646625,906.489940818529,763.760921978641
2029,527,6.909,45.897,-3.597271381054968,8.195352158934597,905.1233297983403,763.6832771647199
2029,530,6.912,45.907,-3.579862275897436,8.215198675986013,906.3280241702948,768.9238947237161
2029,531,6.919,45.906,-3.6111337632595575,8.181364117412434,901.2951400969387,764.9073523153921
2029,534,6.924,45.911,-3.6167941914081734,8.17588700028891,899.5251512329249,765.800955866885
2029,535,6.928,45.905,-3.6504536906341505,8.138830054723513,894.920698768265,759.941013086666
2029,537,6.934,45.883,-3.738220445561147,8.041139785229504,883.9240615880633,742.7039991637547
2029,539,6.947,45.933,-3.6474607734341067,8.14634574443068,890.9226496950533,768.8195431003502
2029,541,6.951,45.939,-3.6469060641382054,8.148031665282211,890.0831689499248,770.657859691434
2029,542,6.952,45.951,-3.6170004273730845,8.182245931611174,893.1552245004306,777.7882562846538
2029,543,6.955,45.927,-3.6973993586610243,8.091775188984094,883.6186534461172,761.0305120070058
2029,544,6.955,45.946,-3.6436552299248994,8.152848631172992,889.544813324694,773.0954667293566
2029,547,6.957,45.955,-3.6265606441597456,8.172880703999564,890.9847334464222,777.7746302954349
2029,548,6.96,45.887,-3.8305141545600625,7.941546262305061,867.8155717053259,733.1586742197176
2029,549,6.961,45.912,-3.7642061525313304,8.017314944579674,874.8986818869613,748.5738509958919
2029,553,6.969,45.888,-3.8636688370498655,7.905760478514967,862.1109510151026,729.5757681817928
2029,557,6.977,45.894,-3.8790343231959863,7.8901585200090425,858.6020072697589,729.579332671588
2029,564,6.985,45.951,-3.7546281459440243,8.035667169969543,870.6078680407355,761.0018428242438
2029,566,6.986,45.973,-3.6984514341566985,8.100757789529801,876.6303017732155,773.9723126431397
2029,567,6.986,45.973,-3.6984514341566985,8.100757789529801,876.6303017732155,773.9723126431397
2029,569,6.988,45.987,-3.6685884835292244,8.135997099282394,879.5168413179017,781.4584931858991
2029,571,6.99,45.969,-3.726304579056843,8.070223392339479,872.6613266857164,769.4431860239761
2029,572,6.992,45.913,-3.887428622471476,7.884869183434743,854.3106889358046,734.170975158497
2029,574,6.994,45.896,-3.941816393558673,7.822624154530546,847.8239831462637,722.7624651832813
2029,575,6.994,45.965,-3.754069381665559,8.039744559585744,868.7003152382612,764.9317623988366
2029,577,7.0,45.895,-3.9686329922438865,7.793410224643133,843.5036595958196,719.3015991717721
2029,579,7.003,45.96,-3.8072633814614587,7.985374895047739,862.0961452681859,757.866398401403
2029,582,7.008,45.954,-3.846455262186809,7.947678403165265,858.651854471621,752.7496565076837
2030,423,6.776,45.799,-3.7059073330763166,7.971756600614912,1020.5278832301384,661.1838414758412
2030,424,6.778,45.809,-3.6822269418255313,7.99851727432638,1023.0871233551452,667.6428344623884
2030,427,6.783,45.817,-3.6758790957978693,8.005179064247493,1022.617484390944,671.4804223987422
2030,429,6.784,45.784,-3.781096070358447,7.884590449790742,1008.6425397798796,647.410310937523
2030,431,6.785,45.822,-3.6678705087851204,8.014142107749908,1023.1476222265105,674.29503352013
2030,437,6.792,45.817,-3.709005659825003,7.966280538100033,1015.9715525798185,667.998987753081
2030,447,6.799,45.819,-3.728702456711611,7.9430186802704625,1011.6019051775257,666.7104085574279
2030,448,6.799,45.827,-3.7600749009460577,7.8253876758557865,1051.8998720721743,676.3833442091811
2030,449,6.799,45.837,-3.674087680501226,8.005951642836365,1018.7675115061974,679.4886500779324
2030,459,6.811,45.849,-3.6829397447890324,7.995352245934155,1014.6025667648486,683.1514240196159
2030,460,6.819,45.856,-3.6922738242466,7.984538141767571,1011.3981206007038,684.8048693053827
2030,462,6.823,45.859,-3.698543344456268,7.977329045292289,1009.5906808888692,685.2595554096961
2030,464,6.831,45.863,-3.7171734675738444,7.955903925867372,1005.1793632406175,684.7431009842595
2030,468,6.844,45.863,-3.766725322667771,7.898642628787457,995.4671803699971,679.3718082945671
2030,484,6.862,45.976,-3.5127423734003234,8.20164488715574,1025.4718262265883,748.41770755303
2030,488,6.865,45.868,-3.832539292884179,7.823032016945872,981.7129296849058,674.0609592317339
2030,489,6.865,45.99,-3.485294739231052,8.235109135991795,1028.5431947694622,756.4670250283883
2030,490,6.865,45.99,-3.485294739231052,8.235109135991795,1028.5431947694622,756.4670250283883
2030,491,6.865,45.99,-3.485294739231052,8.235109135991795,1028.5431947694622,756.4670250283883
2030,497,6.871,45.984,-3.595090611645353,8.048810687459707,1057.3902008178252,753.105813681899
2030,498,6.871,45.984,-3.595090611645353,8.048810687459707,1057.3902008178252,753.105813681899
2030,499,6.871,45.984,-3.595090611645353,8.048810687459707,1057.3902008178252,753.105813681899
2030,500,6.871,45.992,-3.5729614420876477,8.076098233903572,1060.5155518306476,758.5293709841916
2030,503,6.875,45.88,-3.8369848548919263,7.819211570579851,978.8056980604061,677.9142263652777
2030,504,6.877,45.985,-3.54943393149075,8.162733508258476,1017.2878335571469,747.2838934007975
2030,506,6.88,45.886,-3.8394638459876784,7.817139627768056,977.3326093981599,679.7909956498842
2030,509,6.882,45.877,-3.872399004477378,7.7781233323849595,972.4316247089155,672.9612007735635
2030,517,6.888,45.882,-3.8816042662586083,7.768225867875148,969.8281857996659,673.7363468851494
2030,518,6.889,45.892,-3.85769059479619,7.797132572597732,972.8415256287823,679.9148894341816
2030,524,6.901,45.901,-3.8797274025824997,7.773467615849006,967.1930317118257,680.6391181957085
2030,526,6.906,45.895,-3.915703989774488,7.7312785777739075,961.1986655742156,674.5581042538598
2030,527,6.909,45.897,-3.9219703068901843,7.7244891681045775,959.6892482005504,674.5612277227947
2030,530,6.912,45.907,-3.9065710395138167,7.7440240175758825,961.1420228759266,679.7385916319176
2030,531,6.919,45.906,-3.9368221562892938,7.709356921422133,955.500901274286,676.0245596239403
2030,534,6.924,45.911,-3.9431010851157033,7.7033053409105845,953.5762464185856,677.0388910067101
2030,535,6.928,45.905,-3.9748959099028207,7.665754613014872,948.3633429191405,671.4434011089818
2030,537,6.934,45.883,-4.056779845241486,7.567292189486271,935.8349865130862,654.8555990150716
2030,539,6.947,45.933,-3.976430314234957,7.671080540016215,944.2224221846923,680.7162562039218
2030,541,6.951,45.939,-3.976865473803346,7.672297446925694,943.3588819428926,682.6598208901531
2030,542,6.952,45.951,-3.949710345219869,7.706412396473411,946.9338855889866,689.7164982398195
2030,543,6.955,45.927,-4.0240583000988375,7.615540793219042,936.0024155533811,673.3432703923734
2030,544,6.955,45.946,-3.974847222012719,7.676644065041325,942.8451554204288,685.2014569960954
2030,547,6.957,45.955,-3.9596838809613955,7.696447662998403,944.5639124030562,689.8903420224485
2030,548,6.96,45.887,-4.147060589014946,7.464663124253101,917.9045935192851,646.2853632464683
2030,549,6.961,45.912,-4.086616191152569,7.540344793015495,926.0984280622393,661.340929117815
2030,553,6.969,45.888,-4.179430421846849,7.427823365992161,911.5598078940064,643.0542300533615
2030,557,6.977,45.894,-4.195328661248203,7.411284849019547,907.7256575690245,643.2899358288464
2030,564,6.985,45.951,-4.0837628691655725,7.555838642837747,921.8195793526062,674.3987856155023
2030,566,6.986,45.973,-4.032785321691107,7.620801483256005,928.8172581301513,687.2931049849076
2030,567,6.986,45.973,-4.032785321691107,7.620801483256005,928.8172581301513,687.2931049849076
2030,569,6.988,45.987,-4.006089392774465,7.6557900409746615,932.2219002000979,694.8335431819087
2030,571,6.99,45.969,-4.059246306940399,7.589779710487275,924.3482309274528,682.9642234602458
2030,572,6.992,45.913,-4.206617838214622,7.404218632037107,903.1931536402722,648.2491870584178
2030,574,6.994,45.896,-4.25666942867665,7.3417494993669425,895.761698577914,637.1568409029649
2030,575,6.994,45.965,-4.0856161952681065,7.558815438031026,919.8892622551035,678.6543003933771
2030,577,7.0,45.895,-4.282565129540604,7.311830323363165,890.9474728852138,633.9648177247914
2030,579,7.003,45.96,-4.136632420548817,7.5033552768761,912.4243651441426,671.9565491708051
2030,582,7.008,45.954,-4.173827615001638,7.465060578732955,908.42108556533,666.9795178398365
2031,423,6.776,45.799,-3.1983646348384176,7.943765626794731,829.3528670761899,765.6153441047942
2031,424,6.778,45.809,-3.17600971549459,7.9699734692773365,829.5732220614964,773.7783712571625
2031,427,6.783,45.817,-3.171027367877113,7.976032060856598,828.0377382376053,778.8184622861949
2031,429,6.784,45.784,-3.2726266437648164,7.856834191017746,823.5519706512586,748.8141039545935
2031,431,6.785,45.822,-3.1637625756862504,7.984679984391509,827.6310953517851,782.4408631375402
2031,437,6.792,45.817,-3.2049764695743694,7.936692761632326,823.5337972488637,774.8886961580885
2031,447,6.799,45.819,-3.2255319618708422,7.913006638029872,820.2595708600679,773.6086241494694
2031,448,6.799,45.827,-3.2577801816598315,7.795049864540438,851.2232384983208,785.3649058209679
2031,449,6.799,45.837,-3.172887680658197,7.975206620177576,822.3423438199212,789.6416150262035
2031,459,6.811,45.849,-3.1840752509237773,7.9636052844229805,817.6317629508136,794.8451591682793
2031,460,6.819,45.856,-3.1948295645193827,7.952191071602142,814.343090423575,797.3305893336294
2031,462,6.823,45.859,-3.201748616275347,7.944708094819652,812.6342742720497,798.1061627598467
2031,464,6.831,45.863,-3.2214572987166914,7.9228182073031315,808.9848406445383,797.8598909336899
2031,468,6.844,45.863,-3.2720806627367542,7.86503611949315,802.3365783146477,791.7375489526395
2031,484,6.862,45.976,-3.0305635725655544,8.164095327167125,804.1484129070517,880.7866579379333
2031,488,6.865,45.868,-3.340108546652754,7.788444572627226,792.080957124454,786.0916477470874
2031,489,6.865,45.99,-3.0046495508274336,8.197114044008046,803.8410055844607,891.3548266123901
2031,490,6.865,45.99,-3.0046495508274336,8.197114044008046,803.8410055844607,891.3548266123901
2031,491,6.865,45.99,-3.0046495508274336,8.197114044008046,803.8410055844607,891.3548266123901
2031,497,6.871,45.984,-3.1142187891006103,8.01088350531024,828.1683268638684,886.9749660110227
2031,498,6.871,45.984,-3.1142187891006103,8.01088350531024,828.1683268638684,886.9749660110227
2031,499,6.871,45.984,-3.1142187891006103,8.01088350531024,828.1683268638684,886.9749660110227
2031,500,6.871,45.992,-3.0928530837260713,8.0379569009726,828.8723249780891,893.9772544769747
2031,503,6.875,45.88,-3.346504434038809,7.783921282447503,788.1347689570333,791.4728867156994
2031,504,6.877,45.985,-3.0690093555157048,8.124681040556716,797.013351025412,880.2328588644774
2031,506,6.88,45.886,-3.349941039171912,7.781515358087195,786.1410183548452,794.1071894518327
2031,509,6.882,45.877,-3.3821924821887235,7.7426495902492345,784.2202737642862,785.5631818480184
2031,517,6.888,45.882,-3.3923364991973584,7.732410665665955,781.6062941599835,786.8504268452646
2031,518,6.889,45.892,-3.369420779708504,7.761048183656399,782.0564373339762,794.7311705362885
2031,524,6.901,45.901,-3.3931850691212837,7.73678133450106,776.6664195809102,796.278033154323
2031,526,6.906,45.895,-3.429005076694038,7.694548729749935,773.4969524027904,788.8201179548938
2031,527,6.909,45.897,-3.43567599372276,7.687618930371642,772.1197669776566,788.9800735504936
2031,530,6.912,45.907,-3.421378495535863,7.7068651251506575,771.4774039269312,795.7135912840481
2031,531,6.919,45.906,-3.45206044952816,7.671994755324249,767.7224608612589,791.3618588721108
2031,534,6.924,45.911,-3.4591350694772736,7.665702041691765,765.5541842346297,792.9154478556851
2031,535,6.928,45.905,-3.490716238934197,7.6281226163167055,762.9179086798373,786.0127350171512
2031,537,6.934,45.883,-3.571216303362853,7.529788993969878,757.7933128637517,765.286123952305
2031,539,6.947,45.933,-3.495918293246989,7.632504865327931,755.3585392789553,798.8352630496819
2031,541,6.951,45.939,-3.4971075573919306,7.633548189986748,753.74635122905,801.535732442341
2031,542,6.952,45.951,-3.470975704546057,7.667504935820508,754.2151353388682,810.6166528450128
2031,543,6.955,45.927,-3.543622151920771,7.576816096792259,750.6188695204241,789.8619317654117
2031,544,6.955,45.946,-3.4959131051781576,7.637720036196219,752.2066426706663,805.0053931888801
2031,547,6.957,45.955,-3.4815902229413993,7.657384747727005,751.8831453504907,811.1192981412884
2031,548,6.96,45.887,-3.6638509902028504,7.426181024706891,744.5589197553269,755.7435935247275
2031,549,6.961,45.912,-3.6054314457414787,7.501594071172229,746.1814934694115,774.8978676596377
2031,553,6.969,45.888,-3.696996844633369,7.389014797642179,739.9265059900885,752.1033185779927
2031,557,6.977,45.894,-3.71396406480397,7.3721571825310415,736.2332315785604,752.8037765795132
2031,564,6.985,45.951,-3.6071819761914217,7.5161719171756936,736.6304287534535,792.8424530848034
2031,566,6.986,45.973,-3.557875908202475,7.581013102765081,737.8023161839293,809.4292084986315
2031,567,6.986,45.973,-3.557875908202475,7.581013102765081,737.8023161839293,809.4292084986315
2031,569,6.988,45.987,-3.532318606966749,7.615906821474015,737.7906773701311,819.2412028133808
2031,571,6.99,45.969,-3.5842918758750804,7.549931185942206,735.3494743631618,804.0987470138582
2031,572,6.992,45.913,-3.727763887063987,7.364517057844189,729.8820400156392,759.8645923823497
2031,574,6.994,45.896,-3.7767461788382617,7.3020370544512865,727.4433967716693,745.8854613995557
2031,575,6.994,45.965,-3.6106229861467467,7.5189005684154875,732.8982922595563,798.7950510124876
2031,577,7.0,45.895,-3.803027535294232,7.27191765328427,724.1957168087594,742.1405009171764
2031,579,7.003,45.96,-3.6618535540497996,7.463263699764367,728.6017554715769,790.6558547599244
2031,582,7.008,45.954,-3.698953979134677,7.42486400612754,726.9753096033454,784.4611893620909
2032,423,6.776,45.799,-3.5466683650388173,8.312002914256537,794.7931091986342,828.2204141136284
2032,424,6.778,45.809,-3.522232317450709,8.338433481080198,796.5637269317351,836.8858858077317
2032,427,6.783,45.817,-3.516710958342701,8.344860495154803,796.2327587798635,842.1532666467702
2032,429,6.784,45.784,-3.627664924341931,8.225379602207475,786.5511081259524,810.114008320407
2032,431,6.785,45.822,-3.5087402196606154,8.353672613454604,796.5963464227348,845.9731775614754
2032,437,6.792,45.817,-3.5536344138518743,8.3060301240234,791.6177365326384,837.7682214047246
2032,447,6.799,45.819,-3.5759587107779387,8.282758310608866,788.5770485852482,836.2538376962849
2032,448,6.799,45.827,-3.6060286038926455,8.1648754460267,819.7017251319432,848.8590115494721
2032,449,6.799,45.837,-3.518413194548179,8.345124587797919,793.5338344289182,853.3516095530961
2032,459,6.811,45.849,-3.530329030972087,8.334285770174837,790.6115681384183,858.6468131374321
2032,460,6.819,45.856,-3.541852065841389,8.323360851029333,788.3609747174014,861.1306152878769
2032,462,6.823,45.859,-3.5492939635800305,8.316115798963786,787.0919068953381,861.8753237777814
2032,464,6.831,45.863,-3.570593543636279,8.294682722903861,783.99971515842,861.450467525858
2032,468,6.844,45.863,-3.6255598390742225,8.237593837356787,777.2065806369828,854.6642872924746
2032,484,6.862,45.976,-3.3598424393616657,8.538157829088934,797.706902388828,949.1340108399799
2032,488,6.865,45.868,-3.699267512632475,8.162145140874147,767.5407006191023,848.2356825240463
2032,489,6.865,45.99,-3.3312170718838567,8.571377327798913,799.7796754446398,960.3157407207889
2032,490,6.865,45.99,-3.3312170718838567,8.571377327798913,799.7796754446398,960.3157407207889
2032,491,6.865,45.99,-3.3312170718838567,8.571377327798913,799.7796754446398,960.3157407207889
2032,497,6.871,45.984,-3.4444502242634307,8.385388165972007,822.7984109721601,955.610652076328
2032,498,6.871,45.984,-3.4444502242634307,8.385388165972007,822.7984109721601,955.610652076328
2032,499,6.871,45.984,-3.4444502242634307,8.385388165972007,822.7984109721601,955.610652076328
2032,500,6.871,45.992,-3.4209511188453776,8.412495096511831,824.9372906716425,963.0564465338788
2032,503,6.875,45.88,-3.70581166019561,8.158198516327955,765.4419947646821,853.784842723546
2032,504,6.877,45.985,-3.40103563981821,8.499458523921255,791.9129387832925,948.2745784140272
2032,506,6.88,45.886,-3.7093294152033263,8.156074616342227,764.3756900987297,856.5005774713965
2032,509,6.882,45.877,-3.7446449426901163,8.117281483240626,760.9703752577565,847.3518526200916
2032,517,6.888,45.882,-3.7554731961549974,8.107371611609214,759.1102747136799,848.6141267760455
2032,518,6.889,45.892,-3.7302403197862795,8.136090422780907,761.1806214223343,857.0003593735995
2032,524,6.901,45.901,-3.755661596451376,8.112457861405096,757.1444146434461,858.4336916895601
2032,526,6.906,45.895,-3.7947504523419466,8.070468123626902,752.945820609474,850.390788974439
2032,527,6.909,45.897,-3.8019036498935055,8.063694621587052,751.8666195840837,850.5085147351147
2032,530,6.912,45.907,-3.7859815513777075,8.083106816689341,752.8312832817363,857.6381569474241
2032,531,6.919,45.906,-3.819288961290125,8.048587293371744,748.8457374357347,852.8753749710348
2032,534,6.924,45.911,-3.826738003308666,8.042548510267775,747.448983368075,854.4472305679907
2032,535,6.928,45.905,-3.8612438097448853,8.005167740808872,743.7949468187211,847.0151422015679
2032,537,6.934,45.883,-3.949526704874029,7.907141323426207,735.0555773098168,824.7922182079081
2032,539,6.947,45.933,-3.8655545462529766,8.010475409196019,740.6498438506926,860.382965776503
2032,541,6.951,45.939,-3.866539325148791,8.01170390672755,739.9885721912918,863.2004131143739
2032,542,6.952,45.951,-3.8376231853939364,8.045690819824207,742.4345940623725,872.8720787724391
2032,543,6.955,45.927,-3.917535396006503,7.955184150257297,734.8496677731945,850.680433038951
2032,544,6.955,45.946,-3.8648840083666407,8.016055865287592,739.5666163679213,866.8392857829957
2032,547,6.957,45.955,-3.8489025121414997,8.035799061883832,740.7155552141428,873.3306323099685
2032,548,6.96,45.887,-4.049848880445665,7.804875123957401,722.2695637272931,814.1729417561793
2032,549,6.961,45.912,-3.98527389909027,7.880286896860556,727.9147411035541,834.6119715319721
2032,553,6.969,45.888,-4.085759195952097,7.76817098855755,717.7352592021304,810.1407755990028
2032,557,6.977,45.894,-4.103864145283046,7.75170651219418,714.9477202183075,810.7639153697174
2032,564,6.985,45.951,-3.985080326504553,7.8959139160618115,724.5267436011159,853.4060374040097
2032,566,6.986,45.973,-3.9304456778201393,7.96071714024217,729.3253204950963,871.0977566037947
2032,567,6.986,45.973,-3.9304456778201393,7.96071714024217,729.3253204950963,871.0977566037947
2032,569,6.988,45.987,-3.9019679893865904,7.995645957204921,731.6260673981232,881.5412949250264
2032,571,6.99,45.969,-3.9592618241901834,7.929834272361393,726.1677297718647,865.351337578484
2032,572,6.992,45.913,-4.117823802582252,7.744752142338028,711.541436203002,818.080580082797
2032,574,6.994,45.896,-4.171852419476906,7.682447080591901,706.3681003089837,803.1121358801556
2032,575,6.994,45.965,-3.9879906172353827,7.899004946778449,723.0153832058764,859.6327654121183
2032,577,7.0,45.895,-4.200410262659478,7.652638590598801,702.9252520851945,799.0200197791263
2032,579,7.003,45.96,-4.043581328380081,7.843808943887016,717.7968485648789,850.8209303593806
2032,582,7.008,45.954,-4.083925876536328,7.805674336958243,715.116987636881,844.1437110573881
2033,423,6.776,45.799,-5.042285605114875,7.571093097666692,947.2596983020779,728.9927335949659
2033,424,6.778,45.809,-5.017270991682886,7.596949883635613,949.2274760187172,737.0945056061671
2033,427,6.783,45.817,-5.010931955506168,7.6029934526764595,948.6510188844916,742.0931688190254
2033,429,6.784,45.784,-5.122979238272064,7.485543312443432,937.4351838754584,712.3003825304306
2033,431,6.785,45.822,-5.002570238898108,7.611544609210828,948.9923585239437,745.6925616484305
2033,437,6.792,45.817,-5.046911607245754,7.5643568119539,942.9743611075439,738.1680869823247
2033,447,6.799,45.819,-5.068431012887912,7.5411163987046805,939.1933850119757,736.8837493426582
2033,448,6.799,45.827,-5.098217619261283,7.422756417956329,976.175659854146,748.3865981703105
2033,449,6.799,45.837,-5.0102481014901485,7.6024091645198295,944.9071796332888,752.8456813236122
2033,459,6.811,45.849,-5.020503585404136,7.591144881282066,941.0596313350287,758.0324092003309
2033,460,6.819,45.856,-5.030963508526006,7.580007588641283,938.1451193020888,760.5183209522526
2033,462,6.823,45.859,-5.037893351330101,7.572688661887152,936.5222075697028,761.2972608060896
2033,464,6.831,45.863,-5.058240122007315,7.551227780104528,932.6392148255483,761.0632440027933
2033,468,6.844,45.863,-5.111878935989001,7.494468407190122,924.2992576820571,754.9712158505623
2033,484,6.862,45.976,-4.8407481361882905,7.78934080380693,947.0339052935635,844.5686458250433
2033,488,6.865,45.868,-5.183284912908355,7.4192812180262155,912.337028052603,749.3836649480137
2033,489,6.865,45.99,-4.811396266339103,7.821906316376323,949.2711136598351,855.289310484413
2033,490,6.865,45.99,-4.811396266339103,7.821906316376323,949.2711136598351,855.289310484413
2033,491,6.865,45.99,-4.811396266339103,7.821906316376323,949.2711136598351,855.289310484413
2033,497,6.871,45.984,-4.9242489507217435,7.636454489712832,976.5269761549849,850.6951983882185
2033,498,6.871,45.984,-4.9242489507217435,7.636454489712832,976.5269761549849,850.6951983882185
2033,499,6.871,45.984,-4.9242489507217435,7.636454489712832,976.5269761549849,850.6951983882185
2033,500,6.871,45.992,-4.900501032504656,7.663132156220691,978.9717405942042,857.7824587048773
2033,503,6.875,45.88,-5.188440567049419,7.414952310196904,909.5137052228647,754.804121592941
2033,504,6.877,45.985,-4.880234391562578,7.750684084498798,939.7297531851472,844.1599745863839
2033,506,6.88,45.886,-5.19126946189955,7.412644745465609,908.0816846760861,757.4643374569617
2033,509,6.882,45.877,-5.2266575037874174,7.37438082559018,904.0965443606625,748.9175612863875
2033,517,6.888,45.882,-5.236727680254279,7.364368786641433,901.7140354005835,750.2331131110077
2033,518,6.889,45.892,-5.211093584196801,7.392592897146496,904.0421694592409,758.1344973571236
2033,524,6.901,45.901,-5.235046566632122,7.36883292059415,898.9124413406563,759.7554037111559
2033,526,6.906,45.895,-5.27381026531923,7.327290204935424,893.8972128483307,752.3041566778489
2033,527,6.909,45.897,-5.280605212098717,7.320499717443306,892.5351860979403,752.4831857675792
2033,530,6.912,45.907,-5.264096399213865,7.339493909112837,893.509164669056,759.2617233630552
2033,531,6.919,45.906,-5.296735674173412,7.305227073600037,888.6538108887406,754.9412915018559
2033,534,6.924,45.911,-5.303547366686893,7.299086612882543,886.8426695695252,756.5390750325894
2033,535,6.928,45.905,-5.33782234930058,7.262116718456685,882.4975722537748,749.6355959343219
2033,537,6.934,45.883,-5.426108925304232,7.165328651026209,872.26185008201,728.8860649473186
2033,539,6.947,45.933,-5.3394971986454,7.266646640313823,878.0813943383491,762.6967186204128
2033,541,6.951,45.939,-5.33993239856085,7.267717716556388,877.1511192472208,765.4586353027913
2033,542,6.952,45.951,-5.310603649071982,7.301173145030457,879.8933399379825,774.6289967771426
2033,543,6.955,45.927,-5.390851097966105,7.211884758694639,871.1192372794364,753.7388083757409
2033,544,6.955,45.946,-5.337704301476882,7.271869561937558,876.4928989026358,769.0004926001614
2033,547,6.957,45.955,-5.321294922495016,7.291258622773614,877.712091093794,775.1939907055045
2033,548,6.96,45.887,-5.523704160684351,7.063579619927537,856.5643302363395,719.5014471801102
2033,549,6.961,45.912,-5.458385625625,7.137864206094579,862.9550176471984,738.7406975337976
2033,553,6.969,45.888,-5.558683142053902,7.027076036713257,851.0107079812824,715.9202692446501
2033,557,6.977,45.894,-5.57583460521695,7.010561841386537,847.4913044609486,716.6887029347009
2033,564,6.985,45.951,-5.45486483568853,7.152473950922495,858.0387660408651,757.0787543942282
2033,566,6.986,45.973,-5.399600526704233,7.216339540736652,863.4477936396363,773.8599340968179
2033,567,6.986,45.973,-5.399600526704233,7.216339540736652,863.4477936396363,773.8599340968179
2033,569,6.988,45.987,-5.370594390360096,7.25072219625814,865.9704206618986,783.8273630828181
2033,571,6.99,45.969,-5.428130469019743,7.1857697026158265,859.6784421314524,768.5221658749464
2033,572,6.992,45.913,-5.587837049788278,7.003197800121235,842.9630595267573,723.9238280330081
2033,574,6.994,45.896,-5.642071003431449,6.941690213139989,836.9915775711996,709.8951784573146
2033,575,6.994,45.965,-5.456571142791314,7.1552507483409595,855.9159618518211,763.2129105660816
2033,577,7.0,45.895,-5.670051394155838,6.912093196191347,832.8158398158406,706.1911563143227
2033,579,7.003,45.96,-5.51141377776519,7.100572593368225,849.6251225228507,755.0717568423968
2033,582,7.008,45.954,-5.551414196079611,7.062858673269788,846.428285492795,748.8174786143675
2034,423,6.776,45.799,-2.9946687453432763,7.9824827807767615,1020.7538742276132,877.8697428638425
2034,424,6.778,45.809,-2.9709615721173495,8.007784406615828,1021.9270308348948,887.3426611073991
2034,427,6.783,45.817,-2.964933265283318,8.013761535884093,1020.5413310666213,893.1774382010211
2034,429,6.784,45.784,-3.071050749599619,7.8989599239172525,1011.5528542771251,858.3275397870073
2034,431,6.785,45.822,-2.9570057331816186,8.022149438316351,1020.43218388991,897.3785959515895
2034,437,6.792,45.817,-2.998972377660297,7.976119109457917,1014.4146781057714,888.5750357550818
2034,447,6.799,45.819,-3.019326570097092,7.95350033578401,1010.144556512925,887.0602330155549
2034,448,6.799,45.827,-3.050489557221678,7.83453380219264,1049.1419464488451,900.6507829880301
2034,449,6.799,45.837,-2.9642405153895437,8.01342835770237,1014.594581614256,905.6940604895991
2034,459,6.811,45.849,-2.9739447822931013,8.002607814445543,1009.3054122606308,911.7016708301556
2034,460,6.819,45.856,-2.983854824801494,7.991852357735196,1005.5014603618341,914.5657026176564
2034,462,6.823,45.859,-2.990421484570622,7.984764442107031,1003.4697764189889,915.455104117435
2034,464,6.831,45.863,-3.009697202275088,7.963917803082674,998.9126929464878,915.1442427624846
2034,468,6.844,45.863,-3.060488784258353,7.908638044073295,989.9417628367436,907.9851226475303
2034,484,6.862,45.976,-2.8043304889468974,8.197509748159426,1003.5291306221814,1011.7093091587475
2034,488,6.865,45.868,-3.1281312161364205,7.835485924610445,976.6100306731773,901.3628078441108
2034,489,6.865,45.99,-2.7766368148672886,8.229447172517036,1004.5633981047174,1024.0446814645575
2034,490,6.865,45.99,-2.7766368148672886,8.229447172517036,1004.5633981047174,1024.0446814645575
2034,491,6.865,45.99,-2.7766368148672886,8.229447172517036,1004.5633981047174,1024.0446814645575
2034,497,6.871,45.984,-2.8871186983662476,8.045157178900247,1033.9604914259248,1018.8468783963392
2034,498,6.871,45.984,-2.8871186983662476,8.045157178900247,1033.9604914259248,1018.8468783963392
2034,499,6.871,45.984,-2.8871186983662476,8.045157178900247,1033.9604914259248,1018.8468783963392
2034,500,6.871,45.992,-2.864704557419758,8.07127021784049,1035.7694904213797,1027.0225951950467
2034,503,6.875,45.88,-3.1330901092142063,7.831455373091822,972.4590462994729,907.6006944816666
2034,504,6.877,45.985,-2.841902612366465,8.160052374003204,994.8773798965328,1011.0517571413104
2034,506,6.88,45.886,-3.135813966738864,7.829303537340176,970.363533410076,910.6559909973735
2034,509,6.882,45.877,-3.1692673936171905,7.791898598679126,966.9183362916818,900.7095986209356
2034,517,6.888,45.882,-3.178844573822429,7.782228867218268,963.8970383087961,902.195364823158
2034,518,6.889,45.892,-3.1546439625963703,7.809875494318444,965.4712712477407,911.3652951049547
2034,524,6.901,45.901,-3.1774235203243406,7.786891091530071,959.1372199878421,913.1465117480819
2034,526,6.906,45.895,-3.214093276115835,7.746339473079483,954.3104581183295,904.4569560285735
2034,527,6.909,45.897,-3.2205518918022036,7.739761797411228,952.6661159829367,904.6387907930122
2034,530,6.912,45.907,-3.2050153772070007,7.7584289208954305,952.7931959407631,912.4744148265216
2034,531,6.919,45.906,-3.2359355743477187,7.725048303611725,947.6812942587604,907.3989369642782
2034,534,6.924,45.911,-3.2424502855246766,7.719158970665144,945.2843061177394,909.2026872846182
2034,535,6.928,45.905,-3.2748599584576907,7.683056894691447,941.1747018579905,901.1610208842687
2034,537,6.934,45.883,-3.3582484154933376,7.588421911411344,932.1850632419643,877.0307372550757
2034,539,6.947,45.933,-3.2768252694107756,7.6879861072685625,933.9093074502769,916.0836508973488
2034,541,6.951,45.939,-3.2773285179692695,7.689144296724089,932.3725232468345,919.229766125094
2034,542,6.952,45.951,-3.2497039018742258,7.721942881010431,934.216509635818,929.8151389156425
2034,543,6.955,45.927,-3.325422551005184,7.63456230402738,927.0042936819782,905.6262803629802
2034,544,6.955,45.946,-3.275325428389533,7.693322284747898,931.0371478371095,923.2737181109015
2034,547,6.957,45.955,-3.25990898663157,7.712372192199143,931.5261702200469,930.401949149285
2034,548,6.96,45.887,-3.450751282718556,7.48941355569525,914.981850795218,865.9008579275763
2034,549,6.961,45.912,-3.389213588792748,7.562213014661347,919.6089678566414,888.1952856359088
2034,553,6.969,45.888,-3.483902600818575,7.45388659722116,908.9353589158794,861.6584980793157
2034,557,6.977,45.894,-3.500240419947929,7.437920312731511,904.6326405615426,862.4688988895368
2034,564,6.985,45.951,-3.3865227070236865,7.577211003155716,910.8854012314775,909.1042565806376
2034,566,6.986,45.973,-3.3345136289511275,7.639828239812954,914.7000527559433,928.4484314600821
2034,567,6.986,45.973,-3.3345136289511275,7.639828239812954,914.7000527559433,928.4484314600821
2034,569,6.988,45.987,-3.307266141327796,7.673585668127579,916.1393834815399,939.8999329829362
2034,571,6.99,45.969,-3.3615032739646953,7.6099933609631565,911.038526590829,922.2343277207615
2034,572,6.992,45.913,-3.5119208803111053,7.4311237108991275,898.1155014491087,870.68467357951
2034,574,6.994,45.896,-3.5630297846348595,7.37089867161693,893.2015244967373,854.4121141112868
2034,575,6.994,45.965,-3.388406017294448,7.580207036777294,907.3819285473422,916.0522541001467
2034,577,7.0,45.895,-3.5895242425822746,7.34206015413826,888.8122840012198,850.0530874361552
2034,579,7.003,45.96,-3.440424798050866,7.526924901152022,901.1082932993226,906.5571150741994
2034,582,7.008,45.954,-3.478354720176863,7.490179004802907,898.2144248031045,899.3178737032938
2035,423,6.776,45.799,-4.227609090336287,7.615291175412851,772.1750135812683,788.3232084410258
2035,424,6.778,45.809,-4.202762080617289,7.6409749500067985,774.3123836886926,796.8481880894377
2035,427,6.783,45.817,-4.196591198219386,7.64692397292376,774.2291916649452,802.0406144552753
2035,429,6.784,45.784,-4.308156862040148,7.530159855013969,763.2408186861788,770.542786744414
2035,431,6.785,45.822,-4.18832385159666,7.655399534234423,774.7637717277726,805.8055985111379
2035,437,6.792,45.817,-4.2326601003990945,7.608406847705785,769.4913832125892,797.7419915823037
2035,447,6.799,45.819,-4.2542790818147385,7.585217277703679,766.4361722053453,796.2662676312538
2035,448,6.799,45.827,-4.284186323246252,7.466688843929392,797.0786747346183,808.5172310672257
2035,449,6.799,45.837,-4.196367599297764,7.646131024210493,772.1066371252749,813.1094038363193
2035,459,6.811,45.849,-4.206927756059134,7.634756251098251,769.5014871275151,818.3683807062151
2035,460,6.819,45.856,-4.217577435744632,7.623560097336426,767.4241517122094,820.8478900277329
2035,462,6.823,45.859,-4.224594985863873,7.616220927371715,766.222238467691,821.5983087752238
2035,464,6.831,45.863,-4.245087110733418,7.594761314833986,763.1855117105598,821.211056215621
2035,468,6.844,45.863,-4.298862191925564,7.538147845539906,756.2277701751029,814.5653924667347
2035,484,6.862,45.976,-4.0297115383172715,7.830524652759042,781.1086015470913,908.3727969811803
2035,488,6.865,45.868,-4.370567745680936,7.4630763130921896,746.5063125589267,808.3146177591767
2035,489,6.865,45.99,-4.000617749399984,7.862772588006621,783.7298508435003,919.544219577543
2035,490,6.865,45.99,-4.000617749399984,7.862772588006621,783.7298508435003,919.544219577543
2035,491,6.865,45.99,-4.000617749399984,7.862772588006621,783.7298508435003,919.544219577543
2035,497,6.871,45.984,-4.113446906017081,7.677499690638842,805.8328938372412,914.729963793814
2035,498,6.871,45.984,-4.113446906017081,7.677499690638842,805.8328938372412,914.729963793814
2035,499,6.871,45.984,-4.113446906017081,7.677499690638842,805.8328938372412,914.729963793814
2035,500,6.871,45.992,-4.089826702368211,7.703983157608224,808.3223529798408,922.1526491660918
2035,503,6.875,45.88,-4.3760209971055115,7.458563959026188,744.7630998972268,813.8502227373112
2035,504,6.877,45.985,-4.0695202006150755,7.791739631088583,775.4789768438371,907.6557751922496
2035,506,6.88,45.886,-4.378999796770835,7.45616064828394,743.8753530405302,816.5638840115508
2035,509,6.882,45.877,-4.414264472542395,7.418140018636905,740.0942197093865,807.5305231174008
2035,517,6.888,45.882,-4.42447944032102,7.4080663910107125,738.3627698205864,808.8124019084482
2035,518,6.889,45.892,-4.399017915439395,7.436050080385584,740.8139643131917,817.1125088411637
2035,524,6.901,45.901,-4.423247957605725,7.412178685754881,736.9977368768483,818.6089993060085
2035,526,6.906,45.895,-4.461968035015898,7.370838630503196,732.5102505157324,810.6819190408177
2035,527,6.909,45.897,-4.468828470737167,7.364025574997967,731.4771417223475,810.8185359086483
2035,530,6.912,45.907,-4.452517040239836,7.382787801521645,732.800428832665,817.898094707817
2035,531,6.919,45.906,-4.485216921142337,7.348612182749312,728.7019676101171,813.2319897929192
2035,534,6.924,45.911,-4.492166745318347,7.34238500867017,727.4481649034677,814.8260581458678
2035,535,6.928,45.905,-4.526386026755876,7.305612362140796,723.5204731360448,807.4952034002885
2035,537,6.934,45.883,-4.6143703424699565,7.209476372020281,713.8791140378345,785.5518299601235
2035,539,6.947,45.933,-4.528742999786882,7.309545040658023,721.2726099441738,820.9001225450564
2035,541,6.951,45.939,-4.529325255021247,7.3104813895753695,720.8051959146212,823.7324716854628
2035,542,6.952,45.951,-4.500211440253232,7.343609897747836,723.7101261957398,833.3471309634356
2035,543,6.955,45.927,-4.580085658212007,7.255016092402794,715.1623182059456,811.3461168199091
2035,544,6.955,45.946,-4.5272617999650056,7.3144683324465465,720.6163801065749,827.383161430614
2035,547,6.957,45.955,-4.511028617425877,7.33361934863444,722.0971293306261,833.8520557658991
2035,548,6.96,45.887,-4.712312736310129,7.10788289223843,701.0158197083555,775.2364754558716
2035,549,6.961,45.912,-4.647431740685686,7.181470183116994,707.5974645812144,795.4711812317735
2035,553,6.969,45.888,-4.7474058801550125,7.07144200885527,696.4456236256764,771.3168425590004
2035,557,6.977,45.894,-4.764747261111462,7.054834582515663,693.8188214075392,771.9949257772288
2035,564,6.985,45.951,-4.644854228472723,7.195151269034152,705.4876288605021,814.3388173329162
2035,566,6.986,45.973,-4.589983794001037,7.258377011997314,711.1263216990167,831.9404063181495
2035,567,6.986,45.973,-4.589983794001037,7.258377011997314,711.1263216990167,831.9404063181495
2035,569,6.988,45.987,-4.561244958674047,7.292359214654706,713.9534309057576,842.362014514318
2035,571,6.99,45.969,-4.61849136493547,7.227950776224435,707.7767013595021,826.2680465945747
2035,572,6.992,45.913,-4.777244230995033,7.0470541201763,691.0056866463021,779.3637047382975
2035,574,6.994,45.896,-4.831203284351863,6.98607064924898,685.1860928328903,764.5638566145273
2035,575,6.994,45.965,-4.646909274019914,7.197576854659273,704.4341395641441,820.624864391117
2035,577,7.0,45.895,-4.859231451380233,6.95656216315744,681.6641200577066,760.5660744683793
2035,579,7.003,45.96,-4.701769597257226,7.143109552304683,698.9229305655929,811.9362384494686
2035,582,7.008,45.954,-4.741722498105954,7.105612462134981,695.9338877709099,805.3079143502534
2036,423,6.776,45.799,-2.359105967102584,9.424654041573326,678.0636794164922,666.4597888503456
2036,424,6.778,45.809,-2.336850278363171,9.453797026905516,679.2784174386627,672.8764754150701
2036,427,6.783,45.817,-2.3316135136600233,9.461484747029262,678.7996469929135,676.8084999192877
2036,429,6.784,45.784,-2.432091589102112,9.331052441434888,671.6042348752698,653.1622100333597
2036,431,6.785,45.822,-2.324305719906947,9.471381920513489,678.9728909384925,679.6373154619365
2036,437,6.792,45.817,-2.36466950401492,9.420253986317135,674.9713103354999,673.6710712203524
2036,447,6.799,45.819,-2.384596037364995,9.395760245430141,672.3967752142477,672.6221666917446
2036,448,6.799,45.827,-2.4171069899892137,9.280457549653626,698.6699946726391,682.2298643041712
2036,449,6.799,45.837,-2.332542905031635,9.463931902431924,676.0443800449293,685.1716795734939
2036,459,6.811,45.849,-2.342981706747801,9.453730619695172,673.3057280144415,689.1251221425354
2036,460,6.819,45.856,-2.35322148050015,9.442896463531026,671.253357162953,690.9796116986138
2036,462,6.823,45.859,-2.3598705874167214,9.435533016868256,670.1205333733634,691.5399455576999
2036,464,6.831,45.863,-2.378974695872994,9.413217438602391,667.446987609716,691.2594321979176
2036,468,6.844,45.863,-2.4283826781395885,9.352611180611586,661.8041421565312,686.3538122519475
2036,484,6.862,45.976,-2.1897827513710073,9.684152911653175,675.7335142814431,754.1624883174974
2036,488,6.865,45.868,-2.4946526658200896,9.273065509386756,653.6370755948649,681.7049997055007
2036,489,6.865,45.99,-2.1642057411173714,9.720970100307108,677.0576910990688,762.039599797007
2036,490,6.865,45.99,-2.1642057411173714,9.720970100307108,677.0576910990688,762.039599797007
2036,491,6.865,45.99,-2.1642057411173714,9.720970100307108,677.0576910990688,762.039599797007
2036,497,6.871,45.984,-2.2730581890683474,9.531394738296115,696.8046682314359,759.037887798018
2036,498,6.871,45.984,-2.2730581890683474,9.531394738296115,696.8046682314359,759.037887798018
2036,499,6.871,45.984,-2.2730581890683474,9.531394738296115,696.8046682314359,759.037887798018
2036,500,6.871,45.992,-2.252027137510374,9.561033539319745,698.3443991512664,764.2999013687405
2036,503,6.875,45.88,-2.500627861445781,9.270202802032882,651.5710140937852,685.7293399925635
2036,504,6.877,45.985,-2.2274210413662954,9.644096798272127,670.6713422744997,753.3760703296157
2036,506,6.88,45.886,-2.503865358352019,9.268613314030585,650.5229826846403,687.6875378581788
2036,509,6.882,45.877,-2.535546716287722,9.226435136528977,647.9321630395176,681.0532646694921
2036,517,6.888,45.882,-2.5453600483227565,9.216470110421845,646.2505416062687,681.9561925680499
2036,518,6.889,45.892,-2.5227940029006897,9.24806650618786,647.7036385831566,688.0224935974612
2036,524,6.901,45.901,-2.545890052227341,9.223983673699209,644.1020475867605,689.0040202726348
2036,526,6.906,45.895,-2.5809891176607755,9.178743874527918,640.7703189961436,683.1735224959718
2036,527,6.909,45.897,-2.5874847018354563,9.171777216360297,639.8179302829519,683.2426987395378
2036,530,6.912,45.907,-2.573388977968175,9.193499616392582,640.3496910661088,688.3642877936244
2036,531,6.919,45.906,-2.603407128236477,9.156747838161294,637.0591117812714,684.8860631650256
2036,534,6.924,45.911,-2.6102833864515307,9.150898389952893,635.7602351490336,685.9793539091509
2036,535,6.928,45.905,-2.6412208725072985,9.110549026874878,632.8804587949274,680.5991524059596
2036,537,6.934,45.883,-2.7200980990835837,9.00403165031647,626.1933937293051,664.5132006816557
2036,539,6.947,45.933,-2.646183236596269,9.11933211807854,629.4968086265142,690.0045281894944
2036,541,6.951,45.939,-2.647344423226517,9.121313523076285,628.7812194874506,691.9669597714443
2036,542,6.952,45.951,-2.6217519164313585,9.158739798674304,630.4875109216171,698.8476144927448
2036,543,6.955,45.927,-2.6928951699923487,9.059972723718353,624.8291633921286,682.9656541720652
2036,544,6.955,45.946,-2.64618020711664,9.126723804547638,628.2370448721323,694.5076861948162
2036,547,6.957,45.955,-2.632164199661297,9.14869540103808,628.9453908246745,699.0985946462025
2036,548,6.96,45.887,-2.810578729150724,8.895923187504309,615.4255252777875,656.6526939604721
2036,549,6.961,45.912,-2.7533954250030974,8.978785810808617,619.4578502292909,671.3727468297764
2036,553,6.969,45.888,-2.8429642040951615,8.857074102621949,611.6159511225751,653.6634687160014
2036,557,6.977,45.894,-2.859538872708541,8.84027389258533,609.1286366575861,654.0386551517474
2036,564,6.985,45.951,-2.755235589855307,8.999790676207843,615.5670841502157,684.4743224983586
2036,566,6.986,45.973,-2.7070832198071826,9.071066454526822,618.9585470690815,697.0029123505042
2036,567,6.986,45.973,-2.7070832198071826,9.071066454526822,618.9585470690815,697.0029123505042
2036,569,6.988,45.987,-2.6821565760522543,9.109729114985761,620.4859572222122,704.3340687007554
2036,571,6.99,45.969,-2.7329534018936807,9.037838401605036,616.4381248752396,692.857798578856
2036,572,6.992,45.913,-2.873076255041497,8.835042443598645,605.7730700154,659.1304809123137
2036,574,6.994,45.896,-2.9209118237828924,8.76698297069731,601.9131323417272,648.3404391038127
2036,575,6.994,45.965,-2.7587347309692,9.004666574221163,613.9212296873867,688.7295904766951
2036,577,7.0,45.895,-2.9465990186213356,8.735228808490955,599.064989794413,645.3219967637697
2036,579,7.003,45.96,-2.808946936706084,8.9454314146545,609.7220418824326,682.3713899013335
2036,582,7.008,45.954,-2.8452868381393217,8.904073327179933,607.6752279333817,677.6467191191887
2037,423,6.776,45.799,-4.030040738943319,8.824035828570088,850.9770643835301,802.479101172226
2037,424,6.778,45.809,-4.006305079288337,8.849992124493943,852.9595397701576,810.0932634360986
2037,427,6.783,45.817,-4.0002343034537065,8.856215735392494,852.6670607677657,814.5169413281001
2037,429,6.784,45.784,-4.106405771161512,8.738683261477632,842.0020537906678,785.9502682615492
2037,431,6.785,45.822,-3.992286276346464,8.864843668806897,853.0973520587034,817.7991614852168
2037,437,6.792,45.817,-4.034222115779569,8.817849259070064,847.705935458053,810.1642899187491
2037,447,6.799,45.819,-4.054532478669699,8.794824086841503,844.4528661557032,808.4588523458076
2037,448,6.799,45.827,-4.085679747766644,8.676484558708463,877.8567865365145,820.016489795289
2037,449,6.799,45.837,-3.9994110583999385,8.856162871041128,849.9216782120501,823.5646225007978
2037,459,6.811,45.849,-4.0090193503528235,8.845267776420332,846.8714609755987,827.543143633535
2037,460,6.819,45.856,-4.018865916768042,8.834366138023155,844.5041768548158,829.2515132623297
2037,462,6.823,45.859,-4.025401508535959,8.827162064047215,843.1618668066833,829.6639670700526
2037,464,6.831,45.863,-4.044618936456611,8.805925322385743,839.8658917110881,828.806405994493
2037,468,6.844,45.863,-4.095330192561551,8.749522378905151,832.5592933015544,822.0829939845845
2037,484,6.862,45.976,-3.838764543438045,9.044774712498635,855.4508134169814,902.033653117769
2037,488,6.865,45.868,-4.162829607839665,8.674905086642765,822.1998318604965,815.1745445772457
2037,489,6.865,45.99,-3.8110116769199376,9.07738686616834,857.784824458916,911.2346341494828
2037,490,6.865,45.99,-3.8110116769199376,9.07738686616834,857.784824458916,911.2346341494828
2037,491,6.865,45.99,-3.8110116769199376,9.07738686616834,857.784824458916,911.2346341494828
2037,497,6.871,45.984,-3.9214648398127103,8.892065549329004,882.4024183384138,907.2064981618139
2037,498,6.871,45.984,-3.9214648398127103,8.892065549329004,882.4024183384138,907.2064981618139
2037,499,6.871,45.984,-3.9214648398127103,8.892065549329004,882.4024183384138,907.2064981618139
2037,500,6.871,45.992,-3.8990289840770505,8.918731104192865,884.7665358130532,913.494446235456
2037,503,6.875,45.88,-4.167693119314187,8.670826647388148,820.028258473548,819.3458818072756
2037,504,6.877,45.985,-3.876201345097562,9.006416752305842,849.2708499727474,900.00479256066
2037,506,6.88,45.886,-4.170368349043214,8.668639228778659,818.9237192858368,821.3636868369389
2037,509,6.882,45.877,-4.203834399017259,8.630446766164368,815.1973333412368,813.3159377690461
2037,517,6.888,45.882,-4.213359174530503,8.62058210888652,813.2317473141688,814.0126226809879
2037,518,6.889,45.892,-4.189123169106422,8.648807246986086,815.5287025376241,821.1852174183753
2037,524,6.901,45.901,-4.211797716706571,8.62532771788276,811.2488051607696,821.5841109502734
2037,526,6.906,45.895,-4.248453072242245,8.583932304904248,806.6907899689028,814.3200230822522
2037,527,6.909,45.897,-4.254885931790536,8.577211318397744,805.5435170612791,814.2117308595612
2037,530,6.912,45.907,-4.239298406513011,8.596243677450289,806.649354175519,820.1158996532978
2037,531,6.919,45.906,-4.2701753587348446,8.562155580289462,802.3546561676208,815.5307240231044
2037,534,6.924,45.911,-4.276640606298745,8.55611750115552,800.8854908190235,816.5116816686213
2037,535,6.928,45.905,-4.309043411325413,8.519274841333498,796.9143396803842,809.864379856624
2037,537,6.934,45.883,-4.392466316673271,8.422748697702012,787.3687346044284,790.3849326353785
2037,539,6.947,45.933,-4.310784858440093,8.524117885848648,793.7145483443172,819.8173307525461
2037,541,6.951,45.939,-4.311239192858175,8.525246582222234,793.0417652328406,821.8861569640148
2037,542,6.952,45.951,-4.283564914891181,8.55865201201839,795.7518491160548,829.975205312407
2037,543,6.955,45.927,-4.359348411798179,8.469581263182825,787.4345317673124,810.9644159364798
2037,544,6.955,45.946,-4.309183100531519,8.529447071136156,792.6327145942781,824.6380823936514
2037,547,6.957,45.955,-4.29372008542664,8.54882419860818,793.9271054892248,829.9457503129435
2037,548,6.96,45.887,-4.484788554672415,8.321656944837958,773.6465694470121,779.4862954026602
2037,549,6.961,45.912,-4.423153148401952,8.395802538784281,779.8777069657912,796.857617737228
2037,553,6.969,45.888,-4.517878279132416,8.285380854462833,768.7777501603405,775.4080764920941
2037,557,6.977,45.894,-4.5341416772271215,8.269029653189037,765.8185193716212,775.3738358127672
2037,564,6.985,45.951,-4.420149582215344,8.410693422178744,776.4778621831147,810.8460118861984
2037,566,6.986,45.973,-4.368047353444826,8.474405113539387,781.7786115883158,825.5759227823355
2037,567,6.986,45.973,-4.368047353444826,8.474405113539387,781.7786115883158,825.5759227823355
2037,569,6.988,45.987,-4.340730163392687,8.508716366631107,784.3418006737725,834.0992756088987
2037,571,6.99,45.969,-4.395023514995713,8.443953037101785,778.3549117561886,820.4234122524516
2037,572,6.992,45.913,-4.545649105133806,8.261891848284144,762.2738201519867,780.4883665370442
2037,574,6.994,45.896,-4.596812523946336,8.200577395372076,756.6064063511716,767.6321663197812
2037,575,6.994,45.965,-4.421913108016199,8.413553653635619,774.9372928508784,815.2947867920653
2037,577,7.0,45.895,-4.62327190439806,8.171142497344565,752.8988753268334,763.7170961693303
2037,579,7.003,45.96,-4.473887164242977,8.35911524120469,769.2864006888426,807.226075224482
2037,582,7.008,45.954,-4.511805986414218,8.32156654543613,766.3597961019173,801.3474810471
2038,423,6.776,45.799,-3.28401345998825,8.727425156062326,809.1201094720852,670.6098828566303
2038,424,6.778,45.809,-3.26123095785273,8.75514361294387,811.720766245345,676.7989332963872
2038,427,6.783,45.817,-3.255986396283368,8.762339551821595,811.9690777493801,680.3702781363274
2038,429,6.784,45.784,-3.359102676013798,8.638026822625953,799.3623746568986,657.0933064907109
2038,431,6.785,45.822,-3.2485397696675937,8.771718447030825,812.7250764133397,683.0288938685968
2038,437,6.792,45.817,-3.2901323691258453,8.72281776894379,807.1221631148309,676.7755155860887
2038,447,6.799,45.819,-3.310756076547354,8.699296178374603,804.0792781237759,675.3466072965591
2038,448,6.799,45.827,-3.3426646688292454,8.582565263940397,836.5067871840026,684.8547517116883
2038,449,6.799,45.837,-3.2573476334437386,8.764254343396576,810.6379050650816,687.6333197170256
2038,459,6.811,45.849,-3.268361307144989,8.754219071999337,808.4803663792458,690.7928203426394
2038,460,6.819,45.856,-3.279068775888809,8.743684946325832,806.6518568898408,692.1306133707585
2038,462,6.823,45.859,-3.285991338956501,8.736563099059893,805.5492757826034,692.440406955986
2038,464,6.831,45.863,-3.3057934727696843,8.71508839304827,802.6104751203848,691.6933932805578
2038,468,6.844,45.863,-3.356814966122622,8.656996913605667,795.483192410076,686.1506799782686
2038,484,6.862,45.976,-3.1124061688885494,8.97239770836935,825.9256075814066,750.7280689740726
2038,488,6.865,45.868,-3.425336492048758,8.580646465637493,785.731248054166,680.4058206926583
2038,489,6.865,45.99,-3.086229940489167,9.007393540320535,829.2427088701088,758.1189053857205
2038,490,6.865,45.99,-3.086229940489167,9.007393540320535,829.2427088701088,758.1189053857205
2038,491,6.865,45.99,-3.086229940489167,9.007393540320535,829.2427088701088,758.1189053857205
2038,497,6.871,45.984,-3.1963004285952663,8.820075534664898,852.5271196163336,754.938971753925
2038,498,6.871,45.984,-3.1963004285952663,8.820075534664898,852.5271196163336,754.938971753925
2038,499,6.871,45.984,-3.1963004285952663,8.820075534664898,852.5271196163336,754.938971753925
2038,500,6.871,45.992,-3.1747046704676496,8.848330670351295,855.4509777174313,760.0058252458264
2038,503,6.875,45.88,-3.431712196565085,8.577650285567348,784.4549359323421,683.7295245646452
2038,504,6.877,45.985,-3.151385241665946,8.933821923340794,820.5587653191907,748.9726072404162
2038,506,6.88,45.886,-3.4351558313186414,8.576001022663178,783.8007466721303,685.3350420737585
2038,509,6.882,45.877,-3.4677172519499875,8.535762258149097,779.5370483647686,678.7875512888106
2038,517,6.888,45.882,-3.477933387524935,8.526106180296459,777.9732562160069,679.3146517780494
2038,518,6.889,45.892,-3.4547985839837105,8.556181831448077,780.9162102901023,685.1309500170881
2038,524,6.901,45.901,-3.478789132628683,8.532911511499648,777.3843128709593,685.3746746112055
2038,526,6.906,45.895,-3.5149310017537783,8.48967513685951,772.5193021579364,679.4463611777696
2038,527,6.909,45.897,-3.521669001833181,8.482956199985233,771.5436027375432,679.3385720854814
2038,530,6.912,45.907,-3.5072732134861733,8.503568954808625,773.3307550049368,684.1094024555804
2038,531,6.919,45.906,-3.5382477622321584,8.468364357144273,769.0770689092725,680.3420895694205
2038,534,6.924,45.911,-3.545423038172121,8.462654468385708,768.0024300813405,681.1041051715281
2038,535,6.928,45.905,-3.57727071343486,8.424105029898232,763.7089508209251,675.6831699046903
2038,537,6.934,45.883,-3.658371449637232,8.322465685689757,752.8643700577983,659.8212345124265
2038,539,6.947,45.933,-3.5828060889762856,8.431947062672089,762.5944918135826,683.6252323915597
2038,541,6.951,45.939,-3.5840898926900717,8.433723282312922,762.3709780512766,685.2734795042563
2038,542,6.952,45.951,-3.5578429512253242,8.469348566700216,765.8768250748909,691.8185618679884
2038,543,6.955,45.927,-3.6309381429823295,8.375177304917283,756.0501289350734,676.3911740111141
2038,544,6.955,45.946,-3.582986334332107,8.438765630396134,762.4773819511036,687.4742870756845
2038,547,6.957,45.955,-3.568644713325817,8.45964020093341,764.3890760340847,691.7579869881476
2038,548,6.96,45.887,-3.7518540137048424,8.218762705480305,739.799031650436,650.7938255178972
2038,549,6.961,45.912,-3.693178771721109,8.297670711905894,747.6262336992503,664.902566161828
2038,553,6.969,45.888,-3.7853064730005777,8.181505950711742,735.1358162928952,647.4196679056834
2038,557,6.977,45.894,-3.802505191853257,8.165280211896171,732.6811422556431,647.3404212151049
2038,564,6.985,45.951,-3.6956122982544164,8.317007735846763,747.1087396777945,676.0821577346496
2038,566,6.986,45.973,-3.646202243003594,8.38487438002156,753.8618418248293,688.0041008067354
2038,567,6.986,45.973,-3.646202243003594,8.38487438002156,753.8618418248293,688.0041008067354
2038,569,6.988,45.987,-3.6206570547919004,8.421646230546095,757.3788589669438,694.8838517050616
2038,571,6.99,45.969,-3.6728488899637783,8.353109153200673,750.2369523687203,683.8031839207333
2038,572,6.992,45.913,-3.816743825456352,8.159878019347822,730.5768719253041,651.3991156985923
2038,574,6.994,45.896,-3.865897474207112,8.094991721411747,723.869127994065,640.9346498358045
2038,575,6.994,45.965,-3.699404592036733,8.321397676733282,746.6193262932417,679.6203619074512
2038,577,7.0,45.895,-3.8924044653994168,8.064576521511302,720.1967995474228,637.7112668105226
2038,579,7.003,45.96,-3.7511036512687026,8.264788264710539,740.7469112655737,673.032523052537
2038,582,7.008,45.954,-3.788465633744405,8.225409081970948,737.4491136792313,668.2574904738933
2039,423,6.776,45.799,-3.508509641567244,8.980636335845132,813.9549703888827,649.5942130276994
2039,424,6.778,45.809,-3.4856040545822333,9.00966597636951,815.6592987218463,655.8476551755406
2039,427,6.783,45.817,-3.480781572072968,9.01812039626134,815.0991025465863,659.5784815224249
2039,429,6.784,45.784,-3.5855073153918253,8.88994688043428,805.2406616275547,636.3168857322704
2039,431,6.785,45.822,-3.473421866337225,9.028216773926719,815.3781198818308,662.3054934069525
2039,437,6.792,45.817,-3.5163134048997744,8.979152812281153,810.0206418912226,656.2545908919416
2039,447,6.799,45.819,-3.5379236673905146,8.956300161504853,806.6301045350131,655.0387070930441
2039,448,6.799,45.827,-3.569466915553493,8.84052083189405,838.4462274046981,664.444039994541
2039,449,6.799,45.837,-3.4836932000193457,9.023399392379517,811.6544334507389,667.370678763726
2039,459,6.811,45.849,-3.495966668647875,9.01553269770546,808.1707819828748,670.9373762694532
2039,460,6.819,45.856,-3.507545084553529,9.006326168482628,805.54665024714,672.5487474620761
2039,462,6.823,45.859,-3.5149228300371496,8.99980882254875,804.09029422247,672.9943433724738
2039,464,6.831,45.863,-3.5357258313326083,8.979305270237536,800.6187570434798,672.5100085872105
2039,468,6.844,45.863,-3.5886868273374155,8.92201783166659,793.1924663269026,667.3569023664976
2039,484,6.862,45.976,-3.341061406221944,9.252015089055972,813.2547320572601,733.5493277316563
2039,488,6.865,45.868,-3.660078679038029,8.847562908207173,782.5424083036726,662.2634766922065
2039,489,6.865,45.99,-3.3145618333912052,9.288869200700612,815.2383930361727,741.224602404983
2039,490,6.865,45.99,-3.3145618333912052,9.288869200700612,815.2383930361727,741.224602404983
2039,491,6.865,45.99,-3.3145618333912052,9.288869200700612,815.2383930361727,741.224602404983
2039,497,6.871,45.984,-3.4257671077600866,9.101210550954228,838.4859501483825,738.071111341157
2039,498,6.871,45.984,-3.4257671077600866,9.101210550954228,838.4859501483825,738.071111341157
2039,499,6.871,45.984,-3.4257671077600866,9.101210550954228,838.4859501483825,738.071111341157
2039,500,6.871,45.992,-3.4037460022033743,9.13042067290098,840.6548523826638,743.2500673402368
2039,503,6.875,45.88,-3.667298078630976,8.84661827922242,780.0202652781625,665.9648015663386
2039,504,6.877,45.985,-3.381617653265476,9.215451731358975,806.7943182360001,732.3877150731187
2039,506,6.88,45.886,-3.671154185405615,8.845995323335462,778.7444503637104,667.7632357616793
2039,509,6.882,45.877,-3.7044980280559807,8.804805584894732,775.2122935022745,661.2044967053563
2039,517,6.888,45.882,-3.715325871419962,8.796118467232713,773.0949353928727,661.9441261364782
2039,518,6.889,45.892,-3.69178784579372,8.827450875656748,775.1576666610762,667.8716141343021
2039,524,6.901,45.901,-3.7170258101695035,8.806000756283382,770.610314730039,668.5443505169729
2039,526,6.906,45.895,-3.754234735873105,8.76235727033167,766.163596725226,662.7053655780176
2039,527,6.909,45.897,-3.761296058975126,8.756063643622776,764.9577698929605,662.7019353881245
2039,530,6.912,45.907,-3.746762827601051,8.778058702664513,765.8273220736642,667.6542777485375
2039,531,6.919,45.906,-3.7788078075298897,8.743169212173163,761.5276636853546,664.077800561374
2039,534,6.924,45.911,-3.786413201126562,8.738368270847158,759.9304803502865,665.0330754700238
2039,535,6.928,45.905,-3.819192282869853,8.69934910406486,756.0780341933862,659.6646827368592
2039,537,6.934,45.883,-3.9024760110893837,8.595447946848559,746.9913368408743,643.7621962957058
2039,539,6.947,45.933,-3.8257687916492635,8.711726004235453,752.2248688725231,668.4516489803184
2039,541,6.951,45.939,-3.8272511838036136,8.714470348769861,751.4178808589047,670.2856889421555
2039,542,6.952,45.951,-3.8004062410174777,8.751596150570919,753.869502052996,677.0116934688751
2039,543,6.955,45.927,-3.875407562665429,8.654735131863236,746.0623768735641,661.370723839975
2039,544,6.955,45.946,-3.8262792946990025,8.720600974525075,750.8552380898869,672.6874227005205
2039,547,6.957,45.955,-3.8116596207895963,8.742679154156924,751.9562575029612,677.1454848115094
2039,548,6.96,45.887,-3.9995336517118565,8.493835714531201,733.1122962396203,635.4832672343567
2039,549,6.961,45.912,-3.939441503455357,8.575803330907561,738.8157204813474,649.8772476541125
2039,553,6.969,45.888,-4.034242965046188,8.457256830981107,728.2068072246441,632.3611031391963
2039,557,6.977,45.894,-4.05222912528275,8.442247063051074,725.1137683428777,632.5562208535051
2039,564,6.985,45.951,-3.942796424243027,8.601313495456633,734.5994869189785,662.1937034125209
2039,566,6.986,45.973,-3.8920931326951225,8.67188366114824,739.4480293428006,674.4549495692975
2039,567,6.986,45.973,-3.8920931326951225,8.67188366114824,739.4480293428006,674.4549495692975
2039,569,6.988,45.987,-3.865908419161433,8.710461408220052,741.7260746240456,681.6028706547727
2039,571,6.99,45.969,-3.9195529736234906,8.639888125798674,736.1134064081057,670.3051662943482
2039,572,6.992,45.913,-4.0674075138658266,8.440057024511207,721.1766308011889,637.22214675699
2039,574,6.994,45.896,-4.117970818202191,8.37325332197027,715.85337835381,626.6212759155019
2039,575,6.994,45.965,-3.9469252031818343,8.607946151833845,732.784795395243,666.173468642956
2039,577,7.0,45.895,-4.145418944996671,8.343090252037971,712.1670273959319,623.5440711011995
2039,579,7.003,45.96,-4.0002059606794385,8.55129804063909,727.200862920518,659.7466269046336
2039,582,7.008,45.954,-4.038668022388725,8.511509874616568,724.3186388365491,655.0018766562541
2040,423,6.776,45.799,-3.043715390605954,8.649843693072425,706.368111420565,828.3016915039939
2040,424,6.778,45.809,-3.0215431442406224,8.678187926748707,707.5226615967373,836.9880522742397
2040,427,6.783,45.817,-3.016476493902726,8.686386135501543,706.8411493061135,842.2409823361941
2040,429,6.784,45.784,-3.1169002802273105,8.561099562930394,699.505880232548,810.0745031858669
2040,431,6.785,45.822,-3.0092419862169555,8.696228980452128,706.9379823555613,846.0613712541938
2040,437,6.792,45.817,-3.049804091426185,8.648186223199627,702.607789408792,837.7747277469052
2040,447,6.799,45.819,-3.06994777875181,8.62576304639239,699.7252752962203,836.2044363866476
2040,448,6.799,45.827,-3.102482347198149,8.50931330076982,727.0184504179193,848.8358651386967
2040,449,6.799,45.837,-3.017947782018207,8.691353841240577,703.4168905177415,853.3623521260891
2040,459,6.811,45.849,-3.028794194537898,8.68353315197054,700.1667806099011,858.5811730234983
2040,460,6.819,45.856,-3.0393064187884344,8.67445132784598,697.7710173058617,861.007647675434
2040,462,6.823,45.859,-3.0460910596666735,8.668040428210698,696.4655936129612,861.7213999854196
2040,464,6.831,45.863,-3.0654605413444744,8.647917957232682,693.4438577570344,861.228043381269
2040,468,6.844,45.863,-3.1152764867929545,8.591783086544211,687.2285762455064,854.3143934399445
2040,484,6.862,45.976,-2.87776121527078,8.914426920266258,700.4732176883809,948.8214713102477
2040,488,6.865,45.868,-3.1822288835261943,8.518795113739204,678.1556686772414,847.6927673172413
2040,489,6.865,45.99,-2.8523527139877944,8.950466095816083,701.6699279558552,959.9924136466544
2040,490,6.865,45.99,-2.8523527139877944,8.950466095816083,701.6699279558552,959.9924136466544
2040,491,6.865,45.99,-2.8523527139877944,8.950466095816083,701.6699279558552,959.9924136466544
2040,497,6.871,45.984,-2.9613843724877627,8.763866332722024,721.9971986457791,955.19185646552
2040,498,6.871,45.984,-2.9613843724877627,8.763866332722024,721.9971986457791,955.19185646552
2040,499,6.871,45.984,-2.9613843724877627,8.763866332722024,721.9971986457791,955.19185646552
2040,500,6.871,45.992,-2.9403920030203463,8.792448139432867,723.5391351039499,962.6527136990728
2040,503,6.875,45.88,-3.18857848347799,8.517801765558696,675.6706428227834,853.161831431164
2040,504,6.877,45.985,-2.915959497462487,8.878614431198919,694.7422177722184,947.7793431595192
2040,506,6.88,45.886,-3.192005536651752,8.51716102832009,674.4127890171294,855.8355310931075
2040,509,6.882,45.877,-3.223704754496131,8.476851588799358,671.7304986983206,846.6578802670895
2040,517,6.888,45.882,-3.233734974022068,8.468316081006815,669.7970189506467,847.8672748228519
2040,518,6.889,45.892,-3.211253868182878,8.498966299687222,671.212912629628,856.2521897214087
2040,524,6.901,45.901,-3.234786181110452,8.4779184051122,667.106106883118,857.5722481499358
2040,526,6.906,45.895,-3.2700126207577944,8.435187989094327,663.5625979663649,849.4775933834646
2040,527,6.909,45.897,-3.276616519759895,8.429015832539596,662.4849057810649,849.5667345186723
2040,530,6.912,45.907,-3.262676686094021,8.450528897652035,662.8921119050763,856.6689529044016
2040,531,6.919,45.906,-3.292916474329675,8.4163575638628,659.3093643185529,851.8367651821732
2040,534,6.924,45.911,-3.2999863729910937,8.411642304833688,657.8023498392103,853.3587851035213
2040,535,6.928,45.905,-3.331016451104459,8.373438047006127,654.7581922963678,845.8890695480446
2040,537,6.934,45.883,-3.4099459309152116,8.271713825193295,647.8296753476026,823.6195498029803
2040,539,6.947,45.933,-3.336786990942392,8.385514232235073,650.5838045681422,859.052944785812
2040,541,6.951,45.939,-3.3381225953775346,8.38819752624891,649.7011168525643,861.8242496459263
2040,542,6.952,45.951,-3.3126469057397387,8.424546114286832,651.3582174508603,871.4739287554863
2040,543,6.955,45.927,-3.38372243181241,8.329707961963821,645.5945430411055,849.2763319774796
2040,544,6.955,45.946,-3.3371410850203835,8.394198210173618,648.9889116598597,865.4147986364846
2040,547,6.957,45.955,-3.323255945796341,8.4158155594282,649.6087114925631,871.8752803619375
2040,548,6.96,45.887,-3.5012847416745285,8.172156599286275,636.0158328830317,812.7690053816773
2040,549,6.961,45.912,-3.444313181215128,8.25241559997319,639.9921214486086,833.168067535226
2040,553,6.969,45.888,-3.533965701138071,8.136320058712833,631.8498606435281,808.6585150299576
2040,557,6.977,45.894,-3.5508423025996243,8.121609431497294,629.0438363321115,809.2040995977092
2040,564,6.985,45.951,-3.4472421371131357,8.277401466491096,635.1092223413248,851.6690830754069
2040,566,6.986,45.973,-3.3992960028796033,8.346523778225666,638.433914629863,869.3071949113477
2040,567,6.986,45.973,-3.3992960028796033,8.346523778225666,638.433914629863,869.3071949113477
2040,569,6.988,45.987,-3.3745484155277974,8.384315096009342,639.8631168741589,879.7007879908243
2040,571,6.99,45.969,-3.425271429411921,8.31519440546709,635.7597830098359,863.5271341236553
2040,572,6.992,45.913,-3.565014578808871,8.119459055541396,625.0848516391522,816.355030402866
2040,574,6.994,45.896,-3.612778633652838,8.05402231558751,621.1665401566514,801.4054221875895
2040,575,6.994,45.965,-3.4511571659183793,8.283916255161252,633.090201163384,857.776150344089
2040,577,7.0,45.895,-3.6386510887426846,8.024474782789131,618.0892906467617,797.2660359459237
2040,579,7.003,45.96,-3.5016343798304024,8.228477630239073,628.5689333232933,848.8843838739144
2040,582,7.008,45.954,-3.5380933637985907,8.189579364105331,626.3754589658633,842.1709152504342
2041,423,6.776,45.799,-3.7485778212103327,8.751786532510225,742.8833078612492,780.5546729623001
2041,424,6.778,45.809,-3.7250072221769637,8.77918255516889,745.1427748958827,787.8723018584703
2041,427,6.783,45.817,-3.7187313476001567,8.786438841640368,745.1327815295435,792.108752243782
2041,429,6.784,45.784,-3.8235278720879577,8.663934496866158,733.6826597040224,764.6095446001739
2041,431,6.785,45.822,-3.710775640666494,8.795746296163234,745.722634409245,795.2589703007817
2041,437,6.792,45.817,-3.7518113873654055,8.74776617799817,740.3287513423389,787.8878218024577
2041,447,6.799,45.819,-3.7714989521482583,8.724798545538842,737.2523819846849,786.2220281617283
2041,448,6.799,45.827,-3.8029792101158044,8.607641759255298,766.9451112085974,797.394580084461
2041,449,6.799,45.837,-3.7171267568373647,8.788798498899858,743.1794104449516,800.7601249635876
2041,459,6.811,45.849,-3.7261013561645475,8.779223466630942,740.6696948022729,804.556419779634
2041,460,6.819,45.856,-3.735511978490101,8.769037328912203,738.6462246482718,806.1827391189101
2041,462,6.823,45.859,-3.7418148166808525,8.762113505733069,737.465209630003,806.5717782324214
2041,464,6.831,45.863,-3.7604850983020226,8.741140626022464,734.4429457354603,805.7316877140863
2041,468,6.844,45.863,-3.810005330798237,8.684224086978475,727.4172386331414,799.2348653504363
2041,484,6.862,45.976,-3.5579250234220714,8.994622415529044,754.0074676065046,876.2314974750034
2041,488,6.865,45.868,-3.87585523589913,8.609476994055912,717.6749518000098,792.5509136763056
2041,489,6.865,45.99,-3.5307339102796034,9.02903520414011,756.8520517300498,885.0934149936012
2041,490,6.865,45.99,-3.5307339102796034,9.02903520414011,756.8520517300498,885.0934149936012
2041,491,6.865,45.99,-3.5307339102796034,9.02903520414011,756.8520517300498,885.0934149936012
2041,497,6.871,45.984,-3.64045396130816,8.842550426862921,777.8856465391049,881.2741291195516
2041,498,6.871,45.984,-3.64045396130816,8.842550426862921,777.8856465391049,881.2741291195516
2041,499,6.871,45.984,-3.64045396130816,8.842550426862921,777.8856465391049,881.2741291195516
2041,500,6.871,45.992,-3.618466875666842,8.870330022582227,780.516128733071,887.3269000642094
2041,503,6.875,45.88,-3.8804954293971887,8.606662853863364,716.0752406457929,796.5692901219936
2041,504,6.877,45.985,-3.5948439982892273,8.9567165333272,748.4750239702544,874.3216879421087
2041,506,6.88,45.886,-3.883077090954205,8.60509685025458,715.2617765045079,798.5155265381433
2041,509,6.882,45.877,-3.9158443866901305,8.565578398421508,711.3348590742017,790.7484544715259
2041,517,6.888,45.882,-3.9251339108409296,8.556152815509641,709.6601117491401,791.4204167625061
2041,518,6.889,45.892,-3.9014072516388234,8.58570726208817,712.2632981892028,798.344899257552
2041,524,6.901,45.901,-3.9236114827916913,8.562933230293297,708.5527830792786,798.7376569430969
2041,526,6.906,45.895,-3.9594681545718684,8.52050713536925,703.9577508139041,791.7250139198003
2041,527,6.909,45.897,-3.965772928601587,8.513925622143333,702.9486025954135,791.6230355645595
2041,530,6.912,45.907,-3.950574430983286,8.534170942661817,704.4229223183321,797.3315872156531
2041,531,6.919,45.906,-3.980806228896543,8.499636028071441,700.2934364335448,792.9098169908222
2041,534,6.924,45.911,-3.987190356119151,8.49403943688857,699.1096410498667,793.8661460137284
2041,535,6.928,45.905,-4.01885996341204,8.456221107904781,695.0791762808462,787.4446951700212
2041,537,6.934,45.883,-4.100271103512202,8.356529562896775,685.0809647458614,768.6071215347058
2041,539,6.947,45.933,-4.02101953157993,8.463863664236237,693.2578053893875,797.1181471971322
2041,541,6.951,45.939,-4.021596741658483,8.465579214702277,692.8852895064791,799.133361335207
2041,542,6.952,45.951,-3.9947146591366227,8.50049120078855,695.987642921009,806.9674979113721
2041,543,6.955,45.927,-4.068524826269755,8.408168772857273,687.0431991489359,788.5709592357731
2041,544,6.955,45.946,-4.019746154451186,8.470490068837824,692.8090750235358,801.8115779638807
2041,547,6.957,45.955,-4.004793719825967,8.490929361364518,694.4380590563491,806.9584716896518
2041,548,6.96,45.887,-4.1906117632854505,8.25486315657185,672.2523620569536,758.0890023096277
2041,549,6.961,45.912,-4.130744240981984,8.332179395040814,679.2319345095917,774.9231092702388
2041,553,6.969,45.888,-4.22299614604886,8.218333303560819,667.6940546837292,754.1527058488997
2041,557,6.977,45.894,-4.239031227690613,8.202401862260903,665.1615164003895,754.136604334919
2041,564,6.985,45.951,-4.128859689174864,8.350882500853109,677.7609918510822,788.5686024888762
2041,566,6.986,45.973,-4.078426202705675,8.417306041655255,683.7699892466478,802.860641041703
2041,567,6.986,45.973,-4.078426202705675,8.417306041655255,683.7699892466478,802.860641041703
2041,569,6.988,45.987,-4.052084600767457,8.453266243126958,686.8368387471331,811.139133764923
2041,571,6.99,45.969,-4.104804274080222,8.386143209197947,680.3550634997724,797.8841017141325
2041,572,6.992,45.913,-4.250785815627874,8.196987624768655,662.65846238173,759.1409874929376
2041,574,6.994,45.896,-4.300412154532253,8.133464292002067,656.5666553544269,746.6681219197793
2041,575,6.994,45.965,-4.131089344634153,8.35503688643398,676.9479065083634,792.9291303579347
2041,577,7.0,45.895,-4.326279605143932,8.103644864954877,653.0333186939256,742.8838489465658
2041,579,7.003,45.96,-4.182010225085729,8.299515859988885,671.3266650628801,785.1458119241639
2041,582,7.008,45.954,-4.219066643626591,8.26097429167605,668.1851251067075,779.4648670941923
2042,423,6.776,45.799,-2.893485159715174,8.145057179948175,1000.7246854490712,722.6406427173338
2042,424,6.778,45.809,-2.8698385285805283,8.169784576175422,1002.7660409400747,729.9972217017396
2042,427,6.783,45.817,-2.86413145584967,8.175147200865347,1002.1154261699886,734.43163608691
2042,429,6.784,45.784,-2.970627184042194,8.061961877632875,990.3588478519806,707.1630408218881
2042,431,6.785,45.822,-2.8563181400304685,8.183194412482923,1002.4544341186648,737.6593090888863
2042,437,6.792,45.817,-2.898886335728352,8.137107774686712,996.0871020373719,730.6218811149531
2042,447,6.799,45.819,-2.9197816316817478,8.114074235630774,992.0632320657551,729.2692799339783
2042,448,6.799,45.827,-2.9508822006450983,7.994683750852172,1031.105069333273,740.0868280405313
2042,449,6.799,45.837,-2.864555136111444,8.173048367377866,998.0501761726113,743.7832909063525
2042,459,6.811,45.849,-2.8751521240939617,8.160993988275358,993.916965794104,748.1398156998467
2042,460,6.819,45.856,-2.8856767798815706,8.14944396654382,990.7972660481955,750.1486716171737
2042,462,6.823,45.859,-2.89255714677318,8.14197990784951,989.0643007539643,750.7299062706105
2042,464,6.831,45.863,-2.912476549755677,8.120485541821655,984.931105642717,750.2694113750383
2042,468,6.844,45.863,-2.9643518384631773,8.064525545796169,976.0865392784912,744.3625223688892
2042,484,6.862,45.976,-2.709405498860372,8.345195736833993,999.8339563593925,823.5757874721703
2042,488,6.865,45.868,-3.033733354986198,7.98995067987782,963.3864401309705,738.6489407783564
2042,489,6.865,45.99,-2.6819579017082074,8.376008717888542,1002.1664658153396,832.8757128838461
2042,490,6.865,45.99,-2.6819579017082074,8.376008717888542,1002.1664658153396,832.8757128838461
2042,491,6.865,45.99,-2.6819579017082074,8.376008717888542,1002.1664658153396,832.8757128838461
2042,497,6.871,45.984,-2.793014263988161,8.1916637995634,1030.9441409254907,828.9409108400938
2042,498,6.871,45.984,-2.793014263988161,8.1916637995634,1030.9441409254907,828.9409108400938
2042,499,6.871,45.984,-2.793014263988161,8.1916637995634,1030.9441409254907,828.9409108400938
2042,500,6.871,45.992,-2.7705856923582313,8.217250023224086,1033.5109553854038,835.1729719938749
2042,503,6.875,45.88,-3.0395123871320946,7.984589145014381,960.3584892092987,743.1880511077011
2042,504,6.877,45.985,-2.7483575305735632,8.306048464093198,992.0870259764098,822.5277329647421
2042,506,6.88,45.886,-3.0426538122341955,7.981755745075843,958.8242920990597,745.4020333933406
2042,509,6.882,45.877,-3.0762857822283354,7.9448482866808465,954.6251379147403,737.6605003656938
2042,517,6.888,45.882,-3.0863681952499915,7.934505159513987,952.0867803012126,738.6346209028002
2042,518,6.889,45.892,-3.0622494867324153,7.961405403475174,954.528194277822,745.682696222515
2042,524,6.901,45.901,-3.0860646411747354,7.937090057806467,949.0719823159094,746.6930515915736
2042,526,6.906,45.895,-3.1231603640255114,7.896675492863836,943.7727764554761,739.8457383217586
2042,527,6.909,45.897,-3.1298797878021927,7.889778419241873,942.3254578898232,739.8951399769493
2042,530,6.912,45.907,-3.1146179765556123,7.907538611104955,943.3356738441638,745.8366635040162
2042,531,6.919,45.906,-3.1461451729360332,7.873811132552628,938.1954147776257,741.7137872958352
2042,534,6.924,45.911,-3.153107664779226,7.86724519035785,936.2676364596086,742.9451768345693
2042,535,6.928,45.905,-3.185849112208652,7.831355709670607,931.6774140565814,736.6348196770095
2042,537,6.934,45.883,-3.2696829506111293,7.738058026545146,920.8765014899989,717.8621308068723
2042,539,6.947,45.933,-3.1895915645503847,7.832924340904995,926.9554105435056,747.4852163717927
2042,541,6.951,45.939,-3.190480755130118,7.833342391748434,925.9624129651987,749.7618561484289
2042,542,6.952,45.951,-3.1630051656154863,7.865111271689804,928.8482326783069,757.8274772576539
2042,543,6.955,45.927,-3.2388712310523324,7.779467041053302,919.5947236101636,739.2044921650235
2042,544,6.955,45.946,-3.1888728008665352,7.83669081622906,925.2566564747149,752.721456316916
2042,547,6.957,45.955,-3.1736851615989137,7.8548755361581835,926.5354985571427,758.1024321962794
2042,548,6.96,45.887,-3.3644189968988574,7.6372693500167275,904.2405025507758,708.508986502617
2042,549,6.961,45.912,-3.3031090197064077,7.707964086445375,910.9723641845659,725.6321920621066
2042,553,6.969,45.888,-3.3983449295051744,7.601149531096869,898.3566621784869,704.9706855366416
2042,557,6.977,45.894,-3.4154084705596928,7.584220231952387,894.6214900505573,705.3527901370763
2042,564,6.985,45.951,-3.3028168554705903,7.718134031867256,905.7264608586131,740.85460576572
2042,566,6.986,45.973,-3.2510695648257397,7.778782668995103,911.4304924748794,755.5777934285626
2042,567,6.986,45.973,-3.2510695648257397,7.778782668995103,911.4304924748794,755.5777934285626
2042,569,6.988,45.987,-3.224118340558348,7.811181710590741,914.088457502415,764.220524643045
2042,571,6.99,45.969,-3.2783968741865355,7.749008323093588,907.447055686957,750.6971400506702
2042,572,6.992,45.913,-3.4285353621294905,7.574893950189976,889.8064238326149,711.1995540725841
2042,574,6.994,45.896,-3.479675782384528,7.516039301264032,883.5006749947147,698.6334421199966
2042,575,6.994,45.965,-3.3056346158924774,7.719288246527846,903.4705365591338,745.8400708757125
2042,577,7.0,45.895,-3.506677965001594,7.4869403578883515,879.0800794875672,695.0963431300379
2042,579,7.003,45.96,-3.3584341687185417,7.665818362592113,896.8177794723425,738.3146106117957
2042,582,7.008,45.954,-3.3967636481287076,7.62926613071843,893.4358127864422,732.6791004772748
2043,423,6.776,45.799,-3.2811226980549915,7.914563336532266,653.3024305964246,853.5679752799966
2043,424,6.778,45.809,-3.259156751347531,7.943196343782812,654.020332052234,861.5639119698217
2043,427,6.783,45.817,-3.254263639819988,7.951253634396307,653.2593288591298,866.3510106896647
2043,429,6.784,45.784,-3.3540433003186774,7.824210553693454,647.960500991399,836.6509518921757
2043,431,6.785,45.822,-3.2471327180401737,7.96112822139146,653.2164714785565,869.8385327970489
2043,437,6.792,45.817,-3.2876172679373337,7.912074749629786,649.7400488374453,862.1569182657504
2043,447,6.799,45.819,-3.3078190241912653,7.888987821845847,647.2908645948896,860.639430951587
2043,448,6.799,45.827,-3.3405048842808815,7.772928764428643,672.1733248378418,872.7808391887773
2043,449,6.799,45.837,-3.2561594336550996,7.955457665156117,649.910108525361,876.3528011061064
2043,459,6.811,45.849,-3.267249695153205,7.946889672153482,646.8908664078804,880.9311630998561
2043,460,6.819,45.856,-3.2778990858289507,7.93725058680924,644.7064897565912,882.9999043889435
2043,462,6.823,45.859,-3.2847414638839076,7.930534447971511,643.5358964427347,883.574331806008
2043,464,6.831,45.863,-3.3041882262554436,7.909703242382627,640.9014296668945,882.9721212731649
2043,468,6.844,45.863,-3.354014057973652,7.852110634799545,635.6952360709042,876.4422645499549
2043,484,6.862,45.976,-3.1183195494566145,8.177734709910371,643.5446277696077,960.0502873529562
2043,488,6.865,45.868,-3.421061688721789,7.77698793999245,627.9377339645224,869.9851182309408
2043,489,6.865,45.99,-3.093119558020732,8.214028965589122,644.120662734237,969.6729416504163
2043,490,6.865,45.99,-3.093119558020732,8.214028965589122,644.120662734237,969.6729416504163
2043,491,6.865,45.99,-3.093119558020732,8.214028965589122,644.120662734237,969.6729416504163
2043,497,6.871,45.984,-3.2020270172916803,8.026439288319796,663.305150909827,965.8533589722578
2043,498,6.871,45.984,-3.2020270172916803,8.026439288319796,663.305150909827,965.8533589722578
2043,499,6.871,45.984,-3.2020270172916803,8.026439288319796,663.305150909827,965.8533589722578
2043,500,6.871,45.992,-3.181159245549951,8.055369724104327,664.3426067862298,972.3568680565804
2043,503,6.875,45.88,-3.4276012484116123,7.775389043455673,625.5087421665459,874.6745718363417
2043,504,6.877,45.985,-3.1565883563555337,8.140504713640702,638.4523445609295,958.4839681820565
2043,506,6.88,45.886,-3.4311191105297336,7.77443896029961,624.2780215220681,876.9472423390515
2043,509,6.882,45.877,-3.462682133108454,7.733516915880747,622.2731768448299,868.6317273151299
2043,517,6.888,45.882,-3.4727869570370897,7.724514159349451,620.4994116144146,869.5609597652767
2043,518,6.889,45.892,-3.450453136459566,7.755473499918827,621.4066008468798,877.0673749196912
2043,524,6.901,45.901,-3.474106107266959,7.733427083820919,617.6755117263749,877.8860867668773
2043,526,6.906,45.895,-3.509243827903596,7.6898759883479135,614.8544652313601,870.4830567955923
2043,527,6.909,45.897,-3.515873186683617,7.683442028915707,613.8837683249708,870.469264019098
2043,530,6.912,45.907,-3.502067653694989,7.705017093653486,613.9332536801902,876.7211174978794
2043,531,6.919,45.906,-3.5322851412531717,7.669998260954383,610.9278442742292,872.1719590491751
2043,534,6.924,45.911,-3.539414470973264,7.6649051777834964,609.5008022211565,873.3569393274162
2043,535,6.928,45.905,-3.570361094262541,7.626001866620442,607.09750334204,866.5552778676985
2043,537,6.934,45.883,-3.6490050468716433,7.522728917126892,601.8663802728544,846.4143352291418
2043,539,6.947,45.933,-3.5764465739100864,7.636954060521347,602.700956913758,877.5368404210922
2043,541,6.951,45.939,-3.5778434474274103,7.639394797223647,601.7646555539139,879.8183793977527
2043,542,6.952,45.951,-3.5525068467603456,7.676077671011257,602.8017083973139,888.2762758931493
2043,543,6.955,45.927,-3.6232920551021914,7.579985160504357,598.6386393855931,868.5562788982062
2043,544,6.955,45.946,-3.5769326635119985,7.645186863920008,600.940920735485,882.8106307519749
2043,547,6.957,45.955,-3.5631456547034315,7.666903515501539,601.1872046675994,888.4014213276787
2043,548,6.96,45.887,-3.740385332033715,7.420366567037973,591.6888337185268,835.832904883939
2043,549,6.961,45.912,-3.683698514587226,7.501436854025726,594.3236620248372,854.0181781340103
2043,553,6.969,45.888,-3.7730741586610073,7.3835414745649,588.1027253000744,831.8405702317344
2043,557,6.977,45.894,-3.7900115490197717,7.368134206139904,585.523104893361,832.0451675629189
2043,564,6.985,45.951,-3.6869925922148257,7.525020566052916,588.9412814785783,869.3441578397409
2043,566,6.986,45.973,-3.6392685346462663,7.594798309537597,591.0823996547991,884.7299642010106
2043,567,6.986,45.973,-3.6392685346462663,7.594798309537597,591.0823996547991,884.7299642010106
2043,569,6.988,45.987,-3.6146544078573344,7.632839791078119,591.8526388551786,893.6656336417747
2043,571,6.99,45.969,-3.6651863726147784,7.562848716508813,588.9243479080342,879.4788861761392
2043,572,6.992,45.913,-3.804363058332333,7.36492799470801,581.5519880608049,837.8396652333631
2043,574,6.994,45.896,-3.851956134095195,7.298671532235865,578.7182906154377,824.443591100931
2043,575,6.994,45.965,-3.6910160035528135,7.530952682551181,586.7685409139243,874.2494843167051
2043,577,7.0,45.895,-3.8778143796541906,7.2684025808261135,576.1101380073845,820.5173726289753
2043,579,7.003,45.96,-3.741410231576273,7.474268123006372,583.1124351818363,866.1130551345819
2043,582,7.008,45.954,-3.777795187457169,7.434572324543784,581.5163608364549,860.1533074605891
2044,423,6.776,45.799,-3.6192060668678945,8.773702325744152,811.7629447446558,995.4638280148189
2044,424,6.778,45.809,-3.5953084775887714,8.800513753319565,813.8013023410659,1003.9940111572448
2044,427,6.783,45.817,-3.5889151647585766,8.807713835650846,813.6088567017532,1008.98356531242
2044,429,6.784,45.784,-3.695168478759193,8.687966698283468,802.8881653826325,977.0753485435628
2044,431,6.785,45.822,-3.58083187791184,8.816860728274333,814.0833299026297,1012.6536490965658
2044,437,6.792,45.817,-3.6223878875392597,8.7701120189732,808.7942154467039,1004.2447367524139
2044,447,6.799,45.819,-3.6422908588208704,8.747824593576691,805.6600985767359,1002.420458401946
2044,448,6.799,45.827,-3.6734110622908025,8.63005711165498,837.6631258343236,1015.8726504863768
2044,449,6.799,45.837,-3.5871085408903554,8.810450481751772,811.1686208686749,1019.1609876512854
2044,459,6.811,45.849,-3.5960107295086337,8.801479598509179,808.3388564027566,1023.604255134293
2044,460,6.819,45.856,-3.6053977023293005,8.791806249997983,806.1157867306597,1025.4950475028743
2044,462,6.823,45.859,-3.6117068514927118,8.785184208378986,804.8443933778171,1025.9470947272655
2044,464,6.831,45.863,-3.6304786039687738,8.764969490625965,801.6860317004682,1024.9940575615879
2044,468,6.844,45.863,-3.6804789828244484,8.709743618878388,794.5912968566005,1017.5870724973868
2044,484,6.862,45.976,-3.422941273011877,9.015569740549735,818.0071903497086,1103.1701708693329
2044,488,6.865,45.868,-3.746831430415882,8.63742532239108,784.5871530956298,1009.9066211871337
2044,489,6.865,45.99,-3.3950469881358556,9.049607863750381,820.4204388004409,1112.7259157453134
2044,490,6.865,45.99,-3.3950469881358556,9.049607863750381,820.4204388004409,1112.7259157453134
2044,491,6.865,45.99,-3.3950469881358556,9.049607863750381,820.4204388004409,1112.7259157453134
2044,497,6.871,45.984,-3.505210641559028,8.86444081945357,843.8045530012703,1109.031429426396
2044,498,6.871,45.984,-3.505210641559028,8.86444081945357,843.8045530012703,1109.031429426396
2044,499,6.871,45.984,-3.505210641559028,8.86444081945357,843.8045530012703,1109.031429426396
2044,500,6.871,45.992,-3.4827796419455,8.891748314331066,846.1905614778607,1115.6213158385892
2044,503,6.875,45.88,-3.7511608285512423,8.635227124605363,782.6001553549713,1014.3583201571131
2044,504,6.877,45.985,-3.459660223890004,8.979504352182637,812.0727893105189,1100.4983989226926
2044,506,6.88,45.886,-3.7535739893840168,8.633990747636943,781.5875850132052,1016.4884226895199
2044,509,6.882,45.877,-3.7869222732457226,8.595250759265705,777.8818011624645,1007.7141784877817
2044,517,6.888,45.882,-3.7961313525731626,8.586351085408886,776.0236417279182,1008.3957271733074
2044,518,6.889,45.892,-3.7718577629574135,8.615493339842871,778.3508534507587,1016.1618171646586
2044,524,6.901,45.901,-3.793915828687698,8.593897511233815,774.2832495682117,1016.3785988099279
2044,526,6.906,45.895,-3.830293019411071,8.552470936274243,769.801960461647,1008.4361587935847
2044,527,6.909,45.897,-3.8365725765828875,8.546202937775524,768.7076807697493,1008.2610422518903
2044,530,6.912,45.907,-3.8208554477501577,8.566371481607721,769.8755808156411,1014.5636871689952
2044,531,6.919,45.906,-3.8513634220222954,8.532868499087225,765.6979280688074,1009.4680613665605
2044,534,6.924,45.911,-3.857584891793487,8.52774259719434,764.3186939854965,1010.4017952917184
2044,535,6.928,45.905,-3.8897570103117394,8.490762456768966,760.4098227781813,1003.1559228751587
2044,537,6.934,45.883,-3.972775618188149,8.392876638553552,750.9502739865728,981.9832267883072
2044,539,6.947,45.933,-3.890638637464658,8.499927677749776,757.55906650921,1013.259014786118
2044,541,6.951,45.939,-3.8909200014875704,8.50199222604055,756.9594071357121,1015.3185590771507
2044,542,6.952,45.951,-3.8632564046876032,8.536578277726894,759.6968131004197,1023.8508608141209
2044,543,6.955,45.927,-3.9387641893119385,8.445640747140228,751.4114754120454,1003.5584621797396
2044,544,6.955,45.946,-3.888698861181867,8.507224826703071,756.6241426794368,1018.0874250491325
2044,547,6.957,45.955,-3.8731840380049247,8.527619287451706,757.9599552239447,1023.6178613745222
2044,548,6.96,45.887,-4.063727077409964,8.294566295986687,737.6896945131732,969.6154563273366
2044,549,6.961,45.912,-4.002178188061285,8.371084431362025,743.9498089176906,988.2878491911122
2044,553,6.969,45.888,-4.096342664884132,8.259223445758165,732.9824019464594,964.985457925016
2044,557,6.977,45.894,-4.112218573019851,8.244179494418372,730.1686023063526,964.7352201111438
2044,564,6.985,45.951,-3.9981974762744503,8.39196002046279,740.9885965622308,1002.2722306093654
2044,566,6.986,45.973,-3.946199007757854,8.457845267879268,746.317853610416,1017.6956960536378
2044,567,6.986,45.973,-3.946199007757854,8.457845267879268,746.317853610416,1017.6956960536378
2044,569,6.988,45.987,-3.9188839199976675,8.493686460003513,748.9235477948523,1026.4788073591378
2044,571,6.99,45.969,-3.9729520146770527,8.42743002899008,742.9608913020259,1012.1023166338725
2044,572,6.992,45.913,-4.123070471296719,8.240259849914052,726.8975480726236,969.7558413417564
2044,574,6.994,45.896,-4.174003864489649,8.177520767709122,721.2651947219215,955.9019419075125
2044,575,6.994,45.965,-3.9996166796353476,8.397063600083307,739.6108082110094,1006.5295865463607
2044,577,7.0,45.895,-4.200138364693694,8.148557263751762,717.667618075553,951.5046396003024
2044,579,7.003,45.96,-4.051109853281285,8.343070177558003,734.0718253428953,997.7417356052953
2044,582,7.008,45.954,-4.088732942594254,8.305451853948487,731.1593504261662,991.5314633021648
2045,423,6.776,45.799,-2.77936743521605,9.009007870057774,920.6872643717666,757.5904465606384
2045,424,6.778,45.809,-2.7561657268289,9.036323544078481,922.8835316759744,764.4615420068172
2045,427,6.783,45.817,-2.75097841068653,9.043363112780746,922.4391126255562,768.5143457094108
2045,429,6.784,45.784,-2.856350905150959,8.92070597023146,910.347868206046,742.8720057873122
2045,431,6.785,45.822,-2.7434382113315094,9.052594576909678,922.8820446719877,771.4885464809436
2045,437,6.792,45.817,-2.786162693292087,9.004271493993079,916.6250878041456,764.7631378950963
2045,447,6.799,45.819,-2.8074646017482596,8.98099052288637,912.7931750890444,763.3481368078689
2045,448,6.799,45.827,-2.8388557011280837,8.863883798021615,949.0317878222172,773.9334555577257
2045,449,6.799,45.837,-2.7528917996150475,9.045103114439613,918.9905774941476,776.8694211075832
2045,459,6.811,45.849,-2.764518447959336,9.035122341905234,915.3010796713759,780.5970061547799
2045,460,6.819,45.856,-2.7757010034347824,9.024687808273335,912.4716556680069,782.2285173071067
2045,462,6.823,45.859,-2.7828938282511557,9.017642734429156,910.8793789730953,782.6474878023574
2045,464,6.831,45.863,-2.8033659588075377,8.99641645833525,907.0051834623524,781.9813766797868
2045,468,6.844,45.863,-2.8558947094534792,8.939015879388336,898.5043272273617,776.1408380871724
2045,484,6.862,45.976,-2.6063523022590442,9.25089298208852,924.3731834968381,846.917434327235
2045,488,6.865,45.868,-2.9265317283994734,8.863585001672753,886.4406308183866,770.2067962514659
2045,489,6.865,45.99,-2.5796340806062408,9.285537481749452,927.013841400444,854.9714848502084
2045,490,6.865,45.99,-2.5796340806062408,9.285537481749452,927.013841400444,854.9714848502084
2045,491,6.865,45.99,-2.5796340806062408,9.285537481749452,927.013841400444,854.9714848502084
2045,497,6.871,45.984,-2.6907924714421285,9.098858592808757,953.2359092319989,851.7329636048514
2045,498,6.871,45.984,-2.6907924714421285,9.098858592808757,953.2359092319989,851.7329636048514
2045,499,6.871,45.984,-2.6907924714421285,9.098858592808757,953.2359092319989,851.7329636048514
2045,500,6.871,45.992,-2.6686864218805386,9.12680491164741,955.9395957525417,857.2303102678168
2045,503,6.875,45.88,-2.933302649701562,8.860668456464499,883.853993522194,774.0100401167575
2045,504,6.877,45.985,-2.6465183071613976,9.212970394208693,917.2019105250586,845.1585220070627
2045,506,6.88,45.886,-2.9369450180773744,8.859069478738622,882.5440778048264,775.84390230687
2045,509,6.882,45.877,-2.970311739674259,8.819278261222129,878.2774554277004,768.7058755513052
2045,517,6.888,45.882,-2.9809067132458797,8.809767706094743,875.979465229284,769.3729690581175
2045,518,6.889,45.892,-2.957252476288084,8.839533627731077,878.5896855221022,775.7512479866449
2045,524,6.901,45.901,-2.9820679880692857,8.816625521664212,873.6113905266623,776.17938734801
2045,526,6.906,45.895,-3.0191720400623274,8.773884164453715,868.3732925287972,769.7655256304242
2045,527,6.909,45.897,-3.026132446327709,8.76726746697164,867.043590770107,769.6860088130561
2045,530,6.912,45.907,-3.011453023599302,8.787713189162677,868.2884973339325,774.933471879539
2045,531,6.919,45.906,-3.043306209518034,8.752949457107027,863.3438223152896,770.9025393832225
2045,534,6.924,45.911,-3.0507482688786483,8.7473681167642,861.6413285745659,771.7900175967054
2045,535,6.928,45.905,-3.083440558809295,8.70924542943491,857.0842282157348,765.9183007773818
2045,537,6.934,45.883,-3.166626075776987,8.60864231509347,846.1467088876053,748.6581114681297
2045,539,6.947,45.933,-3.0894294112946423,8.717356698985276,853.3747091968728,774.7547633111957
2045,541,6.951,45.939,-3.0908037698447903,8.719202285068853,852.6014426011888,776.5783224636648
2045,542,6.952,45.951,-3.0639204367688806,8.754539381478594,855.7081179455699,783.6973776313835
2045,543,6.955,45.927,-3.138872426968456,8.661250236667103,846.1743986005594,766.9461804737574
2045,544,6.955,45.946,-3.0897286302303555,8.72429075018493,852.1329225721364,778.9982729906294
2045,547,6.957,45.955,-3.0750565694940737,8.745033523957762,853.6188326012165,783.6624045292613
2045,548,6.96,45.887,-3.2628789609463236,8.506268613525396,830.3776344078866,739.0787927516731
2045,549,6.961,45.912,-3.202753431895967,8.584529198575954,837.5137157584267,754.4829921487936
2045,553,6.969,45.888,-3.2973150454313407,8.469488093186,824.7950187363904,735.4821328185357
2045,557,6.977,45.894,-3.3150690407888566,8.453553145012169,821.4064288744702,735.4688859436432
2045,564,6.985,45.951,-3.2055522058663724,8.604290134273773,833.6576485097103,766.795117371487
2045,566,6.986,45.973,-3.1548875237134446,8.671665173447824,839.7540220755026,779.7166225283281
2045,567,6.986,45.973,-3.1548875237134446,8.671665173447824,839.7540220755026,779.7166225283281
2045,569,6.988,45.987,-3.1287044409652505,8.708218987700612,842.7123073032628,787.1605927092803
2045,571,6.99,45.969,-3.1822526377736384,8.640262752719789,835.8378703407931,775.1798379005647
2045,572,6.992,45.913,-3.3298694323114173,8.448536181480948,817.370746876493,740.008030048062
2045,574,6.994,45.896,-3.3803144435221717,8.384180841898054,810.8720917542469,728.6193884272191
2045,575,6.994,45.965,-3.209526406865019,8.608910360479529,831.9293694375524,770.6615716868049
2045,577,7.0,45.895,-3.407581741031747,8.354131146528339,806.6355749294385,725.1488068742642
2045,579,7.003,45.96,-3.2625911097190308,8.55300228225674,825.4085991040607,763.5780729225443
2045,582,7.008,45.954,-3.3009113117547657,8.514081247214559,821.9496987845853,758.4664425343688
2046,423,6.776,45.799,-2.1326263117153847,9.702518261640058,911.8265771669685,632.1313509496688
2046,424,6.778,45.809,-2.109240897227061,9.733769621881352,914.5538369782328,636.9833041996391
2046,427,6.783,45.817,-2.1028780543403296,9.743669575492676,914.8080543907067,639.6746894789596
2046,429,6.784,45.784,-2.2065791688799385,9.607425328629603,901.5964650779756,621.2123706718564
2046,431,6.785,45.822,-2.094940968791137,9.754778895988563,915.5954033594963,641.7091619688098
2046,437,6.792,45.817,-2.1353439788345865,9.703824127799512,909.712613879696,636.6235413034378
2046,447,6.799,45.819,-2.154612904720001,9.680771704630972,906.5059009889947,635.3197748026697
2046,448,6.799,45.827,-2.1863291879406828,9.566924417002674,942.814950330517,643.3938271752937
2046,449,6.799,45.837,-2.1007717662286756,9.752218029966215,913.3574309095184,644.9064590430353
2046,459,6.811,45.849,-2.1092400251599663,9.746076184630159,911.0258213279227,646.9682772606444
2046,460,6.819,45.856,-2.1182684327420436,9.737777054885065,909.0512203752048,647.7199290703709
2046,462,6.823,45.859,-2.1243621652706812,9.731592442887589,907.8642282065598,647.8126283285984
2046,464,6.831,45.863,-2.142554363464513,9.711271291106023,904.7213967429183,646.9418952805953
2046,468,6.844,45.863,-2.1911228227756863,9.652711577813317,897.1611640586859,642.20828861442
2046,484,6.862,45.976,-1.9402880875352029,10.008186729787765,928.2726966143877,688.8417477419044
2046,488,6.865,45.868,-2.2555470500667916,9.577406622617032,886.7491306476659,636.9836844234902
2046,489,6.865,45.99,-1.913153692042528,10.048119338226943,931.6109525677041,693.8476605922278
2046,490,6.865,45.99,-1.913153692042528,10.048119338226943,931.6109525677041,693.8476605922278
2046,491,6.865,45.99,-1.913153692042528,10.048119338226943,931.6109525677041,693.8476605922278
2046,497,6.871,45.984,-2.0222217303670895,9.85842210831214,958.1587853727029,691.9347113180696
2046,498,6.871,45.984,-2.0222217303670895,9.85842210831214,958.1587853727029,691.9347113180696
2046,499,6.871,45.984,-2.0222217303670895,9.85842210831214,958.1587853727029,691.9347113180696
2046,500,6.871,45.992,-2.0004083331074836,9.889560179213653,961.1598041567705,695.4997354732462
2046,503,6.875,45.88,-2.2597050369921665,9.578374547818337,885.2526445123127,639.0606221773829
2046,504,6.877,45.985,-1.9761149786902399,9.972311877062449,922.3663654800861,686.5269413804392
2046,506,6.88,45.886,-2.262035855126672,9.578707229488838,884.4803793448413,640.0356346668351
2046,509,6.882,45.877,-2.2944670606472743,9.535153190516771,880.046597332132,635.0166625449341
2046,517,6.888,45.882,-2.3034075702938592,9.527082636328064,878.3139346710296,635.1362443554922
2046,518,6.889,45.892,-2.279803271723725,9.560725699575078,881.3215219895493,639.4466639718611
2046,524,6.901,45.901,-2.3012574601746025,9.540265723862683,877.4160224421296,639.0142419071848
2046,526,6.906,45.895,-2.336619963533591,9.494687081882425,872.3008832885592,634.3463577463785
2046,527,6.909,45.897,-2.3427299052105437,9.488580618329834,871.2260203831844,634.1099543331768
2046,530,6.912,45.907,-2.327473467551225,9.512688373459312,872.982169623494,637.4835529396336
2046,531,6.919,45.906,-2.3571429229921654,9.476870970797364,868.439484299496,634.3135926633048
2046,534,6.924,45.911,-2.3632175914508418,9.472782250280218,867.2026350254224,634.5932561518304
2046,535,6.928,45.905,-2.3944803127300234,9.431926718529315,862.6993437714332,630.3713292426618
2046,537,6.934,45.883,-2.4750972555645703,9.322144556117891,851.4433593650094,618.2636143429419
2046,539,6.947,45.933,-2.395540074468411,9.44917116958986,860.9856147371763,635.026800534599
2046,541,6.951,45.939,-2.395872447506873,9.452964606172468,860.625485118429,635.9521890632133
2046,542,6.952,45.951,-2.369064265761247,9.4928770170829,864.1584782923788,640.5785549766555
2046,543,6.955,45.927,-2.442323335767411,9.389950999277959,854.0585632743781,629.2677186970022
2046,544,6.955,45.946,-2.393784448774181,9.460384379609815,860.5971274561105,637.2601900225837
2046,547,6.957,45.955,-2.37877925662351,9.484429087649382,862.4702275141165,640.1784204698815
2046,548,6.96,45.887,-2.5635264091667214,9.218945524021365,837.3509315490744,610.1611847975682
2046,549,6.961,45.912,-2.5038823489604938,9.306823954662846,845.287701025411,620.5181124762313
2046,553,6.969,45.888,-2.5952396008276994,9.181724597245452,832.3188626829013,607.1603216994971
2046,557,6.977,45.894,-2.610728767137796,9.167371912166228,829.5590140769303,606.6509223437561
2046,564,6.985,45.951,-2.500478974449265,9.339344105839634,843.8983469180405,626.9804239962142
2046,566,6.986,45.973,-2.450166587969315,9.415099660491254,850.6906647624124,635.319084518621
2046,567,6.986,45.973,-2.450166587969315,9.415099660491254,850.6906647624124,635.319084518621
2046,569,6.988,45.987,-2.4237814343553854,9.456842380804627,854.1625377623909,639.9478843188938
2046,571,6.99,45.969,-2.4761688579197636,9.381748937333352,846.862353296204,632.0543170343599
2046,572,6.992,45.913,-2.6214985347488953,9.16827310225137,826.8919433038308,608.7226780253592
2046,574,6.994,45.896,-2.67082483265493,9.09719092155713,820.022905357406,600.9293227966589
2046,575,6.994,45.965,-2.50208159020913,9.348452002950664,843.041972838782,628.7988155683195
2046,577,7.0,45.895,-2.696223824849595,9.066199163977153,816.0835782015713,598.1967289775796
2046,579,7.003,45.96,-2.5522070738011666,9.289716284747207,836.847935903866,623.5746148365928
2046,582,7.008,45.954,-2.5888036308448608,9.247995215282575,833.4950713412507,620.0236275248711
2047,423,6.776,45.799,-3.294416240779209,8.703556609869752,694.7071236383954,858.6948949392543
2047,424,6.778,45.809,-3.2700706499463132,8.730651753801654,696.5080048020036,866.7188259733207
2047,427,6.783,45.817,-3.263596032853738,8.73796492938803,696.3650599388172,871.5248589776942
2047,429,6.784,45.784,-3.371894254284184,8.617067387885367,686.9528092603271,841.7272326119145
2047,431,6.785,45.822,-3.2553764231149263,8.74721546483043,696.7925903925255,875.0247040814309
2047,437,6.792,45.817,-3.297791669452316,8.700069749052432,692.1826776285451,867.3231467027631
2047,447,6.799,45.819,-3.3181420040731373,8.677618717080925,689.4668031308993,865.8050155620972
2047,448,6.799,45.827,-3.3488025956887633,8.560109495795054,716.9125666381104,877.998805985312
2047,449,6.799,45.837,-3.261925559470451,8.740825691686652,694.3077084762392,881.5662859418067
2047,459,6.811,45.849,-3.2711554981310167,8.73181033372996,691.8888819296707,886.1623197254183
2047,460,6.819,45.856,-3.280837848458126,8.722060209138858,689.9816293099328,888.2387615263597
2047,462,6.823,45.859,-3.2873275748292237,8.715380457399245,688.8877853510172,888.8154400223351
2047,464,6.831,45.863,-3.3065764947410896,8.694984906035092,686.1594477891746,888.2125294860411
2047,468,6.844,45.863,-3.3577040592012386,8.639271883015663,680.0018450111527,881.6662394984004
2047,484,6.862,45.976,-3.0962228623975574,8.947316617334529,700.7304326290433,965.434142804639
2047,488,6.865,45.868,-3.4256358775167364,8.566293074055535,671.3394702399273,875.191572404812
2047,489,6.865,45.99,-3.067959626771199,8.981560365825416,702.8781166018566,975.0662940898073
2047,490,6.865,45.99,-3.067959626771199,8.981560365825416,702.8781166018566,975.0662940898073
2047,491,6.865,45.99,-3.067959626771199,8.981560365825416,702.8781166018566,975.0662940898073
2047,497,6.871,45.984,-3.1790340184437027,8.795939798302932,722.8284047401244,971.2535672098054
2047,498,6.871,45.984,-3.1790340184437027,8.795939798302932,722.8284047401244,971.2535672098054
2047,499,6.871,45.984,-3.1790340184437027,8.795939798302932,722.8284047401244,971.2535672098054
2047,500,6.871,45.992,-3.156223331075719,8.823444482630368,724.9311974941927,977.7654142888609
2047,503,6.875,45.88,-3.430276408067563,8.56400553811348,669.6585216223033,879.8898800100129
2047,504,6.877,45.985,-3.134057949525339,8.910725529365937,695.6150042760727,963.8468459467751
2047,506,6.88,45.886,-3.432857623248645,8.562714949694083,668.8018992451795,882.1659472161859
2047,509,6.882,45.877,-3.4667991148768165,8.523683796239425,665.5559130800842,873.8312058690809
2047,517,6.888,45.882,-3.4763145788203813,8.514664608284697,663.9627064354632,874.7604371387251
2047,518,6.889,45.892,-3.4516806987629645,8.543994777109841,666.0169192887062,882.2824909505161
2047,524,6.901,45.901,-3.4744378466877786,8.522105584241686,662.5234435691362,883.0962161231504
2047,526,6.906,45.895,-3.511530561009444,8.480345871848169,658.616601375656,875.6756248118311
2047,527,6.909,45.897,-3.517999182221792,8.473996514652958,657.6755451021936,875.6599533687399
2047,530,6.912,45.907,-3.502138607095163,8.49424484027476,658.7251950875144,881.9214928212697
2047,531,6.919,45.906,-3.533337065281968,8.460427329994939,655.1008018550111,877.3587743676243
2047,534,6.924,45.911,-3.5398213665479297,8.455186412979568,653.924532762456,878.5417614781566
2047,535,6.928,45.905,-3.572604263654198,8.417924391722352,650.5147706280665,871.7249589278764
2047,537,6.934,45.883,-3.657029901793533,8.319391697368278,642.23646431139,851.5424558205732
2047,539,6.947,45.933,-3.574210412107435,8.426757552315314,648.1530023020008,882.7044262535014
2047,541,6.951,45.939,-3.5746592920638545,8.428739519957581,647.6571175183777,884.9839422825657
2047,542,6.952,45.951,-3.5466582876766104,8.463472767014224,650.0756066279566,893.4506188918908
2047,543,6.955,45.927,-3.6233221528487993,8.372017006743853,642.8048893929382,873.7020201533261
2047,544,6.955,45.946,-3.5725765226619064,8.433900193172752,647.3943569665411,887.9744473354178
2047,547,6.957,45.955,-3.556938395621854,8.454341880920516,648.5870911284462,893.568548877693
2047,548,6.96,45.887,-3.750167439582232,8.220112767887429,630.7677242085897,840.9224537155919
2047,549,6.961,45.912,-3.6878342662717225,8.296968543166443,636.2847179657156,859.1363280585034
2047,553,6.969,45.888,-3.7835594950867044,8.184424015488922,626.6963766881971,836.9155607035494
2047,557,6.977,45.894,-3.7999602910366974,8.169139532797853,624.284087944024,837.1130308176746
2047,564,6.985,45.951,-3.684863627237158,8.31730999442083,633.8758841314094,874.4484895431159
2047,566,6.986,45.973,-3.632270990115159,8.383422462627902,638.5786267774341,889.8446726819893
2047,567,6.986,45.973,-3.632270990115159,8.383422462627902,638.5786267774341,889.8446726819893
2047,569,6.988,45.987,-3.604722672679424,8.419336792954981,640.8918633494396,898.7814939212574
2047,571,6.99,45.969,-3.6595556719951734,8.352762553263819,635.6562804684484,884.5825449862201
2047,572,6.992,45.913,-3.811594554344718,8.164833058744561,621.5280198505117,842.8990446295427
2047,574,6.994,45.896,-3.8632319317642567,8.101811101100525,616.5870949575971,829.4821102282514
2047,575,6.994,45.965,-3.686747571686486,8.322154846725821,632.7401794108074,879.342099822939
2047,577,7.0,45.895,-3.8899437066884825,8.072590793594205,613.4705918485867,825.5434986231245
2047,579,7.003,45.96,-3.7392942087799863,8.267673567419443,627.9168260562384,871.1869696266798
2047,582,7.008,45.954,-3.777588835684882,8.229755716733482,625.3568664750353,865.2201226618508
2048,423,6.776,45.799,-4.068137829578589,9.007203919832778,699.8273061832957,612.0865946799014
2048,424,6.778,45.809,-4.0445785894711275,9.033442400041482,702.4146934441371,618.8154730771635
2048,427,6.783,45.817,-4.0381081607881475,9.040129773508239,702.8832349099885,622.8733364050722
2048,429,6.784,45.784,-4.142428923748234,8.92226457411482,690.8456082373958,597.9148115744672
2048,431,6.785,45.822,-4.030096262104087,9.048961040901498,703.7001336226084,625.8358177246457
2048,437,6.792,45.817,-4.070652534395817,9.002406627026877,698.6471908311249,619.3668510763139
2048,447,6.799,45.819,-4.089947365051396,8.97990109005232,696.049170627397,618.1219083268022
2048,448,6.799,45.827,-4.121523203444484,8.861638632318837,724.3988407879722,627.7582300263778
2048,449,6.799,45.837,-4.035790225697985,9.041413282650897,702.3338152039761,631.4826638854704
2048,459,6.811,45.849,-4.044176927770118,9.03142462571903,700.801953905381,635.5428347623827
2048,460,6.819,45.856,-4.053177456224083,9.021093239729957,699.4034437784192,637.4413880132404
2048,462,6.823,45.859,-4.059267941956358,9.014164245289962,698.5229431828437,638.003692396989
2048,464,6.831,45.863,-4.077489268421905,8.993457000495745,696.0584625633037,637.6303921176731
2048,468,6.844,45.863,-4.126209214774111,8.937879064518949,689.8037817082323,632.2449692831162
2048,484,6.862,45.976,-3.874054869055853,9.23412131161533,719.6689615157102,707.005391731703
2048,488,6.865,45.868,-4.190811438509069,8.864585118236308,681.3828035467521,627.1237836066197
2048,489,6.865,45.99,-3.846790273730127,9.266838551593816,722.9658359544916,715.9470241643623
2048,490,6.865,45.99,-3.846790273730127,9.266838551593816,722.9658359544916,715.9470241643623
2048,491,6.865,45.99,-3.846790273730127,9.266838551593816,722.9658359544916,715.9470241643623
2048,497,6.871,45.984,-3.956054627396896,9.081782677199659,743.0169657049933,711.984030491283
2048,498,6.871,45.984,-3.956054627396896,9.081782677199659,743.0169657049933,711.984030491283
2048,499,6.871,45.984,-3.956054627396896,9.081782677199659,743.0169657049933,711.984030491283
2048,500,6.871,45.992,-3.934137552656302,9.10842489091532,745.8192486986813,717.9311454451592
2048,503,6.875,45.88,-4.194936693261523,8.86108920450699,680.5804492640779,631.4701953722364
2048,504,6.877,45.985,-3.9100515583004114,9.196384128885065,715.129508257019,706.4099705690513
2048,506,6.88,45.886,-4.197256890207487,8.859177359355822,680.1620195629338,633.6048898301616
2048,509,6.882,45.877,-4.229824655486264,8.821147319021614,676.1827984406792,626.3958968692634
2048,517,6.888,45.882,-4.238781071444718,8.811619385193175,674.9383600246466,627.3849547819764
2048,518,6.889,45.892,-4.215071531480214,8.839844118178021,677.7802570553814,633.9970501301742
2048,524,6.901,45.901,-4.236588365255662,8.816992142447992,674.8997851692918,635.139032089633
2048,526,6.906,45.895,-4.2720856143279375,8.775935032421085,670.4722212946097,628.7932316905192
2048,527,6.909,45.897,-4.278215574320784,8.769368612970732,669.6634967044695,628.8905976862857
2048,530,6.912,45.907,-4.262897180444024,8.788472927225964,671.4797732971207,634.53213817517
2048,531,6.919,45.906,-4.292677761887009,8.754786657861416,667.7121227978037,630.7834802148946
2048,534,6.924,45.911,-4.298776535622118,8.748967624798464,666.8855628709199,632.0429105992481
2048,535,6.928,45.905,-4.330154051579417,8.712422468140895,662.9652817080784,626.1749306836921
2048,537,6.934,45.883,-4.411053638868843,8.61653897059562,652.9150141005349,608.6356022734057
2048,539,6.947,45.933,-4.331259119285398,8.717879522118688,662.629138685058,636.8628957871524
2048,541,6.951,45.939,-4.331608858081554,8.719112073635,662.5660728982991,639.1292757707738
2048,542,6.952,45.951,-4.304723709108315,8.752363260591874,665.9254724856359,646.8342179414223
2048,543,6.955,45.927,-4.378216936092712,8.663858340005614,656.7273013751067,629.2080058557144
2048,544,6.955,45.946,-4.329533691271717,8.72339048906843,662.8145646737127,642.0544504789715
2048,547,6.957,45.955,-4.314495169920589,8.74270441591258,664.6990676454974,647.2419023015827
2048,548,6.96,45.887,-4.499789844818773,8.516932852936197,641.5403284401627,600.3242057938554
2048,549,6.961,45.912,-4.439978599754275,8.59067255148723,648.9781060500237,616.497704981888
2048,553,6.969,45.888,-4.531614995748876,8.481170265719076,637.470340960048,597.1733362954216
2048,557,6.977,45.894,-4.547172990461003,8.465163519304863,635.4480965278792,597.7016890023417
2048,564,6.985,45.951,-4.436708330529266,8.605992679016293,649.3595945230192,631.6207317972033
2048,566,6.986,45.973,-4.386289596522828,8.669247259904527,655.7757903306207,645.7592319436554
2048,567,6.986,45.973,-4.386289596522828,8.669247259904527,655.7757903306207,645.7592319436554
2048,569,6.988,45.987,-4.359864913241518,8.70332069324654,659.1700139480275,654.1455209611357
2048,571,6.99,45.969,-4.412388018651858,8.639066978225475,652.4907762812476,641.2119315343832
2048,572,6.992,45.913,-4.558047748992389,8.45844037493943,634.0066115658709,603.5873282778244
2048,574,6.994,45.896,-4.607490577335962,8.39764952847567,627.7556666095654,591.7407162229931
2048,575,6.994,45.965,-4.438394860489415,8.608944967937179,649.2140350529049,636.6883647289326
2048,577,7.0,45.895,-4.6329768507333124,8.368586292319087,624.5115270393726,588.5386348207269
2048,579,7.003,45.96,-4.488706486858159,8.555047326759206,643.9164607029181,629.7137206214495
2048,582,7.008,45.954,-4.525417554808073,8.51789219515862,640.8670550888512,624.3702375424965
2049,423,6.776,45.799,-2.716452727216596,9.123871562867338,987.3968345707583,673.0250770298384
2049,424,6.778,45.809,-2.693177853151376,9.151234577900597,990.5792395150428,679.3149242599674
2049,427,6.783,45.817,-2.687305060678461,9.158848559297764,990.828359364787,682.9106905886546
2049,429,6.784,45.784,-2.7915176650470364,9.037292240393594,975.2942281476817,659.1742063216485
2049,431,6.785,45.822,-2.6795438754339655,9.16825475634388,991.7358647109901,685.6048939151984
2049,437,6.792,45.817,-2.72082979958352,9.121188738054022,984.7562473166516,679.1629945997582
2049,447,6.799,45.819,-2.7409000675517152,9.098959769274042,980.9288286260575,677.644180316704
2049,448,6.799,45.827,-2.7725276298255386,8.981606572468467,1020.5181105208583,687.2788473409897
2049,449,6.799,45.837,-2.6868593069299846,9.16251779896043,988.9945225838796,690.1859998073407
2049,459,6.811,45.849,-2.696627857257358,9.15401822977936,986.1829577272871,693.3213087246133
2049,460,6.819,45.856,-2.7065420982781743,9.14458077274579,983.8254635563954,694.6320722241194
2049,462,6.823,45.859,-2.7130859816688297,9.13804509856216,982.4145991570379,694.9218862087077
2049,464,6.831,45.863,-2.7322011122456717,9.117898028271835,978.6916240016093,694.1063271778597
2049,468,6.844,45.863,-2.7823326392144634,9.062475041509476,969.7593013450698,688.3568447613119
2049,484,6.862,45.976,-2.532809787637854,9.372530846684795,1006.7075983223532,754.5801484773174
2049,488,6.865,45.868,-2.8492449512790485,8.990034716336778,957.4937719745592,682.3622809856737
2049,489,6.865,45.99,-2.5059519488241246,9.407009121895058,1010.7035952628466,762.194054032063
2049,490,6.865,45.99,-2.5059519488241246,9.407009121895058,1010.7035952628466,762.194054032063
2049,491,6.865,45.99,-2.5059519488241246,9.407009121895058,1010.7035952628466,762.194054032063
2049,497,6.871,45.984,-2.615826523619178,9.221377847279882,1038.9323941194825,758.8261165590128
2049,498,6.871,45.984,-2.615826523619178,9.221377847279882,1038.9323941194825,758.8261165590128
2049,499,6.871,45.984,-2.615826523619178,9.221377847279882,1038.9323941194825,758.8261165590128
2049,500,6.871,45.992,-2.5939568358157383,9.248990465986678,1042.5064714455993,764.0488070820755
2049,503,6.875,45.88,-2.8545263797979863,8.98812400478052,955.7686966992795,685.7206373059128
2049,504,6.877,45.985,-2.5704753651034777,9.336249818524916,999.8391243219886,752.7706211140367
2049,506,6.88,45.886,-2.8574239859797532,8.987014314475783,954.8842884127803,687.3460512027071
2049,509,6.882,45.877,-2.890156006262004,8.947910780764175,949.6436339907792,680.6265839635176
2049,517,6.888,45.882,-2.8997922653309898,8.93907880491522,947.6317693172385,681.1431257226216
2049,518,6.889,45.892,-2.876249043808498,8.968549587733923,951.2055620390977,687.1043198040912
2049,524,6.901,45.901,-2.8991175322014073,8.946997950147463,946.681000395366,687.3188922374691
2049,526,6.906,45.895,-2.9351223072809183,8.905270509171157,940.6599119719123,681.220257501495
2049,527,6.909,45.897,-2.941588568321565,8.899000706776269,939.4159289181504,681.1018842976389
2049,530,6.912,45.907,-2.926651302428326,8.9194081350598,941.5365142894094,685.9945201403752
2049,531,6.919,45.906,-2.9571840847264474,8.885711599014533,936.2245023094049,682.1111642872193
2049,534,6.924,45.911,-2.9638517767994146,8.88060961830869,934.8204577024718,682.8862944016176
2049,535,6.928,45.905,-2.9956292144636514,8.84336841165602,929.5203972728759,677.309356432112
2049,537,6.934,45.883,-3.077058524779756,8.744767438032817,916.220602823894,661.0077551839312
2049,539,6.947,45.933,-2.9989411847412524,8.852758950688076,927.7843911637441,685.4682848573134
2049,541,6.951,45.939,-2.9997550738815573,8.854847658823562,927.4290045492289,687.1685618538531
2049,542,6.952,45.951,-2.9730416976104443,8.889677620663539,931.6627083291221,693.9160487915317
2049,543,6.955,45.927,-3.046731704693247,8.798111262756082,919.6741403534991,678.0218912804768
2049,544,6.955,45.946,-2.998148986900088,8.860117543681275,927.4727375287242,689.441034179085
2049,547,6.957,45.955,-2.9833738644509564,8.880646798195382,929.7486648774227,693.8617254088126
2049,548,6.96,45.887,-3.1686349896630657,8.646049411227256,899.8581381560252,651.6920424067375
2049,549,6.961,45.912,-3.1090632900096113,8.723074936212047,909.331300535342,666.1971586186463
2049,553,6.969,45.888,-3.201440947842882,8.61054872917379,894.0266237761582,648.2153542244133
2049,557,6.977,45.894,-3.2178968531609704,8.595453883679564,890.8918965544485,648.1286838603315
2049,564,6.985,45.951,-3.108587696711064,8.744008639694576,908.188818983864,677.7477698040115
2049,566,6.986,45.973,-3.0583881478951476,8.810221661738215,916.3385737110722,690.0665097560109
2049,567,6.986,45.973,-3.0583881478951476,8.810221661738215,916.3385737110722,690.0665097560109
2049,569,6.988,45.987,-3.0322495683476656,8.84621437422034,920.5471433110076,697.1907322212338
2049,571,6.99,45.969,-3.084897480112009,8.779600032741026,911.8597235295549,685.7390513911488
2049,572,6.992,45.913,-3.230492091227632,8.59150764530424,888.0325759578367,652.3098131753306
2049,574,6.994,45.896,-3.280066379645637,8.528467176176004,879.8769533997863,641.5388644480674
2049,575,6.994,45.965,-3.1113154729786885,8.749033278242173,907.3912671889613,681.4305813737668
2049,577,7.0,45.895,-3.306197708892302,8.49936147896683,875.3111402427875,638.2242665088238
2049,579,7.003,45.96,-3.1625727880415684,8.694663793922826,900.0890716479977,674.6384948869875
2049,582,7.008,45.954,-3.199793768823569,8.656804680907513,895.9990196267657,669.693010731502
2050,423,6.776,45.799,-3.6061806466374033,9.357164366847085,1097.928107356108,802.8860658963667
2050,424,6.778,45.809,-3.5818873665208297,9.385270287438432,1101.2412994558251,810.2675494554468
2050,427,6.783,45.817,-3.575644939882756,9.393123106139846,1101.2083404731336,814.5557516050518
2050,429,6.784,45.784,-3.684224540063205,9.268292290641078,1084.382631707996,786.8481338429845
2050,431,6.785,45.822,-3.567504135035313,9.402799505781326,1102.067217445212,817.7355623677151
2050,437,6.792,45.817,-3.6103501294432885,9.354516631532638,1094.1166706586573,810.3439632439968
2050,447,6.799,45.819,-3.6310809153764483,9.33174568289492,1089.570230992815,808.6953845562591
2050,448,6.799,45.827,-3.6616780363600077,9.215169710455775,1133.4268403946228,820.0449198076487
2050,449,6.799,45.837,-3.5747216618515694,9.3970524674058,1098.2737791994987,823.3265641167163
2050,459,6.811,45.849,-3.5845070531242023,9.388485029779918,1094.5334633878088,827.1866603292206
2050,460,6.819,45.856,-3.594557158931898,9.378915564509803,1091.5235957748623,828.8471127319795
2050,462,6.823,45.859,-3.6012324842242682,9.372267536207655,1089.7696954909304,829.2501748290136
2050,464,6.831,45.863,-3.6208678707744477,9.351702045328047,1085.2923443970387,828.4288716288467
2050,468,6.844,45.863,-3.672686691224735,9.294956052392525,1074.9138750458021,821.9349184934844
2050,484,6.862,45.976,-3.410733182856494,9.61468665087148,1113.7696269196922,899.0838015377849
2050,488,6.865,45.868,-3.7416707816181747,9.22088882037999,1060.503985315097,815.267088058946
2050,489,6.865,45.99,-3.382423848855761,9.650313496210396,1117.9133339373673,907.9252892914807
2050,490,6.865,45.99,-3.382423848855761,9.650313496210396,1117.9133339373673,907.9252892914807
2050,491,6.865,45.99,-3.382423848855761,9.650313496210396,1117.9133339373673,907.9252892914807
2050,497,6.871,45.984,-3.4938401816598166,9.463513176835967,1148.9968554071604,904.2290630516503
2050,498,6.871,45.984,-3.4938401816598166,9.463513176835967,1148.9968554071604,904.2290630516503
2050,499,6.871,45.984,-3.4938401816598166,9.463513176835967,1148.9968554071604,904.2290630516503
2050,500,6.871,45.992,-3.470922905576086,9.491945769144412,1152.8496159226158,910.2679628506127
2050,503,6.875,45.88,-3.74667582840961,9.21919764547732,1058.094858501328,819.3230602717771
2050,504,6.877,45.985,-3.44911503448024,9.577931353700524,1105.5431911138762,897.1673717328307
2050,506,6.88,45.886,-3.7494325645104265,9.218204403067364,1056.8691712476757,821.2853702633752
2050,509,6.882,45.877,-3.7836042829817327,9.177970926119286,1051.1026054072815,813.4881629570864
2050,517,6.888,45.882,-3.79335951923869,9.16905335828196,1048.6081083499294,814.172413315193
2050,518,6.889,45.892,-3.768630680125259,9.199462107664095,1052.413876848715,821.1262219846008
2050,524,6.901,45.901,-3.7918597360867645,9.177657570278933,1046.8922882516376,821.5324443730367
2050,526,6.906,45.895,-3.8292997567894034,9.134804816224811,1040.1273508814684,814.4990304484894
2050,527,6.909,45.897,-3.835888375897058,9.128447463510065,1038.6273272193403,814.3991025302
2050,530,6.912,45.907,-3.820015758303442,9.149612548998984,1040.7621595007363,820.1288593089149
2050,531,6.919,45.906,-3.8515802918197464,9.115120424843866,1034.6632652383475,815.6960520737395
2050,534,6.924,45.911,-3.858227911090564,9.110057703473611,1032.8907951829688,816.6567498636706
2050,535,6.928,45.905,-3.8913146725520456,9.071783305183846,1026.9612554300918,810.2156765632878
2050,537,6.934,45.883,-3.97643735961299,8.970232623365494,1012.2857521188874,791.3043119571295
2050,539,6.947,45.933,-3.893339023840314,9.082327287592227,1024.135374421917,819.909888632886
2050,541,6.951,45.939,-3.8938637644948466,9.084680302347362,1023.554718910065,821.9250053373001
2050,542,6.952,45.951,-3.8656775996139636,9.120716234742712,1028.0809062117646,829.7674041520798
2050,543,6.955,45.927,-3.94295190238417,9.026254617989647,1014.9778639377018,811.3384776787528
2050,544,6.955,45.946,-3.891833650974018,9.090326787224631,1023.406589996109,824.6023335236182
2050,547,6.957,45.955,-3.876111592387126,9.111644737006248,1025.7689781604506,829.7510916906907
2050,548,6.96,45.887,-4.070838539605214,8.869343585476344,993.3113053460037,780.7469915629678
2050,549,6.961,45.912,-4.008055223494723,8.94899852867886,1003.5056355841447,797.6485966149797
2050,553,6.969,45.888,-4.104672328015338,8.83305277704304,986.5708397648716,776.7925367107949
2050,557,6.977,45.894,-4.121355989622681,8.817820799870017,982.7992802227416,776.775071933402
2050,564,6.985,45.951,-4.005420278913694,8.971904380882233,1001.1307388581159,811.2957150670205
2050,566,6.986,45.973,-3.952391718682377,9.04046486183622,1009.8968449414924,825.5921659765545
2050,567,6.986,45.973,-3.952391718682377,9.04046486183622,1009.8968449414924,825.5921659765545
2050,569,6.988,45.987,-3.924624132306703,9.077826884680515,1014.3547301686148,833.8597280030791
2050,571,6.99,45.969,-3.979945083951306,9.009023495388472,1004.8687484298299,820.6056277296677
2050,572,6.992,45.913,-4.133327800881139,8.814500590169262,979.0043535548355,781.7894622222937
2050,574,6.994,45.896,-4.1854470682451534,8.74936637083856,970.0879954233636,769.2649955994142
2050,575,6.994,45.965,-4.007408062480621,8.97763462848158,999.8523692939237,815.6394392916065
2050,577,7.0,45.895,-4.2124860427979325,8.71955267969756,964.8715669992874,765.459390233948
2050,579,7.003,45.96,-4.060480566052463,8.921855881405456,991.5664763113953,807.847081601012
2050,582,7.008,45.954,-4.099146229255909,8.882847928389506,986.9524924920239,802.1793504820118
2051,423,6.776,45.799,-3.1761634637064025,8.057262184560527,947.2603979837745,838.6561257813479
2051,424,6.778,45.809,-3.1533635997256826,8.084439831269824,948.9538791003458,847.4970538198066
2051,427,6.783,45.817,-3.1480999719498914,8.09168786185805,947.9377710010118,852.7987861921321
2051,429,6.784,45.784,-3.2513134026264203,7.970200458155301,937.1174741300783,819.9627413801798
2051,431,6.785,45.822,-3.140637133930631,8.100943932300172,948.0792630702231,856.6748037216702
2051,437,6.792,45.817,-3.1822425273572064,8.053440637031315,941.6813243929935,848.133166655309
2051,447,6.799,45.819,-3.2028536182211074,8.030751095571112,937.4275187047531,846.4484120678427
2051,448,6.799,45.827,-3.2347223762930417,7.913383085858364,974.2328518252007,859.2996328073328
2051,449,6.799,45.837,-3.1493555481451145,8.094275796216372,942.8967185724291,863.9638597930309
2051,459,6.811,45.849,-3.1602531046286315,8.085027494503832,938.1461651438893,869.1548156050455
2051,460,6.819,45.856,-3.1708692523547026,8.075113402877589,934.6557988722376,871.5425355955838
2051,462,6.823,45.859,-3.1777445969483002,8.068344766236073,932.7551415070637,872.2268986817007
2051,464,6.831,45.863,-3.1974611730049016,8.047736655331928,928.3488798156595,871.6350001758542
2051,468,6.844,45.863,-3.2483970478362862,7.991553482093992,919.2546223963379,864.4343588542745
2051,484,6.862,45.976,-3.0023465473952573,8.30139849830417,939.6587208732018,960.8650704550018
2051,488,6.865,45.868,-3.316710846902094,7.917924624666258,906.0502122001266,857.4534882332429
2051,489,6.865,45.99,-2.975910446908084,8.335861885515948,941.5779122322738,972.2709112212034
2051,490,6.865,45.99,-2.975910446908084,8.335861885515948,941.5779122322738,972.2709112212034
2051,491,6.865,45.99,-2.975910446908084,8.335861885515948,941.5779122322738,972.2709112212034
2051,497,6.871,45.984,-3.085926770794336,8.149939584634172,968.3258852517921,967.2504942261453
2051,498,6.871,45.984,-3.085926770794336,8.149939584634172,968.3258852517921,967.2504942261453
2051,499,6.871,45.984,-3.085926770794336,8.149939584634172,968.3258852517921,967.2504942261453
2051,500,6.871,45.992,-3.064213464472911,8.177622427843666,970.675325059479,974.8876965580039
2051,503,6.875,45.88,-3.322831146555641,7.91554895920717,902.5479449270134,862.9376897075477
2051,504,6.877,45.985,-3.0408586125789077,8.264577547020675,931.4973725833878,959.6578582568445
2051,506,6.88,45.886,-3.3261349360678056,7.914220079046278,900.7831879305348,865.6190378062677
2051,509,6.882,45.877,-3.358822577102871,7.874912766380845,896.7870551709271,856.2262897211672
2051,517,6.888,45.882,-3.3689029273172157,7.865798775761951,894.0337663209582,857.4028276931072
2051,518,6.889,45.892,-3.3455877533915683,7.895328242570377,896.205867139319,865.9572384681178
2051,524,6.901,45.901,-3.369283647208506,7.873245135011004,890.3669707242649,867.1923608759272
2051,526,6.906,45.895,-3.405483445680572,7.8311696935561494,885.1571344221994,858.877313306093
2051,527,6.909,45.897,-3.412149094332076,7.824767412754193,883.6246413299989,858.9407940802141
2051,530,6.912,45.907,-3.39751753352572,7.845162782826706,884.3536378376775,866.1688235055246
2051,531,6.919,45.906,-3.42842559428626,7.8110865224813715,879.1627378331552,861.1695098751522
2051,534,6.924,45.911,-3.435429710751259,7.805806917184323,877.0627596351077,862.6804131836155
2051,535,6.928,45.905,-3.467359441015483,7.768256993464831,872.5781049416253,855.0145143140643
2051,537,6.934,45.883,-3.5488969179158714,7.6689446297620085,862.2431467626958,832.2192880141295
2051,539,6.947,45.933,-3.471963486871873,7.7772142547159095,867.0343320917277,868.3057832282961
2051,541,6.951,45.939,-3.4730302459955675,7.7792339298355495,865.8750507120455,871.1063963923859
2051,542,6.952,45.951,-3.446458999923786,7.814265473389877,868.4767495377273,880.9633956539116
2051,543,6.955,45.927,-3.520123458176129,7.72205435887096,859.7584762917248,858.2504789606245
2051,544,6.955,45.946,-3.4716771400686373,7.784463047480012,864.9832141399716,874.7454216726443
2051,547,6.957,45.955,-3.4570632803598307,7.805093129122855,866.0440810553846,881.3352497550999
2051,548,6.96,45.887,-3.642031280826349,7.568870669984229,845.2830101054476,820.9213059057968
2051,549,6.961,45.912,-3.58267530636466,7.646392891265097,851.4394870558586,841.7451906063699
2051,553,6.969,45.888,-3.675367407321941,7.532898840248087,839.3109261583924,816.6520360508888
2051,557,6.977,45.894,-3.692312483495618,7.517512278420891,835.3908929312253,817.1460055644067
2051,564,6.985,45.951,-3.5836191996269138,7.667095518565503,845.208495853038,860.4710202707477
2051,566,6.986,45.973,-3.5335260799526873,7.733829688947568,850.4300164275676,878.4999629490887
2051,567,6.986,45.973,-3.5335260799526873,7.733829688947568,850.4300164275676,878.4999629490887
2051,569,6.988,45.987,-3.5075113287555784,7.770102647244649,852.7797341268649,889.1189084111681
2051,571,6.99,45.969,-3.560210013973303,7.702933729329939,846.5255137370604,872.5613589471502
2051,572,6.992,45.913,-3.7058002303501407,7.513263746458447,830.0871871680259,824.3354967698891
2051,574,6.994,45.896,-3.7554591228732432,7.449663158421636,824.1378743421506,809.0545526955364
2051,575,6.994,45.965,-3.5868073205502116,7.672087919910133,842.6279591074674,866.6532894399553
2051,577,7.0,45.895,-3.7819319818613986,7.420208014626243,819.7132441157011,804.7843324617548
2051,579,7.003,45.96,-3.638485763653639,7.617186352005113,835.9926466094233,857.4932658240809
2051,582,7.008,45.954,-3.6759484451514632,7.578932438408946,832.6050270377884,850.5822874837991
2052,423,6.776,45.799,-4.452207635273183,9.142274338682101,843.4940975745395,720.4401056487876
2052,424,6.778,45.809,-4.426617858930364,9.168750383365914,845.874312856761,727.0769175994195
2052,427,6.783,45.817,-4.419254561022908,9.175222551214377,845.7639987967372,730.8868362916422
2052,429,6.784,45.784,-4.5319450539425485,9.05560112041487,833.4807800037657,705.8826115820636
2052,431,6.785,45.822,-4.410438620921844,9.184061164419171,846.3552567150016,733.731859820772
2052,437,6.792,45.817,-4.453742158187522,9.13641338516889,840.440238248358,726.9803083430676
2052,447,6.799,45.819,-4.47405156122762,9.113167517210046,837.0052286567978,725.4103860170511
2052,448,6.799,45.827,-4.503640104759471,8.99532246307231,870.5383841156529,735.6222343900226
2052,449,6.799,45.837,-4.4154230084363775,9.175618867899082,843.3486070655587,738.6053375527481
2052,459,6.811,45.849,-4.423385774115794,9.164875181730705,840.4145518800328,741.9377420161409
2052,460,6.819,45.856,-4.432339709337244,9.154012654977684,838.081844348002,743.3343323368844
2052,462,6.823,45.859,-4.438528451347427,9.146797228325905,836.7339105891027,743.6471120775803
2052,464,6.831,45.863,-4.457442406608238,9.125414161781187,833.3310409824959,742.8054237064605
2052,468,6.844,45.863,-4.508916347607651,9.068371700384546,825.5378164003279,736.790238996856
2052,484,6.862,45.976,-4.231875120210346,9.369722073716183,853.5239646283495,806.0450311858727
2052,488,6.865,45.868,-4.576696089257165,8.993030344361644,814.6608815317699,730.5214532380621
2052,489,6.865,45.99,-4.201656603345101,9.403051812760229,856.4856268475704,813.9667050467231
2052,490,6.865,45.99,-4.201656603345101,9.403051812760229,856.4856268475704,813.9667050467231
2052,491,6.865,45.99,-4.201656603345101,9.403051812760229,856.4856268475704,813.9667050467231
2052,497,6.871,45.984,-4.3136533192292665,9.217064435704618,880.5018754181463,810.5230132481998
2052,498,6.871,45.984,-4.3136533192292665,9.217064435704618,880.5018754181463,810.5230132481998
2052,499,6.871,45.984,-4.3136533192292665,9.217064435704618,880.5018754181463,810.5230132481998
2052,500,6.871,45.992,-4.289698011362207,9.244224390199157,883.3033351052911,815.963654368505
2052,503,6.875,45.88,-4.579873785161006,8.989201555042284,812.7281699160978,734.0434602668133
2052,504,6.877,45.985,-4.2686018113991615,9.331182182015159,847.2695638958954,804.0886684049801
2052,506,6.88,45.886,-4.581712243578734,8.987138949780945,811.7462126100345,735.7441536710859
2052,509,6.882,45.877,-4.617001399636839,8.948291907052996,807.503511212016,728.7047639443906
2052,517,6.888,45.882,-4.625940048915299,8.93844106561044,805.5778244935835,729.2432053033396
2052,518,6.889,45.892,-4.5998769648216875,8.96723498387058,808.337419073275,735.4836384562234
2052,524,6.901,45.901,-4.621588282721254,8.943721250334567,804.0969553713894,735.6909271305766
2052,526,6.906,45.895,-4.659675204038599,8.90170907178587,799.0713338771817,729.3033775500262
2052,527,6.909,45.897,-4.665915932244139,8.894964081923419,797.9234798150059,729.1743000135066
2052,530,6.912,45.907,-4.648640005727629,8.914466793354908,799.428886090747,734.2833550646741
2052,531,6.919,45.906,-4.680135293539122,8.879972506871942,794.8531314468368,730.2076723422344
2052,534,6.924,45.911,-4.685976951726354,8.873997397107413,793.4707070224846,731.0040253613805
2052,535,6.928,45.905,-4.719743790670074,8.836587182184786,789.0703120874169,725.166440272665
2052,537,6.934,45.883,-4.807619878219453,8.738406423859132,778.2438911754355,708.1106335988409
2052,539,6.947,45.933,-4.717481352220751,8.842225567614335,786.6698973216968,733.6127436303864
2052,541,6.951,45.939,-4.7170825889294035,8.843528190847547,786.1747220657993,735.3657287580144
2052,542,6.952,45.951,-4.68725925666492,8.877625891101655,789.4618197368229,742.3889120370126
2052,543,6.955,45.927,-4.767657657478318,8.786924588508807,779.8391921570915,725.8125315787196
2052,544,6.955,45.946,-4.713992467538818,8.84796438953309,785.9953123875281,737.7121125907062
2052,547,6.957,45.955,-4.697001496985709,8.867799207859044,787.6846398687718,742.3032238861606
2052,548,6.96,45.887,-4.900767488288891,8.636282721882118,763.9153913679751,698.3100164290018
2052,549,6.961,45.912,-4.834597510420149,8.711923827403261,771.3500531259716,713.4532173398784
2052,553,6.969,45.888,-4.934216703327733,8.599625647749182,758.8270386195593,694.6509633462929
2052,557,6.977,45.894,-4.949866857899646,8.583251588779657,755.9268322700193,694.533801619067
2052,564,6.985,45.951,-4.8259779738212005,8.728043534707401,769.1868159786666,725.3600631227414
2052,566,6.986,45.973,-4.769934422968995,8.793065293369136,775.5738851511844,738.1566537828608
2052,567,6.986,45.973,-4.769934422968995,8.793065293369136,775.5738851511844,738.1566537828608
2052,569,6.988,45.987,-4.7402022119214795,8.828143118565375,778.7941735974613,745.5358596486185
2052,571,6.99,45.969,-4.797902528271222,8.762169247020598,771.8286991606735,733.6305977396819
2052,572,6.992,45.913,-4.9588340659616685,8.576549720863083,752.8845157202463,698.8321853639977
2052,574,6.994,45.896,-5.013207904249143,8.514086538412592,746.3256085759663,687.5899619061446
2052,575,6.994,45.965,-4.8257818831855515,8.731325897774836,768.091375671663,729.1241091042224
2052,577,7.0,45.895,-5.040213929260203,8.48429466940788,742.4014949221042,684.1063518313176
2052,579,7.003,45.96,-4.879251200839216,8.676135709092945,761.9199844724255,722.0160778409054
2052,582,7.008,45.954,-4.918579974766957,8.637970288680592,758.5334412554923,716.8695466380398
2053,423,6.776,45.799,-2.221345547904316,8.192380209988288,774.9803984602399,807.66279845455
2053,424,6.778,45.809,-2.1977042261577946,8.21568670261262,777.5883083806913,817.0810251954312
2053,427,6.783,45.817,-2.19171987606402,8.22041617167968,778.0056182190727,822.956275818496
2053,429,6.784,45.784,-2.2975606655342373,8.112986240533068,765.7484846689565,788.4535580557538
2053,431,6.785,45.822,-2.183827362891953,8.227907956569977,778.812114610975,827.1661736438335
2053,437,6.792,45.817,-2.2257279176729345,8.18369787551102,773.5902185666291,818.5432395352966
2053,447,6.799,45.819,-2.246077643071487,8.161356626979536,770.8621505604783,817.1644590859448
2053,448,6.799,45.827,-2.2773194266548336,8.040625122045277,801.9967847488887,830.294804020203
2053,449,6.799,45.837,-2.1911688803961673,8.217313463376442,777.2515781403218,835.7131815378991
2053,459,6.811,45.849,-2.2009900929959456,8.205068710055162,775.5416634310706,841.965391996995
2053,460,6.819,45.856,-2.2109828982284054,8.193581146850565,774.0154143928593,845.0125587882561
2053,462,6.823,45.859,-2.2175891535417276,8.186236791283672,773.0672331321803,845.9979237417408
2053,464,6.831,45.863,-2.236925200276119,8.16531832924414,770.4541889822252,845.8822487517854
2053,468,6.844,45.863,-2.2877344722139026,8.111359523533878,763.9156723865084,839.0333027351871
2053,484,6.862,45.976,-2.0334585460739203,8.376964526515415,793.9624130282338,944.6580456919231
2053,488,6.865,45.868,-2.355489256528331,8.039230473212903,755.0492870223283,832.9401375393749
2053,489,6.865,45.99,-2.0060389983458915,8.406088725837202,797.2559939999973,957.4160012724499
2053,490,6.865,45.99,-2.0060389983458915,8.406088725837202,797.2559939999973,957.4160012724499
2053,491,6.865,45.99,-2.0060389983458915,8.406088725837202,797.2559939999973,957.4160012724499
2053,497,6.871,45.984,-2.116504477664422,8.223724460075125,819.7449929963444,951.9124926335323
2053,498,6.871,45.984,-2.116504477664422,8.223724460075125,819.7449929963444,951.9124926335323
2053,499,6.871,45.984,-2.116504477664422,8.223724460075125,819.7449929963444,951.9124926335323
2053,500,6.871,45.992,-2.0942294012249145,8.24805913758223,822.5808147174414,960.2917400290318
2053,503,6.875,45.88,-2.360680607962657,8.033546219291924,754.0834413238791,839.4912610999518
2053,504,6.877,45.985,-2.071390529966968,8.33899001417931,789.1262310658861,944.6275443993909
2053,506,6.88,45.886,-2.363530111548123,8.030565440137469,753.5814964674524,842.7158242104558
2053,509,6.882,45.877,-2.3968242668900364,7.995365613747472,749.5036220069619,832.7594967551847
2053,517,6.888,45.882,-2.406514209819304,7.985190148454698,748.1447525149723,834.4317899853189
2053,518,6.889,45.892,-2.3825096117662605,8.010710809465465,751.0195006052203,843.7068179449769
2053,524,6.901,45.901,-2.405526608846724,7.9869307251207005,747.8989394554679,845.8913732419908
2053,526,6.906,45.895,-2.4420967774460847,7.948221401639862,743.3145339272737,837.2738446262051
2053,527,6.909,45.897,-2.4486122382652096,7.9414999725603135,742.4428213988341,837.5555186481022
2053,530,6.912,45.907,-2.4333072081992957,7.958237077327364,744.2407952339685,845.5819680451089
2053,531,6.919,45.906,-2.4642467519640765,7.9257839936305,740.2918571757372,840.6845180293839
2053,534,6.924,45.911,-2.470905405660075,7.919280085340865,739.366626175293,842.6868541019793
2053,535,6.928,45.905,-2.50320052847157,7.884921714613663,735.3102064684318,834.6805705903918
2053,537,6.934,45.883,-2.5860960699875597,7.795813257768349,724.9771690875353,810.4897248074698
2053,539,6.947,45.933,-2.50598457306218,7.885489266428564,734.6359716553762,850.5415837205431
2053,541,6.951,45.939,-2.506677083405211,7.885702464497979,734.4998437516875,853.9081322810249
2053,542,6.952,45.951,-2.4793720792017937,7.91591075590147,737.8975643715743,864.7528562746561
2053,543,6.955,45.927,-2.554494301795812,7.834210826785842,728.4880614358094,840.2129847107841
2053,544,6.955,45.946,-2.5048944501010637,7.888710097394167,734.679826450598,858.1993325186293
2053,547,6.957,45.955,-2.489735531551335,7.905940719934219,736.5592167894811,865.5678176515439
2053,548,6.96,45.887,-2.6787955070318876,7.698537263838355,712.9348932350533,800.1095062066636
2053,549,6.961,45.912,-2.617931683688019,7.765828092157585,720.4920852169237,822.7274179264118
2053,553,6.969,45.888,-2.712009309543673,7.663695216856423,708.6246550793816,796.1287181640146
2053,557,6.977,45.894,-2.728549785554639,7.647188621401564,706.4164836251588,797.2296575955253
2053,564,6.985,45.951,-2.6165396410300534,7.774464558818988,720.430280133168,845.0139542491112
2053,566,6.986,45.973,-2.565188277766982,7.832232053507314,726.9369665570306,864.8873598810616
2053,567,6.986,45.973,-2.565188277766982,7.832232053507314,726.9369665570306,864.8873598810616
2053,569,6.988,45.987,-2.5383812808705994,7.863037380558625,730.3483961843434,876.7600727567877
2053,571,6.99,45.969,-2.592110066836989,7.803693639423687,723.5181357777562,858.6974430275895
2053,572,6.992,45.913,-2.7408701385335337,7.637628334213149,704.6641200011352,806.1260467031215
2053,574,6.994,45.896,-2.791477929943469,7.581431820709703,698.255446256785,789.6839740020616
2053,575,6.994,45.965,-2.6189416059982826,7.775204523897928,720.1065850906231,852.5421263069195
2053,577,7.0,45.895,-2.81797038903185,7.553423665142401,694.8326387669539,785.4868893955725
2053,579,7.003,45.96,-2.670912713392663,7.72394237265395,714.6122852593721,843.1546565248844
2053,582,7.008,45.954,-2.7087098799736262,7.689046140473546,711.5315846842767,835.8450898712696
2054,423,6.776,45.799,-3.637252977120241,8.754915554031221,970.2962748111759,934.6493061587549
2054,424,6.778,45.809,-3.6156193137929273,8.782302429145092,971.3824031972908,943.3757376262593
2054,427,6.783,45.817,-3.6112663702651338,8.789738414577256,970.2279811278122,948.5015529596039
2054,429,6.784,45.784,-3.7105599279542627,8.667598966203677,962.2016877274623,915.8844981553997
2054,431,6.785,45.822,-3.6043826060236643,8.799106034843158,970.1628456387454,952.2772057447706
2054,437,6.792,45.817,-3.6453456357019363,8.751544130227975,964.8951769348012,943.6676940854754
2054,447,6.799,45.819,-3.6661463442206346,8.728936235288753,961.1850603406326,941.8235787070034
2054,448,6.799,45.827,-3.6989704750422607,8.611730107952265,998.1712450623523,955.1273184134152
2054,449,6.799,45.837,-3.614797862831443,8.792825171280569,965.1557679493841,959.0577690827845
2054,459,6.811,45.849,-3.627065868742201,8.783897912226932,960.5885280590254,963.760162190407
2054,460,6.819,45.856,-3.6384841673318364,8.774180396166782,957.286093766863,965.8139326606123
2054,462,6.823,45.859,-3.6457025778830463,8.76750052589351,955.5166352099127,966.3360960369419
2054,464,6.831,45.863,-3.6658668963534646,8.747029636127401,951.5338620472082,965.4613811128761
2054,468,6.844,45.863,-3.7167452653703297,8.690934817392911,943.6601177665707,957.9629657244412
2054,484,6.862,45.976,-3.48451350545126,9.003330245427144,955.6707120470339,1048.948460699965
2054,488,6.865,45.868,-3.7855819929459082,8.617556421526523,931.9393152209191,950.3394890801916
2054,489,6.865,45.99,-3.4598076623876093,9.038122417736563,956.5652144428591,1059.3825582718075
2054,490,6.865,45.99,-3.4598076623876093,9.038122417736563,956.5652144428591,1059.3825582718075
2054,491,6.865,45.99,-3.4598076623876093,9.038122417736563,956.5652144428591,1059.3825582718075
2054,497,6.871,45.984,-3.569099630115745,8.852126042644763,984.9605083161194,1055.0082965984418
2054,498,6.871,45.984,-3.569099630115745,8.852126042644763,984.9605083161194,1055.0082965984418
2054,499,6.871,45.984,-3.569099630115745,8.852126042644763,984.9605083161194,1055.0082965984418
2054,500,6.871,45.992,-3.5483743619391594,8.87998221591737,986.542872575957,1062.1211966170326
2054,503,6.875,45.88,-3.7931456722288104,8.615510663861441,928.2847926773189,955.2003174405115
2054,504,6.877,45.985,-3.5241699477962634,8.966840998392804,947.9994515597657,1046.7677736791943
2054,506,6.88,45.886,-3.7971762555236834,8.614348526298642,926.434312577613,957.5499369298832
2054,509,6.882,45.877,-3.828740500927344,8.574858756966583,923.3938316552982,948.4086412075965
2054,517,6.888,45.882,-3.839421417954723,8.565897235421861,920.7225960834977,949.264149950655
2054,518,6.889,45.892,-3.8173481536262495,8.595654116326202,922.1075080532711,957.4379524948296
2054,524,6.901,45.901,-3.8421375553127186,8.573859845505046,916.4904284982432,958.0062716962349
2054,526,6.906,45.895,-3.877573073340052,8.531687991515081,912.2229816290154,949.7887754084371
2054,527,6.909,45.897,-3.884482215205127,8.525352851136143,910.7618246360497,949.6929422381619
2054,530,6.912,45.907,-3.871101467414027,8.545995449010022,910.8546517378256,956.4346941533277
2054,531,6.919,45.906,-3.901869803533536,8.511950265267313,906.3192984268414,951.2805184958313
2054,534,6.924,45.911,-3.9094965473807246,8.50682251350008,904.1768649734238,952.4371166165777
2054,535,6.928,45.905,-3.9406590483262187,8.469166797065856,900.5408013583047,944.9110176128188
2054,537,6.934,45.883,-4.019388569186449,8.36939601705759,892.6094664664063,922.7923454229165
2054,539,6.947,45.933,-3.948803116400395,8.478917999702128,893.9738381638858,956.3608532569436
2054,541,6.951,45.939,-3.950636310210089,8.481109962957014,892.5770951473846,958.7348320862695
2054,542,6.952,45.951,-3.9256021307031013,8.516429126536519,894.1682702741496,967.9190473136011
2054,543,6.955,45.927,-3.996189846704765,8.423683591281547,887.8391633869887,946.3581634319404
2054,544,6.955,45.946,-3.950180629556998,8.486535658422804,891.3529361574074,961.8815732115601
2054,547,6.957,45.955,-3.93672277382292,8.507393011376134,891.7460945675471,967.9130518661714
2054,548,6.96,45.887,-4.11295161816208,8.269602841341982,877.2773243300038,910.5916688328662
2054,549,6.961,45.912,-4.0568077996367915,8.347718710084084,881.303557573255,930.3654545314342
2054,553,6.969,45.888,-4.146389244885274,8.233720086945446,871.8770589450619,906.0144395618728
2054,557,6.977,45.894,-4.1640873716655875,8.218534509713194,868.0058625011577,906.0315743667504
2054,564,6.985,45.951,-4.06278104214175,8.369541171642112,873.2972060579356,946.3868003014272
2054,566,6.986,45.973,-4.015549072599478,8.436810827524777,876.5803393779955,963.088152218569
2054,567,6.986,45.973,-4.015549072599478,8.436810827524777,876.5803393779955,963.088152218569
2054,569,6.988,45.987,-3.991359909691089,8.473437633172718,877.7793033774955,972.7450527319494
2054,571,6.99,45.969,-4.041719251863701,8.405854673396217,873.3215180176579,957.2647163046513
2054,572,6.992,45.913,-4.180012104779338,8.21485451715197,862.0745657597577,911.9434791788323
2054,574,6.994,45.896,-4.227449658082156,8.150859625688996,857.7657468451428,897.3285448642579
2054,575,6.994,45.965,-4.067800988940031,8.374948033482882,870.0662993465321,951.4668365261233
2054,577,7.0,45.895,-4.25377638419915,8.1214249659748,853.8377325858826,892.9079630099383
2054,579,7.003,45.96,-4.118836727860119,8.320004430400543,864.5354705756258,942.3733480701084
2054,582,7.008,45.954,-4.155517151603728,8.281647804066555,862.0908798473819,935.762277603814
2055,423,6.776,45.799,-4.981168207448723,9.989077484368709,962.4612066975175,680.2378801510133
2055,424,6.778,45.809,-4.956175340339516,10.01540074483333,964.8306855351381,687.0261805930811
2055,427,6.783,45.817,-4.949480432402686,10.021615908146414,964.4370567432439,691.1778891144396
2055,429,6.784,45.784,-5.060613379153999,9.902192600520191,951.5967667003617,666.1451518710252
2055,431,6.785,45.822,-4.9410207628242295,10.030339049425923,964.9388082572916,694.1717702117697
2055,437,6.792,45.817,-4.984470378112114,9.982449019398947,958.3933172042531,687.8263264717325
2055,447,6.799,45.819,-5.005269407979312,9.9589108839325,954.4250600727398,686.6957829371012
2055,448,6.799,45.827,-5.035253596680137,9.841009674837226,992.3628857901708,696.7263729058585
2055,449,6.799,45.837,-4.947531056818326,10.021235885967062,961.0061326200929,700.0104009290828
2055,459,6.811,45.849,-4.956771574535451,10.009935837458867,957.2472595280235,704.1879023524227
2055,460,6.819,45.856,-4.966533170238612,9.99871118413511,954.3433937108673,706.1481360012027
2055,462,6.823,45.859,-4.9731021464028835,9.991318581515579,952.7017269641191,706.7394298608823
2055,464,6.831,45.863,-4.99267796047596,9.969595302476797,948.6854662146425,706.433457882345
2055,468,6.844,45.863,-5.044900075316774,9.91204365799,939.821769566492,701.2059393970006
2055,484,6.862,45.976,-4.774751829964235,10.211985432056634,967.2853277928273,773.7556733728329
2055,488,6.865,45.868,-5.114148132809135,9.83584883254859,927.2627409994858,696.2557075939193
2055,489,6.865,45.99,-4.74544599374436,10.245115294473553,970.0859698797807,782.2454940023691
2055,490,6.865,45.99,-4.74544599374436,10.245115294473553,970.0859698797807,782.2454940023691
2055,491,6.865,45.99,-4.74544599374436,10.245115294473553,970.0859698797807,782.2454940023691
2055,497,6.871,45.984,-4.857503735854684,10.058939180016239,997.4932065437808,778.8551703387486
2055,498,6.871,45.984,-4.857503735854684,10.058939180016239,997.4932065437808,778.8551703387486
2055,499,6.871,45.984,-4.857503735854684,10.058939180016239,997.4932065437808,778.8551703387486
2055,500,6.871,45.992,-4.833965802493373,10.08605023010193,1000.3461340608936,784.5207030094234
2055,503,6.875,45.88,-5.1185311058163805,9.831556240916141,924.6080797506846,700.5431153867011
2055,504,6.877,45.985,-4.812877325206994,10.172825019934567,959.7752761161179,772.9686562956547
2055,506,6.88,45.886,-5.12097559799467,9.829262867396512,923.2600471176406,702.6331424598973
2055,509,6.882,45.877,-5.155908312000937,9.79039183911731,918.777650627033,695.5688464474817
2055,517,6.888,45.882,-5.16545950679699,9.780277552170286,916.3940714760906,696.5354495181672
2055,518,6.889,45.892,-5.139983199853544,9.808973676953254,919.1475155102054,703.0004116868298
2055,524,6.901,45.901,-5.162877999847137,9.784942690031741,913.9673983794715,704.0665343947886
2055,526,6.906,45.895,-5.2009388949640805,9.742771098384445,908.4819090737767,697.8579273376452
2055,527,6.909,45.897,-5.207463110919327,9.735898543724133,907.0964417310563,697.9373420696596
2055,530,6.912,45.907,-5.190900873002866,9.755229065786754,908.4145459701597,703.4073071305342
2055,531,6.919,45.906,-5.222756660220003,9.720469989661922,903.2439740194586,699.7124106177063
2055,534,6.924,45.911,-5.229165044423717,9.714274517115754,901.469988802189,700.8923868162957
2055,535,6.928,45.905,-5.262843401142503,9.676742420615966,896.699334195154,695.161665292185
2055,537,6.934,45.883,-5.349874240173063,9.578446867316742,885.2481309405589,678.0340619749196
2055,539,6.947,45.933,-5.263245640321227,9.68150228172484,892.8319370330105,705.2720635824573
2055,541,6.951,45.939,-5.263418785897701,9.682621121627623,892.0211600296374,707.3885386014463
2055,542,6.952,45.951,-5.234318602546825,9.71661948930903,895.2699139903801,714.7606448752439
2055,543,6.955,45.927,-5.3135714419455065,9.625925342400295,885.2968876395563,697.7791280776103
2055,544,6.955,45.946,-5.260957724827792,9.686869085515681,891.527417006292,710.1266827439961
2055,547,6.957,45.955,-5.244586865331961,9.70658238301436,893.0781503516421,715.0547911064115
2055,548,6.96,45.887,-5.444759931877863,9.475291373831187,868.7828011501877,669.7296554654353
2055,549,6.961,45.912,-5.380037586784294,9.550769109706827,876.2405344134838,685.4217472618856
2055,553,6.969,45.888,-5.478791130742004,9.438279627833104,862.9517808071075,666.5736662675918
2055,557,6.977,45.894,-5.495246268582809,9.421566070482701,859.4099802123617,666.9988577189138
2055,564,6.985,45.951,-5.375046082296449,9.56578114607415,872.1685508410782,699.539677733486
2055,566,6.986,45.973,-5.320306626022546,9.630662204432536,878.5190712561433,712.9783187650631
2055,567,6.986,45.973,-5.320306626022546,9.630662204432536,878.5190712561433,712.9783187650631
2055,569,6.988,45.987,-5.291490016228868,9.665599499107994,881.5927511497938,720.8665571863872
2055,571,6.99,45.969,-5.348294893324175,9.599633485409033,874.4207461054973,708.556684853164
2055,572,6.992,45.913,-5.50617228924214,9.41419532820858,855.1750360118306,672.4851661638689
2055,574,6.994,45.896,-5.559699200807705,9.351732669540285,848.400866715875,660.9918225228953
2055,575,6.994,45.965,-5.376193203052542,9.568657060680094,870.3314900630927,704.1549346536959
2055,577,7.0,45.895,-5.587000968002739,9.321712774561927,843.9749537484604,657.8007854445893
2055,579,7.003,45.96,-5.429929361077778,9.513148173525236,863.505838813301,697.3699127957728
2055,582,7.008,45.954,-5.469220150124998,9.474819349694926,859.8925087863078,692.2928712620925
2056,423,6.776,45.799,-2.3594080473251755,9.585849298087261,769.2406043349316,589.1531903173474
2056,424,6.778,45.809,-2.3364720948402495,9.612315578748982,771.4549840838434,595.3633828644105
2056,427,6.783,45.817,-2.3306757104070517,9.618472312483517,771.3618208793329,599.166945497966
2056,429,6.784,45.784,-2.4333345777700144,9.498192550153014,759.9549691517957,576.2708170552148
2056,431,6.785,45.822,-2.323026714836001,9.62721590807413,771.9149411282025,601.9131554657104
2056,437,6.792,45.817,-2.363684985860007,9.578848265505485,766.4339736458072,596.098528119525
2056,447,6.799,45.819,-2.383445034026465,9.555003242953173,763.2573651327805,595.067158655009
2056,448,6.799,45.827,-2.4154353811665756,9.437296755564988,793.885888267863,604.0626439486941
2056,449,6.799,45.837,-2.3302205393538555,9.617766368828715,769.1505802850348,607.2921674178431
2056,459,6.811,45.849,-2.3398460012169253,9.606146971695967,766.4517047868702,611.1650505450505
2056,460,6.819,45.856,-2.3496195086882605,9.594684391151572,764.3035392404089,612.9977380736497
2056,462,6.823,45.859,-2.356070352721857,9.587160507402697,763.0610329874341,613.558222785128
2056,464,6.831,45.863,-2.374908708760444,9.565125946368479,759.9195855927537,613.3096876819444
2056,468,6.844,45.863,-2.4242957067474142,9.506911023796203,752.7126755759987,608.545548902811
2056,484,6.862,45.976,-2.178866654382493,9.808649875988165,778.7912942304864,676.2330107578947
2056,488,6.865,45.868,-2.490232074880255,9.429764828671118,742.665824853774,604.087744132603
2056,489,6.865,45.99,-2.152471936667089,9.84196123115978,781.5573718011574,684.252345820398
2056,490,6.865,45.99,-2.152471936667089,9.84196123115978,781.5573718011574,684.252345820398
2056,491,6.865,45.99,-2.152471936667089,9.84196123115978,781.5573718011574,684.252345820398
2056,497,6.871,45.984,-2.261730810241385,9.655331325539322,803.3883624036582,680.906984336855
2056,498,6.871,45.984,-2.261730810241385,9.655331325539322,803.3883624036582,680.906984336855
2056,499,6.871,45.984,-2.261730810241385,9.655331325539322,803.3883624036582,680.906984336855
2056,500,6.871,45.992,-2.2402239355627738,9.68263426701542,805.99546641645,686.2346981437597
2056,503,6.875,45.88,-2.4954850132929285,9.42524937866534,740.9010523637567,608.1184772695412
2056,504,6.877,45.985,-2.21608141051733,9.768931426673472,773.0281775365148,675.7064536182617
2056,506,6.88,45.886,-2.4983683788369273,9.422844133722037,740.0047399585231,610.0911769295238
2056,509,6.882,45.877,-2.530577688833262,9.38365544527476,736.0677770949209,603.5637435390743
2056,517,6.888,45.882,-2.5400970856355967,9.373354131676784,734.2979911363852,604.503118534974
2056,518,6.889,45.892,-2.5169501188219416,9.402238121471362,736.8666045007212,610.5038293406978
2056,524,6.901,45.901,-2.539539544777636,9.377807718975651,732.967164314304,611.6003820858134
2056,526,6.906,45.895,-2.574985851731628,9.335237200104569,728.3133824736265,605.8811504166797
2056,527,6.909,45.897,-2.5813710101113605,9.328258708954237,727.2573717151282,605.9828507199965
2056,530,6.912,45.907,-2.5667154713624623,9.347673515244097,728.6681971926243,611.0958925261799
2056,531,6.919,45.906,-2.5968020145545956,9.312532025383614,724.4408555452222,607.7319265153156
2056,534,6.924,45.911,-2.6034101310786597,9.30619901940316,723.1751279223778,608.8834057502721
2056,535,6.928,45.905,-2.6346863656996966,9.26831965585751,719.0997311163718,603.5946329761064
2056,537,6.934,45.883,-2.7147742555276793,9.169195845073805,709.0587284740997,587.7494624211351
2056,539,6.947,45.933,-2.638180167721038,9.272767352783958,716.9466129817724,613.2489952710156
2056,541,6.951,45.939,-2.639037118149989,9.273822291219009,716.5035890870763,615.2827059079017
2056,542,6.952,45.951,-2.6128107415208213,9.308052324990655,719.5652214438976,622.1984387674324
2056,543,6.955,45.927,-2.685240408895632,9.216638048617442,710.6293590922578,606.3579814270067
2056,544,6.955,45.946,-2.6375194505736976,9.278029691448898,716.3545284523923,617.9029325087696
2056,547,6.957,45.955,-2.6230379960860764,9.297852205059623,717.9348255979914,622.5509599807639
2056,548,6.96,45.887,-2.8050431119862833,9.064805436672408,695.8454335080718,580.3049442452002
2056,549,6.961,45.912,-2.746548043450153,9.140820637897011,702.7619112193221,594.9097277476916
2056,553,6.969,45.888,-2.837378994070243,9.027356941661672,691.1538867803027,577.4720745116814
2056,557,6.977,45.894,-2.853648878564973,9.010375023834214,688.4930287356804,577.9579666230388
2056,564,6.985,45.951,-2.7464669249070153,9.155516006332865,700.8611794892855,608.4510505740965
2056,566,6.986,45.973,-2.697207969163267,9.220860880440732,706.8075088377816,621.0917513641899
2056,567,6.986,45.973,-2.697207969163267,9.220860880440732,706.8075088377816,621.0917513641899
2056,569,6.988,45.987,-2.6715898608174053,9.25602281252988,709.813594435697,628.5600100510862
2056,571,6.99,45.969,-2.72330680721096,9.189532307052094,703.343381327265,617.0051533602892
2056,572,6.992,45.913,-2.8662468615027787,9.00268112115488,685.7336338928803,583.2564333146404
2056,574,6.994,45.896,-2.9149355314318326,8.939718433764755,679.6445835424645,572.577968328787
2056,575,6.994,45.965,-2.7493143043386064,9.15825618519785,699.8867669327839,612.9386471112409
2056,577,7.0,45.895,-2.940677883662155,8.909368084967102,676.0245258026154,569.6850692335723
2056,579,7.003,45.96,-2.799829430714634,9.102166905657255,694.1733525953117,606.684507467894
2056,582,7.008,45.954,-2.836491927819126,9.063440712260071,691.0185450554003,601.9371984628817
2057,423,6.776,45.799,-4.525248697596856,9.009854624983914,738.5171164220061,783.4060007333024
2057,424,6.778,45.809,-4.4998240424614675,9.037712362818885,741.950407142029,790.5530635813245
2057,427,6.783,45.817,-4.492800844034156,9.044889509147238,742.9035665846028,794.8753351914603
2057,429,6.784,45.784,-4.605383063319382,8.91983950676389,727.6482495687808,768.4218278051089
2057,431,6.785,45.822,-4.484131950169415,9.05429817695725,744.0893718658208,798.0023468518875
2057,437,6.792,45.817,-4.527833372000082,9.005025718974329,738.1525994237094,791.2501558649369
2057,447,6.799,45.819,-4.548579070638046,8.981279446045853,735.3492338680567,789.9813890169233
2057,448,6.799,45.827,-4.578217456290528,8.864713824870144,765.9375925667263,800.9283852195152
2057,449,6.799,45.837,-4.490062662618257,9.04660952089943,743.3778371877239,803.957116066989
2057,459,6.811,45.849,-4.4988552961078945,9.036352652246286,742.3322413400477,808.1563180697577
2057,460,6.819,45.856,-4.508366647916509,9.025645201540787,741.163887449134,810.0770271525206
2057,462,6.823,45.859,-4.514833212011765,9.018425304100717,740.3504553799114,810.6276965773885
2057,464,6.831,45.863,-4.534290945292318,8.9967128926051,737.8257613233161,810.1727349868174
2057,468,6.844,45.863,-4.586596438445837,8.938106336491597,730.8415181324033,804.5017056499007
2057,484,6.862,45.976,-4.311939534579223,9.254877929821232,770.9964773718939,878.4991370716267
2057,488,6.865,45.868,-4.655775126141683,8.861015524756143,721.7425750560737,798.9589094430198
2057,489,6.865,45.99,-4.282093975777476,9.289999668607962,775.5583753878049,886.9675018833244
2057,490,6.865,45.99,-4.282093975777476,9.289999668607962,775.5583753878049,886.9675018833244
2057,491,6.865,45.99,-4.282093975777476,9.289999668607962,775.5583753878049,886.9675018833244
2057,497,6.871,45.984,-4.394461621537318,9.10230834019027,796.4521895617238,883.8129848366486
2057,498,6.871,45.984,-4.394461621537318,9.10230834019027,796.4521895617238,883.8129848366486
2057,499,6.871,45.984,-4.394461621537318,9.10230834019027,796.4521895617238,883.8129848366486
2057,500,6.871,45.992,-4.3705989511321635,9.130708478009826,800.1035272300147,889.5241136194411
2057,503,6.875,45.88,-4.659738714893335,8.857837182752395,721.5595200213137,803.2028157231898
2057,504,6.877,45.985,-4.349859872438062,9.215809339800064,766.5084761576242,877.1990269972721
2057,506,6.88,45.886,-4.661976806507068,8.856093668393083,721.4524197985654,805.2572234721342
2057,509,6.882,45.877,-4.697285738755379,8.815614400979806,716.4851541692861,797.8979227499452
2057,517,6.888,45.882,-4.706678636021429,8.805805268293522,715.3997410055648,798.7684606045034
2057,518,6.889,45.892,-4.680810099501546,8.836015540527233,719.1633772477501,805.4308699842453
2057,524,6.901,45.901,-4.703439136984458,8.812411121903452,716.5072414211477,806.239248560319
2057,526,6.906,45.895,-4.741774922007606,8.768868593804552,711.2209910510652,799.7134768183946
2057,527,6.909,45.897,-4.748243485393967,8.762060984460936,710.4445894628615,799.7208652681393
2057,530,6.912,45.907,-4.731313292659167,8.78271809154774,713.0751101204845,805.2772914574848
2057,531,6.919,45.906,-4.763264076981635,8.747208860451565,708.8299343489929,801.2908742400915
2057,534,6.924,45.911,-4.769519124118539,8.741374582343198,708.221365504539,802.3686378046432
2057,535,6.928,45.905,-4.803461202546978,8.702563191273573,703.5003152762184,796.3679510953399
2057,537,6.934,45.883,-4.891382077049923,8.60032731165775,691.0018346204363,778.5441949466721
2057,539,6.947,45.933,-4.802955735060168,8.710056851049629,704.8759462110344,806.1769195886512
2057,541,6.951,45.939,-4.802938778141806,8.711756564148185,705.1852927046849,808.2085162577229
2057,542,6.952,45.951,-4.773396231366413,8.74752281187753,709.6706665129982,815.6796267238207
2057,543,6.955,45.927,-4.853578447282017,8.652859398687674,697.9583895905987,798.2693021743892
2057,544,6.955,45.946,-4.800251850072643,8.71673588090619,705.9049833904185,810.8652324507206
2057,547,6.957,45.955,-4.7835628673842265,8.73766122228923,708.5669810339243,815.8055440503998
2057,548,6.96,45.887,-4.986304194740057,8.495635819753222,678.6479546503967,769.2978225284052
2057,549,6.961,45.912,-4.920656626931106,8.574877228890532,688.4353046699952,785.4271577341115
2057,553,6.969,45.888,-5.020364008819255,8.458029537228368,674.2070561290811,765.7988442504713
2057,557,6.977,45.894,-5.036657478572934,8.441566129439739,672.3438387115335,766.0173556151933
2057,564,6.985,45.951,-4.914441571528688,8.593772177615289,691.3302116608496,799.0580478584587
2057,566,6.986,45.973,-4.858911250016896,8.661905730390895,699.846231128902,812.6293896540186
2057,567,6.986,45.973,-4.858911250016896,8.661905730390895,699.846231128902,812.6293896540186
2057,569,6.988,45.987,-4.829607130322912,8.698786639113324,704.5121068244306,820.4988188521559
2057,571,6.99,45.969,-4.887086224080581,8.629910785569269,695.9532465068926,808.0068614702445
2057,572,6.992,45.913,-5.04700954206182,8.435816628502339,671.9423888031013,771.2129102491145
2057,574,6.994,45.896,-5.101166530585644,8.37061309671612,663.9701031084184,759.3415263019467
2057,575,6.994,45.965,-4.915170070237456,8.59797071838585,692.0709089075906,803.4015207512456
2057,577,7.0,45.895,-5.128549895741124,8.33993961314706,660.3261825467297,755.8793814184236
2057,579,7.003,45.96,-4.969176348176869,8.540904999755263,685.8601016492532,796.2614679004921
2057,582,7.008,45.954,-5.008730433513227,8.501230830721365,682.0499608725753,791.0522499984016
2058,423,6.776,45.799,-3.5155225474483087,9.056164212886735,734.388869162213,986.4011843101257
2058,424,6.778,45.809,-3.491331801691552,9.08434639460442,736.2662863866884,995.1351811591755
2058,427,6.783,45.817,-3.485145530255301,9.092061890368306,736.1179413348844,1000.1470531978656
2058,429,6.784,45.784,-3.5933496038647403,8.966561063105324,726.301646323943,967.2315184229551
2058,431,6.785,45.822,-3.477045968520634,9.10171516949742,736.564333747946,1003.885630719601
2058,437,6.792,45.817,-3.5197863681499015,9.05293541570679,731.7583362858741,995.0171965537671
2058,447,6.799,45.819,-3.5404878019032626,9.029795161657932,728.9275433264959,992.9558577120403
2058,448,6.799,45.827,-3.5711677193503863,8.913359745521003,757.9138641214365,1006.6098096859703
2058,449,6.799,45.837,-3.4843148404214572,9.095418197848748,733.9796167080692,1010.2829953964591
2058,459,6.811,45.849,-3.494117802079594,9.086343096289063,731.4657949178866,1014.6448198340406
2058,460,6.819,45.856,-3.504161680533241,9.076408444125807,729.4835983892405,1016.4655990297351
2058,462,6.823,45.859,-3.510827090643928,9.069567071594044,728.346367238815,1016.8695825197884
2058,464,6.831,45.863,-3.5304215139213406,9.048579228909201,725.5073501176946,1015.7540810748839
2058,468,6.844,45.863,-3.582114955900199,8.991042935568299,719.0911752644623,1007.8509021678968
2058,484,6.862,45.976,-3.3207713246175903,9.311198094553507,740.8268771817379,1097.9430978823725
2058,488,6.865,45.868,-3.6509303656471666,8.915765285972453,710.0678978960804,999.58989302151
2058,489,6.865,45.99,-3.2925094657839233,9.346805767208114,743.0856469398236,1108.1603051115878
2058,490,6.865,45.99,-3.2925094657839233,9.346805767208114,743.0856469398236,1108.1603051115878
2058,491,6.865,45.99,-3.2925094657839233,9.346805767208114,743.0856469398236,1108.1603051115878
2058,497,6.871,45.984,-3.4037879402710596,9.15951365041791,764.2499775771261,1103.9326282517925
2058,498,6.871,45.984,-3.4037879402710596,9.15951365041791,764.2499775771261,1103.9326282517925
2058,499,6.871,45.984,-3.4037879402710596,9.15951365041791,764.2499775771261,1103.9326282517925
2058,500,6.871,45.992,-3.380922227518015,9.188049051556483,766.4511467247074,1110.963694709076
2058,503,6.875,45.88,-3.655910998486071,8.913613978613274,708.3312237832484,1004.1733095699419
2058,504,6.877,45.985,-3.358971679414596,9.273531953607229,735.528176314471,1095.2984148860403
2058,506,6.88,45.886,-3.658650647433597,8.91238477193254,707.4468255834535,1006.3819409254044
2058,509,6.882,45.877,-3.6927479420443117,8.871917523664527,704.0501524529426,997.1610879591628
2058,517,6.888,45.882,-3.7024683745081646,8.862688382099616,702.3963169296729,997.845950395904
2058,518,6.889,45.892,-3.677783554446652,8.893151808953231,704.5530141894168,1006.0075872650713
2058,524,6.901,45.901,-3.7009213746326957,8.870692923543558,700.9262247334316,1006.2278417755863
2058,526,6.906,45.895,-3.738275584832108,8.827460411848591,696.8430297332994,997.8538583460478
2058,527,6.909,45.897,-3.7448388347184753,8.820935112510194,695.8652491263026,997.6717298751181
2058,530,6.912,45.907,-3.728973975009998,8.842012778711634,696.9773648401498,1004.3362022475857
2058,531,6.919,45.906,-3.7604504533361975,8.807065218291163,693.1967861415162,998.9749925730217
2058,534,6.924,45.911,-3.76705604958891,8.801731334518657,691.9797747587286,999.9895315270902
2058,535,6.928,45.905,-3.800073694189525,8.763146490321635,688.4125411806508,992.338579503741
2058,537,6.934,45.883,-3.8850582053347607,8.661022645522824,679.7345994306249,969.9797269448858
2058,539,6.947,45.933,-3.801936611699647,8.772703497281492,686.0073665334656,1003.2551994096701
2058,541,6.951,45.939,-3.8024202364772686,8.774840643611405,685.5037135179653,1005.5130453059451
2058,542,6.952,45.951,-3.7742449451444307,8.810901317484717,688.0525171888949,1014.6547064011253
2058,543,6.955,45.927,-3.851430625208507,8.716063712452199,680.416794819557,993.0229419035114
2058,544,6.955,45.946,-3.800348294902914,8.780275460704877,685.2458020991245,1008.5412600163935
2058,547,6.957,45.955,-3.7846139853296688,8.801525883965304,686.5103768239485,1014.503669461438
2058,548,6.96,45.887,-3.979186909659858,8.558547003624234,667.76990667413,957.0074916140414
2058,549,6.961,45.912,-3.9164317786539122,8.638313408207935,673.5813869941004,976.8346293936206
2058,553,6.969,45.888,-4.012923316610746,8.521701337629825,663.5203976292943,952.162584139653
2058,557,6.977,45.894,-4.029523163311576,8.506005342106889,661.013837927521,951.9656819387616
2058,564,6.985,45.951,-3.9135118889715645,8.659893006269709,671.1596880073009,992.2071853959269
2058,566,6.986,45.973,-3.860473524474778,8.728503851664424,676.121367438258,1008.8552769104476
2058,567,6.986,45.973,-3.860473524474778,8.728503851664424,676.121367438258,1008.8552769104476
2058,569,6.988,45.987,-3.8326761363888258,8.765802443472767,678.5707335239965,1018.4215319661716
2058,571,6.99,45.969,-3.8879644821579635,8.696770270663116,673.0632923351212,1002.9314692345658
2058,572,6.992,45.913,-4.041322894354722,8.501836282855699,658.1786296696528,957.5045003024444
2058,574,6.994,45.896,-4.09342126100591,8.436492487890355,652.9781791129392,942.7614341679101
2058,575,6.994,45.965,-3.9153667882755725,8.665091286284449,670.0111389515586,997.0301547539015
2058,577,7.0,45.895,-4.120392181686496,8.406296669779731,649.7196289726847,938.1557866517135
2058,579,7.003,45.96,-3.9683062744447763,8.608684244917795,664.977943291625,987.7294487696777
2058,582,7.008,45.954,-4.006903316212918,8.569317308477363,662.3104229471892,981.0426244153065
2059,423,6.776,45.799,-4.97670182285197,9.106015640563554,1083.1761964351977,744.8389718267027
2059,424,6.778,45.809,-4.950354931418533,9.13632818552451,1085.7814544190283,751.5560079821738
2059,427,6.783,45.817,-4.94335087167016,9.14546122855573,1085.3274086917545,755.558427295747
2059,429,6.784,45.784,-5.060737990742659,9.012277883896683,1071.1524352653873,730.5734475400003
2059,431,6.785,45.822,-4.934435358928649,9.156096680473073,1085.8736567280268,758.4777932606318
2059,437,6.792,45.817,-4.9804009446149875,9.105573454835584,1078.624125689915,751.9989313664421
2059,447,6.799,45.819,-5.00243275007809,9.082302454130367,1074.2186625350498,750.6940303384262
2059,448,6.799,45.827,-5.0309387564299435,8.967712537328374,1116.854598548898,761.0512208498197
2059,449,6.799,45.837,-4.941368488631919,9.152077863824779,1081.4872491460414,763.8719090413186
2059,459,6.811,45.849,-4.951082533924505,9.14476739304704,1077.3048359971956,767.6346327954863
2059,460,6.819,45.856,-4.961324157966081,9.13578264744331,1074.0794039525113,769.3118287212103
2059,462,6.823,45.859,-4.968221156945214,9.12930177879467,1072.257549536602,769.7638260162564
2059,464,6.831,45.863,-4.98882139483492,9.108573807525506,1067.803932256095,769.2018270252801
2059,468,6.844,45.863,-5.043931985842362,9.049955686604097,1057.979635876019,763.648222548552
2059,484,6.862,45.976,-4.7558650029955105,9.394892828774822,1088.4162088473868,832.8050750218102
2059,488,6.865,45.868,-5.1168740240652175,8.974093743892327,1044.0547863994987,758.0848386229486
2059,489,6.865,45.99,-4.724454615763592,9.433518123273922,1091.527061004686,840.6783771157208
2059,490,6.865,45.99,-4.724454615763592,9.433518123273922,1091.527061004686,840.6783771157208
2059,491,6.865,45.99,-4.724454615763592,9.433518123273922,1091.527061004686,840.6783771157208
2059,497,6.871,45.984,-4.838905982218848,9.244352414375214,1122.4943725708736,837.6415808637441
2059,498,6.871,45.984,-4.838905982218848,9.244352414375214,1122.4943725708736,837.6415808637441
2059,499,6.871,45.984,-4.838905982218848,9.244352414375214,1122.4943725708736,837.6415808637441
2059,500,6.871,45.992,-4.813805813686028,9.274750485635364,1125.6561399321504,842.9916778541663
2059,503,6.875,45.88,-5.12112124840494,8.973907188072122,1041.1141608840292,761.9029936888023
2059,504,6.877,45.985,-4.7953106178921905,9.35812606750061,1080.13239749229,831.2731740169937
2059,506,6.88,45.886,-5.123484732995918,8.973663040096294,1039.6224559276213,763.7462663643963
2059,509,6.882,45.877,-5.160627076545922,8.930932272978273,1034.6481379193187,756.8010302453317
2059,517,6.888,45.882,-5.170510355874302,8.922373033158667,1032.0076584111537,757.5160288071037
2059,518,6.889,45.892,-5.14327440635804,8.955087512426346,1035.0673149021109,763.7526376349173
2059,524,6.901,45.901,-5.166987795801751,8.93374394365228,1029.3329073952016,764.2996156091021
2059,526,6.906,45.895,-5.207334238169909,8.888697745627297,1023.2447923969132,758.0908422957248
2059,527,6.909,45.897,-5.21410936764861,8.882393588688364,1021.7106283376711,758.045117449635
2059,530,6.912,45.907,-5.196186193570811,8.905565202944658,1023.184051194645,763.2013878554105
2059,531,6.919,45.906,-5.229754652994664,8.869810036917945,1017.4499637674178,759.3397457873822
2059,534,6.924,45.911,-5.236227548569193,8.8652385434293,1015.4901044508065,760.2599350833215
2059,535,6.928,45.905,-5.271988232319907,8.824919355057327,1010.1906455097295,754.5663935398227
2059,537,6.934,45.883,-5.364813839912654,8.717140057400812,997.4529010969403,737.7598995440519
2059,539,6.947,45.933,-5.270717290746543,8.839501800036293,1005.9519596788921,763.4025837545405
2059,541,6.951,45.939,-5.270496618812049,8.842725734831628,1005.0657827681125,765.2274043341444
2059,542,6.952,45.951,-5.23912234373723,8.881528437673506,1008.6934906892363,772.1935618957513
2059,543,6.955,45.927,-5.323984120742133,8.780800941948273,997.5839284345067,755.856773720094
2059,544,6.955,45.946,-5.267427198729566,8.849484109127715,1004.5340739005346,767.6351312766759
2059,547,6.957,45.955,-5.249606036077706,8.872691623032388,1006.2739552713341,772.2139178475453
2059,548,6.96,45.887,-5.46456753603069,8.613458209306636,979.1775186439471,728.6559200838552
2059,549,6.961,45.912,-5.394853562961449,8.699030029348812,987.5052069969247,743.7342486556994
2059,553,6.969,45.888,-5.500357349305326,8.57610577998521,972.7029643719283,725.2271510458136
2059,557,6.977,45.894,-5.517296341229587,8.561165968492858,968.7809452160941,725.2945673691434
2059,564,6.985,45.951,-5.386758342826899,8.727860518136737,983.0812148592019,756.0274688235087
2059,566,6.986,45.973,-5.327562898553176,8.801588532469719,990.1855881829803,768.673248730297
2059,567,6.986,45.973,-5.327562898553176,8.801588532469719,990.1855881829803,768.673248730297
2059,569,6.988,45.987,-5.296185629435309,8.842035749689488,993.6346101010168,775.9718689496422
2059,571,6.99,45.969,-5.35722629863938,8.768589673208687,985.6302241273439,764.280720398554
2059,572,6.992,45.913,-5.5274415736636895,8.560254884115066,964.1210210331399,729.8893041194414
2059,574,6.994,45.896,-5.585023152670388,8.49072712763554,956.5544384968479,718.7584102120261
2059,575,6.994,45.965,-5.386804410753602,8.735644456637694,981.0838458477498,759.9050201031001
2059,577,7.0,45.895,-5.613843273280318,8.459801227639723,951.6336362893953,715.4187372271492
2059,579,7.003,45.96,-5.443479031370137,8.677331979970806,973.5172835367683,753.0761552786491
2059,582,7.008,45.954,-5.485101625905974,8.636141907305628,969.5216110066752,748.1348696857982
2060,423,6.776,45.799,-1.2346683755673244,9.32674384945871,1006.3793832786339,616.465671962272
2060,424,6.778,45.809,-1.210885357113372,9.352615438397835,1007.2091748747034,622.8100040441141
2060,427,6.783,45.817,-1.2042239440949887,9.358185799537024,1005.6554219435332,626.710626157511
2060,429,6.784,45.784,-1.3092797888061063,9.239627079106633,998.0436992368435,603.3534988661496
2060,431,6.785,45.822,-1.196093910212328,9.366598833638301,1005.4040471581384,629.5182148178809
2060,437,6.792,45.817,-1.2367413246961148,9.318270102124142,999.8144971714335,623.6221558008262
2060,447,6.799,45.819,-1.2559685907981186,9.2940915122948,995.6823584044222,622.6003110621712
2060,448,6.799,45.827,-1.2873581492194681,9.175958112706853,1033.807687204297,631.8633903185446
2060,449,6.799,45.837,-1.2013923215083038,9.355894085720852,999.3855944980866,635.0543390151344
2060,459,6.811,45.849,-1.2094400889449624,9.343239584187556,993.9662672577363,639.0396399076299
2060,460,6.819,45.856,-1.2182293695124917,9.331138158381306,990.1125546811772,640.9300994383722
2060,462,6.823,45.859,-1.2242240359870724,9.323321075509707,988.0757820027209,641.5123452137939
2060,464,6.831,45.863,-1.2422998038468434,9.300806722012222,983.5910933951762,641.2826605974889
2060,468,6.844,45.863,-1.2909441265676467,9.242161387071587,975.0094128817699,636.4730652200835
2060,484,6.862,45.976,-1.0356177536526863,9.537165345796073,984.1709159292734,705.0731251181672
2060,488,6.865,45.868,-1.3552875481299331,9.164048046756726,962.0826808551444,631.9887253885425
2060,489,6.865,45.99,-1.007932344854738,9.569610975657984,984.6580793002147,713.1632809414612
2060,490,6.865,45.99,-1.007932344854738,9.569610975657984,984.6580793002147,713.1632809414612
2060,491,6.865,45.99,-1.007932344854738,9.569610975657984,984.6580793002147,713.1632809414612
2060,497,6.871,45.984,-1.1172812893461819,9.383097558778282,1013.8162755853015,709.8933228719487
2060,498,6.871,45.984,-1.1172812893461819,9.383097558778282,1013.8162755853015,709.8933228719487
2060,499,6.871,45.984,-1.1172812893461819,9.383097558778282,1013.8162755853015,709.8933228719487
2060,500,6.871,45.992,-1.0951426486300937,9.409964784772985,1015.2507130949375,715.2678505084551
2060,503,6.875,45.88,-1.3590162783735478,9.158546439311076,957.7063151881745,636.1030385259986
2060,504,6.877,45.985,-1.071170778658514,9.496433356111204,975.5411657230674,704.5314813411646
2060,506,6.88,45.886,-1.3611326996270097,9.155646740135115,955.4955406537779,638.1140896732638
2060,509,6.882,45.877,-1.393941339025797,9.116882824341095,952.4957373031433,631.486460998499
2060,517,6.888,45.882,-1.4027140200235597,9.106107953797668,949.4301134286143,632.4493126954984
2060,518,6.889,45.892,-1.3787095145631114,9.134411149185265,950.6000552504728,638.5440367194461
2060,524,6.901,45.901,-1.3998694212456555,9.109083817860792,944.2129728392418,639.6670934464366
2060,526,6.906,45.895,-1.4355049839959575,9.066674848051605,939.7873206000422,633.8664086713828
2060,527,6.909,45.897,-1.441551564094886,9.059485473342074,938.13954185503,633.97148658632
2060,530,6.912,45.907,-1.4259073958048898,9.078248484209823,937.9134643389455,639.1603097366376
2060,531,6.919,45.906,-1.455659024867868,9.042925724574957,933.0387136707832,635.7497836440324
2060,534,6.924,45.911,-1.4615608288531363,9.036147517132044,930.5600464727214,636.9178582061314
2060,535,6.928,45.905,-1.493090439545842,8.998464798143772,926.8226353633886,631.5537381361471
2060,537,6.934,45.883,-1.5746338993732274,8.900357884532188,918.953716441722,615.4695714641263
2060,539,6.947,45.933,-1.4931302514936404,9.00071370720678,918.8379964392612,641.3288970072214
2060,541,6.951,45.939,-1.4932439890769569,9.001297809014897,917.1418430368296,643.3831592750829
2060,542,6.952,45.951,-1.465956473014613,9.03482514383893,918.4776297230512,650.379290361876
2060,543,6.955,45.927,-1.540204274579564,8.94464546462694,912.412134161172,634.3408885617483
2060,544,6.955,45.946,-1.4908970389314709,9.004977890763962,915.6013984032163,646.0291083147046
2060,547,6.957,45.955,-1.4755400366553344,9.024229640704181,915.7414279719027,650.7270710262283
2060,548,6.96,45.887,-1.6630544109419527,8.794875405329226,902.2742151783968,607.9104015255547
2060,549,6.961,45.912,-1.602405648799429,8.869461132408592,905.8366740205823,622.7319244598334
2060,553,6.969,45.888,-1.694780275530527,8.757069669078678,896.4213319040841,605.0306028900568
2060,557,6.977,45.894,-1.7100743444279805,8.739483318505282,892.0666662764314,605.5197798443862
2060,564,6.985,45.951,-1.5975712264870476,8.88115185672686,896.0136494221618,636.4089088364273
2060,566,6.986,45.973,-1.5463769890578178,8.945225392479625,898.8670259924623,649.1827186627987
2060,567,6.986,45.973,-1.5463769890578178,8.945225392479625,898.8670259924623,649.1827186627987
2060,569,6.988,45.987,-1.5194391090483959,8.979530208492374,899.7250369118279,656.7157654965227
2060,571,6.99,45.969,-1.5725651307401871,8.91398279246193,895.4890890581671,645.0428969815689
2060,572,6.992,45.913,-1.7201663019217892,8.73021571837691,885.1063091413376,610.8799272427892
2060,574,6.994,45.896,-1.770190293060888,8.668143138496028,880.9866608230898,600.0431593149142
2060,575,6.994,45.965,-1.5986636524645852,8.882793133049761,892.1153139378542,640.922387227968
2060,577,7.0,45.895,-1.795665132021543,8.637647547711435,876.7937667041286,597.0996773973505
2060,579,7.003,45.96,-1.6490455975571012,8.826674254754998,886.2776936140267,634.5921285239763
2060,582,7.008,45.954,-1.6859143987391634,8.788114455281303,883.7496103896513,629.8075215188306
2061,423,6.776,45.799,-3.639947067392489,8.550740309494186,1022.6408955547681,679.6444630905046
2061,424,6.778,45.809,-3.6146876424681915,8.579546456131862,1027.5122779291835,686.2829689647649
2061,427,6.783,45.817,-3.6075562829427925,8.58746962203562,1028.8713925312813,690.2661293438207
2061,429,6.784,45.784,-3.7190569371637547,8.459268291364026,1007.2424498029251,665.6154386725
2061,431,6.785,45.822,-3.5988992049385864,8.59734795937336,1030.5560739642979,693.1698172845674
2061,437,6.792,45.817,-3.6419527902477693,8.547573559588074,1022.14866013465,686.7914517601072
2061,447,6.799,45.819,-3.662264998834984,8.523992421066222,1018.1855726969028,685.5416709713031
2061,448,6.799,45.827,-3.6921481552295337,8.40818774014938,1060.662160284993,695.4650557967177
2061,449,6.799,45.837,-3.6042993249848747,8.591034611502344,1029.5701617440036,698.6292756347432
2061,459,6.811,45.849,-3.6126101431050293,8.581869247291099,1028.1094500957543,702.4955162293645
2061,460,6.819,45.856,-3.621769344181721,8.571791841716166,1026.4684965925248,704.2630604436947
2061,462,6.823,45.859,-3.6280444609947473,8.56483887086842,1025.3232911758075,704.7651928968135
2061,464,6.831,45.863,-3.6470580873599854,8.543469934237546,1021.7605305198889,704.3085598027169
2061,468,6.844,45.863,-3.6984434140216527,8.484806054294221,1011.887740267489,698.9248344983299
2061,484,6.862,45.976,-3.4259523205419233,8.812119078153419,1068.8841228869487,769.6728311339677
2061,488,6.865,45.868,-3.766287849442886,8.408092320913097,999.0421039138955,693.6662189068244
2061,489,6.865,45.99,-3.3963196597651786,8.848536617411378,1075.3644954156393,777.9156191222824
2061,490,6.865,45.99,-3.3963196597651786,8.848536617411378,1075.3644954156393,777.9156191222824
2061,491,6.865,45.99,-3.3963196597651786,8.848536617411378,1075.3644954156393,777.9156191222824
2061,497,6.871,45.984,-3.508078224047572,8.660242217372627,1104.1494696204709,774.5451257599306
2061,498,6.871,45.984,-3.508078224047572,8.660242217372627,1104.1494696204709,774.5451257599306
2061,499,6.871,45.984,-3.508078224047572,8.660242217372627,1104.1494696204709,774.5451257599306
2061,500,6.871,45.992,-3.4844589084824866,8.68939298108075,1109.3310427473762,780.0849255205773
2061,503,6.875,45.88,-3.769908409176298,8.40599406761302,998.8106093824545,697.6882152240477
2061,504,6.877,45.985,-3.463080402700789,8.77379748022064,1062.5589527473594,768.6103740852975
2061,506,6.88,45.886,-3.7719747650461795,8.404788985985181,998.6733683794901,699.6464655813745
2061,509,6.882,45.877,-3.8068684893064253,8.363457394461856,991.6380605685197,692.6757195406175
2061,517,6.888,45.882,-3.8159883756909094,8.354087919538795,990.1177125913787,693.5141498535426
2061,518,6.889,45.892,-3.790352761508779,8.385228501136154,995.4557339031893,699.8404700140019
2061,524,6.901,45.901,-3.8124046695878553,8.362404555872743,991.7289072564316,700.6668086256643
2061,526,6.906,45.895,-3.850204077455059,8.318277368868394,984.2526526505762,694.4844580736409
2061,527,6.909,45.897,-3.856520710633861,8.31164110743525,983.1623663083841,694.5083318217786
2061,530,6.912,45.907,-3.839681106756019,8.333214099977514,986.9011202905584,699.8210185271705
2061,531,6.919,45.906,-3.8711053583362443,8.297575518175478,980.908739256447,696.0708864227253
2061,534,6.924,45.911,-3.877157412140617,8.292179738312026,980.0642495710977,697.1395552888349
2061,535,6.928,45.905,-3.910634215012151,8.252790425758423,973.3880132645174,691.446564516519
2061,537,6.934,45.883,-3.997463959035005,8.148484174213358,955.6993678113344,674.5303238017146
2061,539,6.947,45.933,-3.909628438161052,8.262775099593762,975.4110992720342,701.0316112222841
2061,541,6.951,45.939,-3.909509001017353,8.265006534768656,975.8657684299116,703.0376343456255
2061,542,6.952,45.951,-3.880258128309131,8.301875545381677,982.2270955848596,710.2470671043286
2061,543,6.955,45.927,-3.959502240293033,8.204978398826377,965.6403521100291,693.5455146781444
2061,544,6.955,45.946,-3.906749687600298,8.270609038129214,976.9022870983625,705.6530819208018
2061,547,6.957,45.955,-3.890190604357848,8.292353182106776,980.6835594324376,710.4491047498062
2061,548,6.96,45.887,-4.090665267810455,8.044037661155262,938.3004184964844,665.9325670980874
2061,549,6.961,45.912,-4.025701811975676,8.125579646394502,952.1712469344229,681.3199788745023
2061,553,6.969,45.888,-4.124117691040906,8.006479898373776,932.0478251212326,662.6832416666819
2061,557,6.977,45.894,-4.140025365597462,7.990529213636113,929.4437890253973,662.968742800852
2061,564,6.985,45.951,-4.0189605227168,8.147927395165151,956.3799524121068,694.7677187400818
2061,566,6.986,45.973,-3.964022209505978,8.21807387936331,968.4526786118889,707.9245654317945
2061,567,6.986,45.973,-3.964022209505978,8.21807387936331,968.4526786118889,707.9245654317945
2061,569,6.988,45.987,-3.934997829439145,8.256226293332954,975.0747858620289,715.6203779579425
2061,571,6.99,45.969,-3.991792466492166,8.185686628144062,962.9545890070601,703.5250935756645
2061,572,6.992,45.913,-4.149886871900805,7.986446811651506,928.9443189878452,668.1104990462277
2061,574,6.994,45.896,-4.203390061516819,7.919675033425124,917.6611662998793,656.7935715177251
2061,575,6.994,45.965,-4.019471674232794,8.153354827583597,957.4721539508486,699.1448330647881
2061,577,7.0,45.895,-4.230318145477003,7.88888002889212,912.5289085447212,653.5636774069316
2061,579,7.003,45.96,-4.072688182850518,8.095775662065916,948.6867444157465,692.3535631941809
2061,582,7.008,45.954,-4.111706670268675,8.05552251061167,943.2654275471897,687.3062883972149
2062,423,6.776,45.799,-3.1181202646074033,9.630223422557508,933.6350629310631,663.1903258525327
2062,424,6.778,45.809,-3.0944037941919222,9.661195483625468,935.4464409769369,668.5385011543952
2062,427,6.783,45.817,-3.0879853552341356,9.670622405959252,934.8061918072862,671.6485944350921
2062,429,6.784,45.784,-3.1932173603188336,9.534754437742873,924.2443648095662,651.5984447958032
2062,431,6.785,45.822,-3.0799477113797087,9.681517206889021,935.0867476860379,673.9392267857927
2062,437,6.792,45.817,-3.120999308000907,9.630118774275502,929.2930133463435,668.646218410131
2062,447,6.799,45.819,-3.140607695370505,9.606526209229408,925.5996434333672,667.4761659013465
2062,448,6.799,45.827,-3.1719768476802477,9.492566037617125,961.9233032721875,676.136158551555
2062,449,6.799,45.837,-3.085985512329553,9.677718545600701,930.962199509033,677.9496056137962
2062,459,6.811,45.849,-3.0946933228269025,9.67051720025399,927.094406174339,680.664643755421
2062,460,6.819,45.856,-3.1039355939098168,9.661521255600636,924.1845730093137,681.8005343366239
2062,462,6.823,45.859,-3.1101602619621116,9.654994307383916,922.5734721623887,682.0596856934212
2062,464,6.831,45.863,-3.1287017294220623,9.63401644175612,918.7529853306406,681.4196501760929
2062,468,6.844,45.863,-3.178107793080906,9.574486403573616,910.6416625377304,676.7283713814481
2062,484,6.862,45.976,-2.924077303664238,9.926790035956461,931.4001705479923,729.3200470573764
2062,488,6.865,45.868,-3.2436935057343903,9.497532623833282,898.9456445761683,671.8095042189127
2062,489,6.865,45.99,-2.8966258930338147,9.966259749301376,933.398553476503,735.0963256674322
2062,490,6.865,45.99,-2.8966258930338147,9.966259749301376,933.398553476503,735.0963256674322
2062,491,6.865,45.99,-2.8966258930338147,9.966259749301376,933.398553476503,735.0963256674322
2062,497,6.871,45.984,-3.0063662551683414,9.776188515962595,960.3356203090107,733.0530487151577
2062,498,6.871,45.984,-3.0063662551683414,9.776188515962595,960.3356203090107,733.0530487151577
2062,499,6.871,45.984,-3.0063662551683414,9.776188515962595,960.3356203090107,733.0530487151577
2062,500,6.871,45.992,-2.9842500423514924,9.807194809809268,962.6087088024988,737.0601500079403
2062,503,6.875,45.88,-3.248049120125612,9.497553265244921,896.0563449347088,674.5104141392871
2062,504,6.877,45.985,-2.9606645555975146,9.889589960380018,924.170540638228,727.5052372487656
2062,506,6.88,45.886,-3.2504856762670737,9.497409352978252,894.5905896135745,675.7969840670272
2062,509,6.882,45.877,-3.2833823338688535,9.453856020865524,890.8187424692875,670.3258763633015
2062,517,6.888,45.882,-3.2925331726620732,9.44524972048124,888.4392356386917,670.7053026565451
2062,518,6.889,45.892,-3.268630096088272,9.478646894740038,890.5851040393738,675.5234290197866
2062,524,6.901,45.901,-3.29056433696287,9.457122714636725,885.4791762875867,675.5576110878204
2062,526,6.906,45.895,-3.326474568780552,9.411270359576331,880.6683523196607,670.5861122882984
2062,527,6.909,45.897,-3.3327153329362003,9.404901388950742,879.3169170327681,670.4518112512079
2062,530,6.912,45.907,-3.3173130605669034,9.428603707792544,880.1412652154627,674.3346783268239
2062,531,6.919,45.906,-3.347491389136444,9.392271766507218,875.4233933650278,671.1118673242397
2062,534,6.924,45.911,-3.3537358828516646,9.38771173922444,873.5956561679803,671.6439214758544
2062,535,6.928,45.905,-3.38547189975667,9.346661398830623,869.4373499026842,667.1137622937632
2062,537,6.934,45.883,-3.4672209261429265,9.236830976796345,859.738647481588,653.895540023378
2062,539,6.947,45.933,-3.386921113856532,9.361930488876894,864.7738676057794,673.1758387786282
2062,541,6.951,45.939,-3.3873425712890284,9.365301602806522,863.7885041680312,674.4023760786166
2062,542,6.952,45.951,-3.360225226635387,9.404907332865815,866.3042373734725,679.6489176641502
2062,543,6.955,45.927,-3.4344512440899173,9.302210191520693,858.0641921212675,667.0924790603549
2062,544,6.955,45.946,-3.3853159606076053,9.372278251796914,863.05465101142,676.0631912272846
2062,547,6.957,45.955,-3.370171283357718,9.395994597455577,864.1242919054145,679.4441614987458
2062,548,6.96,45.887,-3.557241276928891,9.131596673180969,844.3876570283027,645.9633494308632
2062,549,6.961,45.912,-3.496890302533625,9.218914071880764,850.2984022267516,657.5682990131538
2062,553,6.969,45.888,-3.5895206546009115,9.093677211540289,838.959920645649,642.9959147029095
2062,557,6.977,45.894,-3.605362476884414,9.078601149467776,835.4508651895098,642.7659386378589
2062,564,6.985,45.951,-3.4939895849861,9.24881603664457,844.9893837854619,665.9467093048852
2062,566,6.986,45.973,-3.4431103062650728,9.32404869238832,849.9688883555982,675.4216944548084
2062,567,6.986,45.973,-3.4431103062650728,9.32404869238832,849.9688883555982,675.4216944548084
2062,569,6.988,45.987,-3.4164670354236972,9.365350578829878,852.2385235228999,680.7762518088883
2062,571,6.99,45.969,-3.4695189386991996,9.290466477070233,846.3457794052247,671.9309484529634
2062,572,6.992,45.913,-3.616592176250938,9.077979102906044,830.7866608970943,645.7392773708208
2062,574,6.994,45.896,-3.6665376390947655,9.007092973437189,825.1832113574128,637.0972408335401
2062,575,6.994,45.965,-3.4958355715081333,9.256939100142354,842.7291262932334,668.4501218053305
2062,577,7.0,45.895,-3.692366378466165,8.97566758249977,821.1222442755445,634.2967516385088
2062,579,7.003,45.96,-3.546750044341944,9.197605516691599,836.6680646438394,662.958281532013
2062,582,7.008,45.954,-3.5838699410125097,9.155621131895881,833.6457783715086,659.1311402178603
2063,423,6.776,45.799,-1.0055431979658405,9.291921228692717,976.3124477472741,891.1108315462519
2063,424,6.778,45.809,-0.9832992160022167,9.316236418576372,977.7412202203257,899.7888088916275
2063,427,6.783,45.817,-0.9780152592890436,9.321201455474847,976.8542872017417,904.9001145748528
2063,429,6.784,45.784,-1.0783230476730266,9.209178752068759,967.684721554639,872.475899996702
2063,431,6.785,45.822,-0.9706972956169357,9.32902799653237,976.9592712358497,908.6667595548882
2063,437,6.792,45.817,-1.010920492356881,9.282973287098297,971.5005354509819,900.1085463231005
2063,447,6.799,45.819,-1.03073948706042,9.259724840643246,967.8435553289572,898.292538224266
2063,448,6.799,45.827,-1.0632893077692875,9.140061924217214,1005.3626674309603,911.315939859588
2063,449,6.799,45.837,-0.9787738079175057,9.318086001183659,972.444231138023,915.4879433564748
2063,459,6.811,45.849,-0.9890751730075911,9.305417716900298,968.2684333438784,920.2622660519476
2063,460,6.819,45.856,-0.9992203855372113,9.293509395143657,965.1913236762595,922.3798237140397
2063,462,6.823,45.859,-1.0058201943811333,9.28588683830176,963.5166830477984,922.93718008781
2063,464,6.831,45.863,-1.0248160994826305,9.264144550527181,959.6523602176255,922.1339292868674
2063,468,6.844,45.863,-1.0740145296502313,9.207984182964186,951.7403507689701,914.7396386398877
2063,484,6.862,45.976,-0.8357711842297748,9.485389025163768,967.7737010356174,1007.0866644427738
2063,488,6.865,45.868,-1.1399748323806316,9.132955243924558,940.1315501706141,907.3174406990216
2063,489,6.865,45.99,-0.8102311714743378,9.515831618994188,969.1756869512215,1017.8169111684446
2063,490,6.865,45.99,-0.8102311714743378,9.515831618994188,969.1756869512215,1017.8169111684446
2063,491,6.865,45.99,-0.8102311714743378,9.515831618994188,969.1756869512215,1017.8169111684446
2063,497,6.871,45.984,-0.9189622817422594,9.331638418990877,997.7532562783676,1013.2117633719639
2063,498,6.871,45.984,-0.9189622817422594,9.331638418990877,997.7532562783676,1013.2117633719639
2063,499,6.871,45.984,-0.9189622817422594,9.331638418990877,997.7532562783676,1013.2117633719639
2063,500,6.871,45.992,-0.8979780047134671,9.357021808835354,999.6430456769529,1020.4784965959599
2063,503,6.875,45.88,-1.1458603410714145,9.127147167682521,936.8668137993736,912.3408765741007
2063,504,6.877,45.985,-0.8732443122762197,9.445993697366255,960.3681084778146,1005.2723623767394
2063,506,6.88,45.886,-1.1490542298921804,9.124101371715806,935.2109989936699,914.7824260385464
2063,509,6.882,45.877,-1.1806500001954143,9.087384871006549,931.8474404489672,905.5976701148594
2063,517,6.888,45.882,-1.1903981697305692,9.076842913730381,929.3315970213428,906.5477990991346
2063,518,6.889,45.892,-1.16787720464451,9.103498247310128,931.0647239145288,914.8114565157671
2063,524,6.901,45.901,-1.1908409255657668,9.0788444279289,925.721940611263,915.5939225757722
2063,526,6.906,45.895,-1.2258240386118642,9.038502505781093,921.2252507367181,907.3735656800383
2063,527,6.909,45.897,-1.2322853191943057,9.031529266805208,919.8233640465417,907.330702785656
2063,530,6.912,45.907,-1.2182067332624724,9.049051541551293,920.2565394316059,914.2119421129527
2063,531,6.919,45.906,-1.2481097698501769,9.015272940547305,915.6593560275741,909.1290860936049
2063,534,6.924,45.911,-1.2549412538885587,9.008561159434063,913.6731953950816,910.4040558298309
2063,535,6.928,45.905,-1.2857771225086276,8.972744026893006,909.81130062811,902.855806815928
2063,537,6.934,45.883,-1.3644134369637513,8.87977463686082,901.0932425724752,880.5799601211171
2063,539,6.947,45.933,-1.2906370926372466,8.973663436377995,904.1488044277916,914.9256704712144
2063,541,6.951,45.939,-1.2917793147096983,8.973959539550183,902.9456836058031,917.4495157358028
2063,542,6.952,45.951,-1.2662552356525874,9.005535384959321,904.9560437338,926.8517902139905
2063,543,6.955,45.927,-1.3371857586806835,8.920241722782736,897.769168257711,904.9398322574913
2063,544,6.955,45.946,-1.290603792751721,8.977176611635537,901.9502132373943,920.7696007803236
2063,547,6.957,45.955,-1.2766210707353807,8.995215896924964,902.6520776101794,926.9900530187979
2063,548,6.96,45.887,-1.4545103744818082,8.778589647050826,885.8031880103266,868.726023784698
2063,549,6.961,45.912,-1.397488335329589,8.848909881046328,890.6863747705866,888.8133389957584
2063,553,6.969,45.888,-1.4867609318226762,8.742343695631568,880.4030654280773,864.2708025137267
2063,557,6.977,45.894,-1.5032532015207547,8.725239979082229,876.7056422255446,864.4585239669876
2063,564,6.985,45.951,-1.399246830790644,8.85840039876095,883.9290042777235,905.8034101855973
2063,566,6.986,45.973,-1.3512429071938534,8.918792161508087,887.9784987203336,922.9639064763174
2063,567,6.986,45.973,-1.3512429071938534,8.918792161508087,887.9784987203336,922.9639064763174
2063,569,6.988,45.987,-1.3263913838546033,8.951029918872372,889.6613216462245,932.9659543108866
2063,571,6.99,45.969,-1.3770247302940808,8.889053229869457,884.5584005910148,917.11825052641
2063,572,6.992,45.913,-1.5166978224295073,8.71553474200441,871.3617609756941,870.8248974527068
2063,574,6.994,45.896,-1.5643744271178504,8.656839716877592,866.4658154271467,856.0038460594918
2063,575,6.994,45.965,-1.4027172611363925,8.859364701020427,881.1425694216239,911.2993551853632
2063,577,7.0,45.895,-1.5899600059129178,8.627681985797981,862.4796881217695,851.6511607901056
2063,579,7.003,45.96,-1.4527586996907385,8.805914043491644,875.4052435111818,902.2117043110416
2063,582,7.008,45.954,-1.4889782974468782,8.769396151439683,872.7493366664365,895.5008496537695
2064,423,6.776,45.799,-2.3182924107484792,9.951466785876228,757.4835542075065,880.8292731429689
2064,424,6.778,45.809,-2.2952100572629237,9.98215049351136,758.6743104916887,888.4626644129442
2064,427,6.783,45.817,-2.2893061055193744,9.991752149123018,757.9102035412842,892.8378609152359
2064,429,6.784,45.784,-2.392485314982985,9.857712613456272,750.2104847213645,864.0740968613892
2064,431,6.785,45.822,-2.281584866057156,10.002625442954509,757.9915735523349,896.0992490878999
2064,437,6.792,45.817,-2.322343842410459,9.95231580593665,753.3831013048613,888.3526294866728
2064,447,6.799,45.819,-2.342093434474918,9.929452037770428,750.2916140498644,886.54569088431
2064,448,6.799,45.827,-2.373953410510795,9.815086600574817,779.5154155550337,898.5757097355782
2064,449,6.799,45.837,-2.288575604817818,9.999732526579269,754.1591257365753,901.6519646496876
2064,459,6.811,45.849,-2.298027477159895,9.993375909485449,750.6292503720155,905.4109675015189
2064,460,6.819,45.856,-2.307695728102082,9.98500455785934,748.035327255195,906.9601878006581
2064,462,6.823,45.859,-2.3141008435144426,9.97881754582539,746.6255602850504,907.2917238637516
2064,464,6.831,45.863,-2.3328800021397558,9.958621485110946,743.3756077743808,906.2793907248528
2064,468,6.844,45.863,-2.3822832233158704,9.90067914323426,736.7282285245019,899.3401074027747
2064,484,6.862,45.976,-2.1347388609034152,10.250005046283048,750.3606707335568,976.9580998886079
2064,488,6.865,45.868,-2.448150582141192,9.826062228962469,727.0011604173603,892.031765472829
2064,489,6.865,45.99,-2.1080671735846397,10.289229211316112,751.5722864386681,985.6784093815755
2064,490,6.865,45.99,-2.1080671735846397,10.289229211316112,751.5722864386681,985.6784093815755
2064,491,6.865,45.99,-2.1080671735846397,10.289229211316112,751.5722864386681,985.6784093815755
2064,497,6.871,45.984,-2.2174175790553092,10.100220126346954,773.3829674501743,982.1064067592748
2064,498,6.871,45.984,-2.2174175790553092,10.100220126346954,773.3829674501743,982.1064067592748
2064,499,6.871,45.984,-2.2174175790553092,10.100220126346954,773.3829674501743,982.1064067592748
2064,500,6.871,45.992,-2.195756361099301,10.130865517557432,774.991469370597,988.13858728504
2064,503,6.875,45.88,-2.4531804064151363,9.826770369132891,724.2880229549813,895.9207934311478
2064,504,6.877,45.985,-2.1717259094106223,10.21436561875716,744.1883173257662,974.4210831880667
2064,506,6.88,45.886,-2.455948469237752,9.826977137956117,722.9149097162449,897.7860971274008
2064,509,6.882,45.877,-2.488336117069291,9.784070000271981,720.0872770512112,889.7903441465509
2064,517,6.888,45.882,-2.4977595034467943,9.775983934862335,717.9960953862729,890.3280081852204
2064,518,6.889,45.892,-2.474412573421151,9.809067438092972,719.4644353249124,897.3733020694377
2064,524,6.901,45.901,-2.496817618297211,9.788650406089976,715.0297862270829,897.4317284675898
2064,526,6.906,45.895,-2.5323867547644814,9.74367784005193,711.2671676916941,890.1480649882448
2064,527,6.909,45.897,-2.5387299127804934,9.73759828249141,710.1050882708125,889.9565395221445
2064,530,6.912,45.907,-2.5238638801493782,9.761255298223855,710.4942301747719,895.667167964691
2064,531,6.919,45.906,-2.5539676310419783,9.725843408104879,706.6663841886779,890.9581149238303
2064,534,6.924,45.911,-2.560465545894813,9.721705438222344,705.0310254703318,891.7661800497578
2064,535,6.928,45.905,-2.5918687724778415,9.681402743895157,701.8024655362642,885.1245437363123
2064,537,6.934,45.883,-2.6724357891603012,9.573210247468822,694.4919266743352,865.7787546289825
2064,539,6.947,45.933,-2.594724308533061,9.69795451154045,697.2062494005893,894.2282180077098
2064,541,6.951,45.939,-2.595438863303782,9.701602004877195,696.2338321785812,896.0971086701909
2064,542,6.952,45.951,-2.5689386036589013,9.740869227384849,697.9499247740529,903.912449037519
2064,543,6.955,45.927,-2.641907960038754,9.639486248106216,691.8970035941043,885.3160085218973
2064,544,6.955,45.946,-2.5937540135365884,9.708820086953935,695.4390230518134,898.6212384283414
2064,547,6.957,45.955,-2.579062297482364,9.732447075981977,696.0595581227068,903.6887067865875
2064,548,6.96,45.887,-2.7626234626785138,9.471038353795638,681.8343012141506,854.2826748198315
2064,549,6.961,45.912,-2.7035526791962363,9.557525203460457,685.9732398444611,871.3219112431599
2064,553,6.969,45.888,-2.794938215127614,9.434197137658689,677.3724435920213,849.9941105548509
2064,557,6.977,45.894,-2.8110675327195103,9.41989183037795,674.3426656927592,849.7146409477197
2064,564,6.985,45.951,-2.702515109280426,9.589031900362206,680.5674605352654,884.0718042072901
2064,566,6.986,45.973,-2.6527240006050086,9.663595840097383,684.0204179917267,898.2602961881471
2064,567,6.986,45.973,-2.6527240006050086,9.663595840097383,684.0204179917267,898.2602961881471
2064,569,6.988,45.987,-2.626760960493181,9.704653509207585,685.4827996660194,906.3627604023068
2064,571,6.99,45.969,-2.678906500302744,9.630679825353464,681.1786793435492,893.1202443611769
2064,572,6.992,45.913,-2.8232026363014793,9.420457477861918,670.0194006309155,854.2390400232574
2064,574,6.994,45.896,-2.8723046437173663,9.350429182625511,665.9049884461658,841.556896272816
2064,575,6.994,45.965,-2.704998990867793,9.597816184391583,678.341693980655,887.9995966523139
2064,577,7.0,45.895,-2.8980709048165623,9.319787001739382,662.6168610417074,837.5112332010681
2064,579,7.003,45.96,-2.7556110756949583,9.539827210357442,673.5296574805717,879.901225230523
2064,582,7.008,45.954,-2.792409595331649,9.498698199559382,671.2133652897378,874.1428103064587
2065,423,6.776,45.799,-0.9945717127654117,8.918257075141542,1188.9308050104053,1087.5652226643167
2065,424,6.778,45.809,-0.9702327832661153,8.944968919266378,1193.2373038861253,1097.1333458798567
2065,427,6.783,45.817,-0.9632948430889572,8.951649495243148,1194.0814168415561,1102.7672380481395
2065,429,6.784,45.784,-1.0705358923644068,8.831255135131642,1174.176640570611,1067.0441229331916
2065,431,6.785,45.822,-0.9549392782457904,8.960616376106765,1195.4608556004089,1106.900601909512
2065,437,6.792,45.817,-0.9962524070035226,8.912884861832444,1187.1970542547328,1097.5340004987372
2065,447,6.799,45.819,-1.015694555257368,8.889723842300826,1182.993455424497,1095.5523339818458
2065,448,6.799,45.827,-1.0465741830886621,8.772079635896997,1231.0495683779457,1110.4732119942748
2065,449,6.799,45.837,-0.9599709421398996,8.95262710039119,1193.3992915752603,1114.3439455399978
2065,459,6.811,45.849,-0.9678661941565645,8.942283331146161,1191.037793013408,1119.4747393862579
2065,460,6.819,45.856,-0.9766268248128087,8.931676626340536,1188.839387988557,1121.7017920867697
2065,462,6.823,45.859,-0.9826410267889916,8.924579625528771,1187.4398916297162,1122.2629025520266
2065,464,6.831,45.863,-1.000883878911547,8.903384016823868,1183.474148482896,1121.2976318057927
2065,468,6.844,45.863,-1.0502036852279932,8.846467032814672,1173.2931749297811,1113.132690710674
2065,484,6.862,45.976,-0.7890820061436488,9.151556119041235,1223.1613631181074,1210.4570507085073
2065,488,6.865,45.868,-1.1153414537286714,8.771487647213378,1159.6248699667324,1104.7808816525526
2065,489,6.865,45.99,-0.7607438700270945,9.185395454411912,1228.688722549835,1221.4339568130001
2065,490,6.865,45.99,-0.7607438700270945,9.185395454411912,1228.688722549835,1221.4339568130001
2065,491,6.865,45.99,-0.7607438700270945,9.185395454411912,1228.688722549835,1221.4339568130001
2065,497,6.871,45.984,-0.8708089118694611,8.999349100542823,1263.087607192959,1217.1556088453249
2065,498,6.871,45.984,-0.8708089118694611,8.999349100542823,1263.087607192959,1217.1556088453249
2065,499,6.871,45.984,-0.8708089118694611,8.999349100542823,1263.087607192959,1217.1556088453249
2065,500,6.871,45.992,-0.8481985446340419,9.026768805485421,1267.7396188071295,1224.6754638891919
2065,503,6.875,45.88,-1.1188886969573257,8.76815502627564,1158.443817974877,1109.9683480433039
2065,504,6.877,45.985,-0.824999748032953,9.11363208383224,1215.8956702641167,1207.8164790833875
2065,506,6.88,45.886,-1.1209203440893543,8.766349708754205,1157.825377680225,1112.4618496614357
2065,509,6.882,45.877,-1.1543600810704513,8.727224331117876,1151.2380321294972,1102.5774417117866
2065,517,6.888,45.882,-1.1631609038336306,8.717611028565663,1149.259813856632,1103.4501303186341
2065,518,6.889,45.892,-1.138631899476426,8.746759637062189,1154.003811617783,1112.253626645633
2065,524,6.901,45.901,-1.1599256269279588,8.72371714576461,1149.3984501226046,1112.727205954785
2065,526,6.906,45.895,-1.1961734594204714,8.6815563696804,1142.104408800249,1103.8253412425584
2065,527,6.909,45.897,-1.2022693968793465,8.674922862755034,1140.8043499287355,1103.6851326016233
2065,530,6.912,45.907,-1.18622541044392,8.694831576534828,1143.877270744511,1110.8911988832563
2065,531,6.919,45.906,-1.216416972150979,8.660398974023604,1137.7105714298098,1105.2555332504219
2065,534,6.924,45.911,-1.2223155851702012,8.654683554417826,1136.4122836711135,1106.4210966007608
2065,535,6.928,45.905,-1.2543968828820091,8.617101795837621,1129.939600878229,1098.2813289846206
2065,537,6.934,45.883,-1.3374741380328343,8.518148671701844,1113.2694181559468,1074.3947977791584
2065,539,6.947,45.933,-1.2539669686404658,8.62413191546978,1129.683593023492,1110.2013793813744
2065,541,6.951,45.939,-1.2539851605895107,8.625745678824835,1129.6438564332168,1112.6485481658556
2065,542,6.952,45.951,-1.226111525208986,8.660349827073627,1135.2681020947425,1122.4057882089794
2065,543,6.955,45.927,-1.3018141831132448,8.568719067034813,1119.9609184251153,1099.3516418644062
2065,544,6.955,45.946,-1.2514924540943673,8.630538984976818,1130.1247425625434,1115.9100852459874
2065,547,6.957,45.955,-1.235771026958136,8.650781452727298,1133.3045058142925,1122.2765374167639
2065,548,6.96,45.887,-1.4270678555574055,8.416495380934812,1094.6723063588533,1060.887410340908
2065,549,6.961,45.912,-1.3651477348061114,8.493190401719492,1107.1137833888613,1082.117390404188
2065,553,6.969,45.888,-1.4592232233450098,8.379989754728534,1088.0063660254261,1055.819367169567
2065,557,6.977,45.894,-1.4746346285294436,8.36397321619361,1084.7461853279938,1055.7055360570828
2065,564,6.985,45.951,-1.3596335799987473,8.511382958051627,1108.137292751208,1098.6752630450824
2065,566,6.986,45.973,-1.3073676977255282,8.577396403568706,1118.883833120711,1116.3549030632928
2065,567,6.986,45.973,-1.3073676977255282,8.577396403568706,1118.883833120711,1116.3549030632928
2065,569,6.988,45.987,-1.2798314515190956,8.613138098420087,1124.5940666006743,1126.490506748277
2065,571,6.99,45.969,-1.3339971560194543,8.546405409003405,1113.457460681018,1110.0710379289587
2065,572,6.992,45.913,-1.484568966166905,8.358315688410364,1082.5646190224122,1061.7614418698654
2065,574,6.994,45.896,-1.5355672406280458,8.295116237513323,1072.1331858726658,1046.0434251059382
2065,575,6.994,45.965,-1.3605348719070918,8.5154638391679,1108.0429942590154,1103.8110432336894
2065,577,7.0,45.895,-1.5614173835924028,8.26535686839728,1066.7923115889948,1041.1791788912005
2065,579,7.003,45.96,-1.411696400803474,8.46022455892389,1099.3538939427112,1093.9820909369903
2065,582,7.008,45.954,-1.4491564462235411,8.421878124030926,1094.3750415895938,1086.9543794550318
2066,423,6.776,45.799,-1.775219439990153,9.308977028945755,861.8840580459188,785.8404198737808
2066,424,6.778,45.809,-1.7524697636787354,9.33499565395377,862.5438907425388,793.8985012688298
2066,427,6.783,45.817,-1.7467263102846164,9.341403753862648,861.1413528254309,798.7883893360207
2066,429,6.784,45.784,-1.8485681916657795,9.22398901487827,854.7154031790263,768.9820409726813
2066,431,6.785,45.822,-1.7391407290997036,9.35009981999748,860.8920385012789,802.3352077124719
2066,437,6.792,45.817,-1.7794837330363795,9.303398138356442,856.0564932990703,794.697073658489
2066,447,6.799,45.819,-1.799094729149051,9.280647159975565,852.4482699005082,793.2765454526759
2066,448,6.799,45.827,-1.8312724098110649,9.162281729138487,885.0650690817499,805.0850606568499
2066,449,6.799,45.837,-1.7462917349007374,9.341927663091074,855.566516836129,809.1584828701416
2066,459,6.811,45.849,-1.75584978616617,9.331452202779083,850.7868583966165,814.0393293005995
2066,460,6.819,45.856,-1.7655503401450896,9.32082529718984,847.3998111550462,816.3168914897428
2066,462,6.823,45.859,-1.7719520141436873,9.31375843827199,845.6143072674764,816.9931788969252
2066,464,6.831,45.863,-1.790644934080206,9.292802130332166,841.6978870125328,816.5689723909247
2066,468,6.844,45.863,-1.8396485116217218,9.23688514297342,834.2448022495189,810.226617996911
2066,484,6.862,45.976,-1.5961009282749923,9.532024379346423,841.6907784366349,897.4003992781754
2066,488,6.865,45.868,-1.905071757336696,9.163017194650747,823.0002266088693,804.1776169336985
2066,489,6.865,45.99,-1.5699040964534565,9.564628818854416,842.0566521115526,907.6686953258484
2066,490,6.865,45.99,-1.5699040964534565,9.564628818854416,842.0566521115526,907.6686953258484
2066,491,6.865,45.99,-1.5699040964534565,9.564628818854416,842.0566521115526,907.6686953258484
2066,497,6.871,45.984,-1.678834672223522,9.379531743570652,866.9621845189906,903.39413313529
2066,498,6.871,45.984,-1.678834672223522,9.379531743570652,866.9621845189906,903.39413313529
2066,499,6.871,45.984,-1.678834672223522,9.379531743570652,866.9621845189906,903.39413313529
2066,500,6.871,45.992,-1.6574962201484564,9.406137406645389,868.172019981582,910.2475893917101
2066,503,6.875,45.88,-1.9102791733679187,9.159216947248712,819.1520614921117,809.2662364900924
2066,504,6.877,45.985,-1.6330053294170184,9.494056553052424,834.1881067264811,896.4707911466836
2066,506,6.88,45.886,-1.9131368228902215,9.157163313770969,817.2101191102472,811.7523469936607
2066,509,6.882,45.877,-1.945099409763856,9.119116119367646,814.6449047233514,803.2745823668077
2066,517,6.888,45.882,-1.9545415588949195,9.109428344670508,811.9664627200832,804.410268220035
2066,518,6.889,45.892,-1.931569092995681,9.13760425651697,812.9419079500506,812.1627111163822
2066,524,6.901,45.901,-1.953973777975952,9.114469456576742,807.3727265558636,813.4130370866177
2066,526,6.906,45.895,-1.9891469552042507,9.073307048817377,803.5595024727942,805.9460803544708
2066,527,6.909,45.897,-1.9954800905833343,9.066673083565561,802.1247213662983,806.0355901043996
2066,530,6.912,45.907,-1.9809297887424488,9.085712509082068,801.894308910142,812.6038733876278
2066,531,6.919,45.906,-2.010780285767806,9.051878224780552,797.6756738602144,808.1550724180191
2066,534,6.924,45.911,-2.0173304379183734,9.045961295241565,795.513037547624,809.5710053018233
2066,535,6.928,45.905,-2.048367304783396,9.009321930546225,792.2959692095064,802.6778953856746
2066,537,6.934,45.883,-2.127852300039519,8.913251692786961,785.550191989059,782.098596115889
2066,539,6.947,45.933,-2.051794137350694,9.014492937530713,785.3030624327173,814.8650260708301
2066,541,6.951,45.939,-2.05263447730453,9.015681393313525,783.819791204691,817.4271417548022
2066,542,6.952,45.951,-2.026596833335019,9.048972525414143,784.9432404223722,826.3290474170749
2066,543,6.955,45.927,-2.0984902719677607,8.960296979133513,779.7608383092985,805.8494252766193
2066,544,6.955,45.946,-2.0511169183264255,9.019926365997753,782.4693886659894,820.7436893887749
2066,547,6.957,45.955,-2.0367350899389036,9.03925540938874,782.5675451413707,826.7032559253005
2066,548,6.96,45.887,-2.2174097665541024,8.81305021453855,771.095057670931,772.1073461197251
2066,549,6.961,45.912,-2.159336866044044,8.886911841808573,774.1118244841683,790.9757719347709
2066,553,6.969,45.888,-2.249490947462759,8.777084540079029,766.0263490031223,768.317343416545
2066,557,6.977,45.894,-2.265623750770066,8.760938138504113,762.2431428257144,768.8338032544092
2066,564,6.985,45.951,-2.159184376120805,8.902076154862016,765.5274444519359,808.081628375391
2066,566,6.986,45.973,-2.11027313590613,8.96550603993034,767.9471168652511,824.3467630365377
2066,567,6.986,45.973,-2.11027313590613,8.96550603993034,767.9471168652511,824.3467630365377
2066,569,6.988,45.987,-2.084829778511462,8.999677606468477,768.6603927578475,833.9216238661489
2066,571,6.99,45.969,-2.1361709690627837,8.935235558665688,765.0378014167837,819.0189871789775
2066,572,6.992,45.913,-2.278088583042253,8.754055708800921,756.1800532393078,775.4653697087499
2066,574,6.994,45.896,-2.3264257346056403,8.693060774998113,752.6538584097004,761.6359945003212
2066,575,6.994,45.965,-2.1619785119059096,8.90501965865502,762.1318657522869,813.7164197500559
2066,577,7.0,45.895,-2.3519678053575968,8.663853579275944,749.0298182989667,757.8101506966009
2066,579,7.003,45.96,-2.212114458715453,8.850939885475889,757.0893877352579,805.5326868884557
2066,582,7.008,45.954,-2.2485142336656603,8.813642900725043,754.8995652059483,799.3687730172383
2067,423,6.776,45.799,-4.412212718542402,9.037638386166812,816.272202096726,777.6376579732027
2067,424,6.778,45.809,-4.389933904364201,9.063974155340278,816.4759017673657,785.724115856679
2067,427,6.783,45.817,-4.385052330654121,9.07007151546061,814.7606286911932,790.6677950299062
2067,429,6.784,45.784,-4.4864049115629925,8.950287964636185,809.9536264936661,760.8360928754736
2067,431,6.785,45.822,-4.3778472196255285,9.078767206640856,814.297997771382,794.2393431736585
2067,437,6.792,45.817,-4.419090080269714,9.030559651469645,809.8182434584897,786.6535898176127
2067,447,6.799,45.819,-4.439736736364996,9.006775330343995,806.2244371320028,785.2956597478384
2067,448,6.799,45.827,-4.472073817825481,8.888962634924873,836.7450632917186,797.0696150013529
2067,449,6.799,45.837,-4.387292393913294,9.069299488149952,808.4604810631566,801.2086212775589
2067,459,6.811,45.849,-4.398816794728048,9.057705760778198,803.2873372199231,806.2160999682504
2067,460,6.819,45.856,-4.40981566815388,9.046286477299137,799.6892237028361,808.5770418280645
2067,462,6.823,45.859,-4.416858113221853,9.03879364606075,797.8235257324818,809.2940429640353
2067,464,6.831,45.863,-4.436793144803015,9.016848479648832,793.8468999531548,808.9463769009947
2067,468,6.844,45.863,-4.487677456360102,8.95885073428828,786.6204700015697,802.7112158140591
2067,484,6.862,45.976,-4.249358988022384,9.260046471029533,788.7286091927413,890.4692375086277
2067,488,6.865,45.868,-4.556255749222507,8.88201940960528,775.5053613170745,796.8461952049036
2067,489,6.865,45.99,-4.223941384154274,9.29333852754992,788.4361980284732,900.8365117621207
2067,490,6.865,45.99,-4.223941384154274,9.29333852754992,788.4361980284732,900.8365117621207
2067,491,6.865,45.99,-4.223941384154274,9.29333852754992,788.4361980284732,900.8365117621207
2067,497,6.871,45.984,-4.333637753263589,9.106918939323595,811.9032829968412,896.5417112308668
2067,498,6.871,45.984,-4.333637753263589,9.106918939323595,811.9032829968412,896.5417112308668
2067,499,6.871,45.984,-4.333637753263589,9.106918939323595,811.9032829968412,896.5417112308668
2067,500,6.871,45.992,-4.31248892078676,9.134168779505746,812.691838292774,903.4394377454364
2067,503,6.875,45.88,-4.563199454517576,8.877600402573467,771.2513357012702,802.0482944711434
2067,504,6.877,45.985,-4.288738547048971,9.220680128243767,781.0636974964413,889.7019566355971
2067,506,6.88,45.886,-4.566929970359271,8.875251677044854,769.1075570632543,804.592001159001
2067,509,6.882,45.877,-4.598965798330303,8.836151252874524,767.0216577814443,796.1040328689604
2067,517,6.888,45.882,-4.609403357074141,8.825932568268222,764.2108381462554,797.3016627404152
2067,518,6.889,45.892,-4.58682302769568,8.854785235024778,764.7142802459595,805.0921461298301
2067,524,6.901,45.901,-4.611209519146012,8.830552543949016,758.9336577040827,806.4656146812506
2067,526,6.906,45.895,-4.646962791648536,8.78810353676127,755.5123821522255,799.018332358699
2067,527,6.909,45.897,-4.653786371138567,8.781177746367296,754.038325217522,799.1375343526332
2067,530,6.912,45.907,-4.639933970492858,8.800623499846292,753.376648877717,805.7619972816049
2067,531,6.919,45.906,-4.6707871084303205,8.765629561014114,749.3465237394706,801.3638061016278
2067,534,6.924,45.911,-4.678204314399677,8.759391152035946,747.0394664236893,802.835121747041
2067,535,6.928,45.905,-4.709669784476318,8.721604608338774,744.1966864831454,795.9523530766216
2067,537,6.934,45.883,-4.789441863659384,8.622622507861074,738.64036819914,775.3517260516314
2067,539,6.947,45.933,-4.71666255804271,8.726453638432432,736.2272436275852,808.3831579865243
2067,541,6.951,45.939,-4.718263672112057,8.72760564604362,734.5349935586931,810.9983976742889
2067,542,6.952,45.951,-4.692710110814553,8.761869358571328,735.0905355510496,819.9566885927759
2067,543,6.955,45.927,-4.764376790678785,8.67050297090628,731.1479461528752,799.404508464866
2067,544,6.955,45.946,-4.7175375148408625,8.731915648081767,732.9272030580063,814.3726370600699
2067,547,6.957,45.955,-4.703707667598387,8.751798501859987,732.6266177888984,820.3845006184034
2067,548,6.96,45.887,-4.882901565762125,8.518720669732062,724.5217147646861,765.569461185504
2067,549,6.961,45.912,-4.82568519964706,8.594796296324635,726.3547250421719,784.5227526526561
2067,553,6.969,45.888,-4.916324969189635,8.481444841061464,719.5924224513368,761.849835692902
2067,557,6.977,45.894,-4.933801221204595,8.46463382330646,715.6908990704593,762.443236884078
2067,564,6.985,45.951,-4.8302241776782555,8.610152082378288,716.4023430467827,801.9490017320186
2067,566,6.986,45.973,-4.7821164118479835,8.675609011362859,717.7718935199345,818.3155188807673
2067,567,6.986,45.973,-4.7821164118479835,8.675609011362859,717.7718935199345,818.3155188807673
2067,569,6.988,45.987,-4.757391709059347,8.710882734172863,717.84501030665,827.9695001416745
2067,571,6.99,45.969,-4.8084962339199295,8.644370493207596,715.1498421317522,812.9981940055756
2067,572,6.992,45.913,-4.949031486001048,8.457319232722822,709.0428528590461,769.2441910409261
2067,574,6.994,45.896,-4.99715058539366,8.394319228861402,706.3710056830565,755.3766886294928
2067,575,6.994,45.965,-4.834784086856146,8.613181476212416,712.5307136175103,807.7064877669836
2067,577,7.0,45.895,-5.023540604740331,8.364082115106218,702.9248949360789,751.5918169728704
2067,579,7.003,45.96,-4.886117103547009,8.557299525827425,707.8770032142592,799.5603216997636
2067,582,7.008,45.954,-4.923080342938889,8.518665616968402,705.9915130083749,793.3987070613365
2068,423,6.776,45.799,-2.6280051597535374,9.640520568040715,911.538466752673,631.6521542204515
2068,424,6.778,45.809,-2.6054586475457913,9.670521149834562,913.1740585923721,637.0849677439041
2068,427,6.783,45.817,-2.59995259298018,9.679686141522232,912.4837907919139,640.1798386809963
2068,429,6.784,45.784,-2.7013049721846234,9.548147013365622,902.6963989844293,619.6706087422864
2068,431,6.785,45.822,-2.592489026305341,9.69025011021117,912.7034993512473,642.4943225052799
2068,437,6.792,45.817,-2.632910912205245,9.640540657630586,907.2096625665666,636.9403636825243
2068,447,6.799,45.819,-2.652708111311331,9.617753486921181,903.6563767496435,635.6190135532916
2068,448,6.799,45.827,-2.6850055926967746,9.502789543969117,938.9908032470928,644.2131090219725
2068,449,6.799,45.837,-2.6001746686907414,9.686687337777975,908.6128873019287,646.3794963903676
2068,459,6.811,45.849,-2.610166593969731,9.679820195390068,904.7972922037892,648.9921344065438
2068,460,6.819,45.856,-2.620136431406244,9.671183095674653,901.9463972538495,650.0505209587209
2068,462,6.823,45.859,-2.6266641901324914,9.664900570967305,900.3763415760969,650.2638337842492
2068,464,6.831,45.863,-2.6455790441551894,9.644663099281697,896.682847553342,649.4976538512369
2068,468,6.844,45.863,-2.6948514876698453,9.587139985743988,888.9203540244681,644.4861779127305
2068,484,6.862,45.976,-2.45311458361094,9.928581729902412,907.6910765081092,699.4825406772045
2068,488,6.865,45.868,-2.7607721667782728,9.512825722760361,877.6751841475151,639.1654993003349
2068,489,6.865,45.99,-2.4271444249543404,9.966853350323564,909.4652236780928,705.6390315968796
2068,490,6.865,45.99,-2.4271444249543404,9.966853350323564,909.4652236780928,705.6390315968796
2068,491,6.865,45.99,-2.4271444249543404,9.966853350323564,909.4652236780928,705.6390315968796
2068,497,6.871,45.984,-2.536097478154101,9.77848613705121,935.8831305442279,703.0883564146471
2068,498,6.871,45.984,-2.536097478154101,9.77848613705121,935.8831305442279,703.0883564146471
2068,499,6.871,45.984,-2.536097478154101,9.77848613705121,935.8831305442279,703.0883564146471
2068,500,6.871,45.992,-2.514858293248548,9.808532153926647,937.9740886608798,707.3635200076639
2068,503,6.875,45.88,-2.7663318099869683,9.512957136986973,874.7960867223484,641.8676866700688
2068,504,6.877,45.985,-2.4903785410065793,9.89274909385355,900.699358163988,697.5559149778803
2068,506,6.88,45.886,-2.769362364730202,9.512875407122873,873.3364703854254,643.160947533361
2068,509,6.882,45.877,-2.8012565294061846,9.470707142154462,869.8072686627834,637.4684459473948
2068,517,6.888,45.882,-2.810878787904005,9.462439702944685,867.4814273995157,637.8124381304115
2068,518,6.889,45.892,-2.788043993906838,9.494805936508476,869.4444812513365,642.8091440884625
2068,524,6.901,45.901,-2.81078650763567,9.47410065647137,864.4704380473897,642.7700175093369
2068,526,6.906,45.895,-2.8459893574471926,9.429738893012438,859.9162119764848,637.5666937054998
2068,527,6.909,45.897,-2.852403224065054,9.42360597750224,858.6028596780214,637.4104967253767
2068,530,6.912,45.907,-2.838020800131849,9.446609748247383,859.301316192919,641.4417400830739
2068,531,6.919,45.906,-2.867994394128424,9.411498126189969,854.7894237858088,638.052076597529
2068,534,6.924,45.911,-2.8746928869546418,9.407146065201399,852.9922628152846,638.58975084567
2068,535,6.928,45.905,-2.905743378713963,9.367422121152865,849.0606978728841,633.8512120437672
2068,537,6.934,45.883,-2.9851199066759784,9.261073104164481,839.9578264340016,620.0873748756327
2068,539,6.947,45.933,-2.9098062967329352,9.382484384708766,844.3378518081313,640.163321820238
2068,541,6.951,45.939,-2.9107767221718963,9.385810194588196,843.339490859447,641.4556378804989
2068,542,6.952,45.951,-2.884871301293893,9.424209023596632,845.6432492750251,646.9812887830784
2068,543,6.955,45.927,-2.9565914406385985,9.324723554250811,837.9582869353319,633.7886027508409
2068,544,6.955,45.946,-2.9093969514690357,9.39263147236644,842.5733902771414,643.2108543070942
2068,547,6.957,45.955,-2.8951346530237108,9.41564724446317,843.5181695744805,646.7815157169374
2068,548,6.96,45.887,-3.075233510608209,9.159438659038528,825.1906216307474,611.7598589514939
2068,549,6.961,45.912,-3.0174104372408133,9.244081283164409,830.6423786038052,623.8296763920262
2068,553,6.969,45.888,-3.107502044255671,9.122812282617657,819.9706590578637,608.6582223148002
2068,557,6.977,45.894,-3.12384495175147,9.108314170610559,816.5485198686276,608.4046973661968
2068,564,6.985,45.951,-3.0180378266768924,9.273431512504771,825.2053131102095,632.6673867219458
2068,566,6.986,45.973,-2.969326925321609,9.34637547334226,829.7882967383287,642.6913766076048
2068,567,6.986,45.973,-2.969326925321609,9.34637547334226,829.7882967383287,642.6913766076048
2068,569,6.988,45.987,-2.9440324144984746,9.386445932264703,831.841402654832,648.3990332614907
2068,571,6.99,45.969,-2.9952591362323577,9.31388819338708,826.3487755194022,639.0224377874565
2068,572,6.992,45.913,-3.1367572409799993,9.107935861084654,811.9040188185955,611.500347553962
2068,574,6.994,45.896,-3.1849957900297032,9.03924873530391,806.6686529553082,602.5050988410665
2068,575,6.994,45.965,-3.021102197582598,9.281453335468292,822.9145886739535,635.3674882915932
2068,577,7.0,45.895,-3.2106470846244295,9.008874862163797,802.775253407288,599.5969438201919
2068,579,7.003,45.96,-3.071353043071611,9.224128816346633,817.1604099438334,629.5705899630758
2068,582,7.008,45.954,-3.1077937911893474,9.183611086147451,814.340959873472,625.4678077905593
2069,423,6.776,45.799,-3.657528891240906,9.570903529308156,863.9014861213208,1027.3073554549212
2069,424,6.778,45.809,-3.6312228114879996,9.594926420587486,867.1880365176803,1037.6872819354865
2069,427,6.783,45.817,-3.6232751815296895,9.599981700832997,867.8419418223868,1043.8655055433808
2069,429,6.784,45.784,-3.7382675749506715,9.489634800348647,852.662482335479,1005.2214895615398
2069,431,6.785,45.822,-3.6141020526689607,9.607758953112603,868.8994233368221,1048.3953946607069
2069,437,6.792,45.817,-3.6577255620338587,9.562608756869025,862.6120714861922,1038.2865544340164
2069,447,6.799,45.819,-3.6778691447778717,9.539930719243564,859.4253245117847,1036.2292718690192
2069,448,6.799,45.827,-3.7069101922910637,9.41988873996332,894.5154146310664,1051.5672909408393
2069,449,6.799,45.837,-3.6180087259447147,9.597438988361976,867.3727867658818,1056.7781672445549
2069,459,6.811,45.849,-3.625137562775932,9.585355708379465,865.6251345036765,1062.6975992543457
2069,460,6.819,45.856,-3.6336174491923448,9.573889621073867,863.9900954556323,1065.37580462696
2069,462,6.823,45.859,-3.6396062710350385,9.566512911898823,862.9448295839337,1066.1159918193105
2069,464,6.831,45.863,-3.6582580294946094,9.545357362241585,859.964711381822,1065.300284596317
2069,468,6.844,45.863,-3.709735735390902,9.49045302982113,852.267526890573,1056.67932005942
2069,484,6.862,45.976,-3.4256511243146637,9.764489292553959,890.732324993538,1168.291449393068
2069,488,6.865,45.868,-3.777211116858042,9.417227585485422,841.9774818363265,1048.1770518204999
2069,489,6.865,45.99,-3.3945968476355697,9.794602123097343,895.0236849080704,1181.3654330126415
2069,490,6.865,45.99,-3.3945968476355697,9.794602123097343,895.0236849080704,1181.3654330126415
2069,491,6.865,45.99,-3.3945968476355697,9.794602123097343,895.0236849080704,1181.3654330126415
2069,497,6.871,45.984,-3.5070376662511187,9.611284357904204,919.8169627794942,1175.6967358739441
2069,498,6.871,45.984,-3.5070376662511187,9.611284357904204,919.8169627794942,1175.6967358739441
2069,499,6.871,45.984,-3.5070376662511187,9.611284357904204,919.8169627794942,1175.6967358739441
2069,500,6.871,45.992,-3.4825902684559527,9.63630863394264,923.3981774199582,1184.5010085872416
2069,503,6.875,45.88,-3.7796630006749368,9.411850413522055,841.1746590713665,1054.3965067215051
2069,504,6.877,45.985,-3.461996796731409,9.726199807496574,885.3576955432993,1166.484114556477
2069,506,6.88,45.886,-3.7811472102508157,9.409023186733481,840.7557611529033,1057.4271238464182
2069,509,6.882,45.877,-3.8169854485631074,9.3729020896423,835.7194884483255,1046.4428470798205
2069,517,6.888,45.882,-3.825634535582071,9.362721247870791,834.2694974460867,1047.7018364239275
2069,518,6.889,45.892,-3.798975770720501,9.389031199399952,837.926877995113,1057.645098405265
2069,524,6.901,45.901,-3.820196408858343,9.365154197707858,834.540907212877,1058.835788651391
2069,526,6.906,45.895,-3.8586519218364757,9.325564008678754,828.9979661979108,1049.0608612012284
2069,527,6.909,45.897,-3.864787041256597,9.318796802522414,828.0390029649226,1049.0721374105865
2069,530,6.912,45.907,-3.846946121010528,9.336177771761871,830.4463292094316,1057.409297990033
2069,531,6.919,45.906,-3.878529957008844,9.303129391377563,825.8016139823786,1051.4472393003498
2069,534,6.924,45.911,-3.8841116787703367,9.29669287878177,824.8775734144168,1053.0898529554995
2069,535,6.928,45.905,-3.918234314920576,9.261526358882168,819.9533547655494,1044.0974368768407
2069,537,6.934,45.883,-4.007356306676326,9.170084965655324,807.2040491850285,1017.4607122633654
2069,539,6.947,45.933,-3.9145365195089674,9.26312595210988,820.0723303155451,1059.0576397222871
2069,541,6.951,45.939,-3.913842952459677,9.263565513939902,820.1139138443901,1062.1955012480998
2069,542,6.952,45.951,-3.8833825832140185,9.294735602912757,824.4744489695794,1073.5651009880864
2069,543,6.955,45.927,-3.9650895957754893,9.210748458063067,812.7127839030509,1047.2105296599902
2069,544,6.955,45.946,-3.9104092132991672,9.266885727114172,820.5594715194375,1066.2974096814626
2069,547,6.957,45.955,-3.8929556404534296,9.284746801285912,823.0533183184218,1073.8562352754461
2069,548,6.96,45.887,-4.100349665004832,9.071262828404826,793.2870532824668,1003.7656966271467
2069,549,6.961,45.912,-4.032860934346332,9.140636207024095,802.9050026006114,1027.9308806433714
2069,553,6.969,45.888,-4.133770179284358,9.03585242555275,788.3000490567056,998.6041672231279
2069,557,6.977,45.894,-4.149133999053954,9.019281272178844,785.9279451489298,998.9988573907734
2069,564,6.985,45.951,-4.022390196455925,9.150889590065864,804.1652526753518,1048.9739909617745
2069,566,6.986,45.973,-3.9652455162854956,9.210481079128936,812.5018256246859,1069.7356042044219
2069,567,6.986,45.973,-3.9652455162854956,9.210481079128936,812.5018256246859,1069.7356042044219
2069,569,6.988,45.987,-3.934831450197014,9.242347973042273,816.9666568115636,1081.8943268389419
2069,571,6.99,45.969,-3.993457362100907,9.181306929929356,808.3899168999362,1062.7717784740257
2069,572,6.992,45.913,-4.157202709930062,9.010268138854228,784.5324782838812,1006.9831645285406
2069,574,6.994,45.896,-4.2124313019911455,8.952460510916483,776.5077800619517,989.2063814241848
2069,575,6.994,45.965,-4.021577379412354,9.152182075238933,804.2871711791307,1055.8418927013722
2069,577,7.0,45.895,-4.23950721307588,8.923929767319674,772.4982190750922,984.1063712484308
2069,579,7.003,45.96,-4.075381677049526,9.099834362141074,797.6942293433053,1045.056852876977
2069,582,7.008,45.954,-4.115048550050059,9.064057224304563,793.8400259240865,1037.0164845223778
2070,423,6.776,45.799,-2.7618071848215733,9.480523862739211,765.8904153197246,844.4530200054841
2070,424,6.778,45.809,-2.7367418006509308,9.507949417708167,767.9281348811184,852.4903809563025
2070,427,6.783,45.817,-2.729500381651999,9.515714054781144,767.8337541647911,857.2188810250203
2070,429,6.784,45.784,-2.8397681217428903,9.39415999941276,757.32570885241,827.1849352668459
2070,431,6.785,45.822,-2.7208622471571826,9.525183018656334,768.3383766742111,860.7020169397456
2070,437,6.792,45.817,-2.7631947304602638,9.478317334802076,763.2771319955192,852.7770751967863
2070,447,6.799,45.819,-2.783030775959133,9.456295916043452,760.3336667755428,851.0890259936498
2070,448,6.799,45.827,-2.8131937731013434,9.338954382055302,790.636891401574,863.2537503763881
2070,449,6.799,45.837,-2.7256947437912094,9.519880187069099,765.75149952861,866.9860049068882
2070,459,6.811,45.849,-2.7334886823722293,9.511765312682531,763.2163227672111,871.3642055220331
2070,460,6.819,45.856,-2.7422681604688743,9.50258883975221,761.198541708407,873.291699987659
2070,462,6.823,45.859,-2.748335892203617,9.496184209856786,760.0330882335261,873.7908583044687
2070,464,6.831,45.863,-2.766864779280942,9.476296654081843,757.0966599866819,873.0176330235374
2070,468,6.844,45.863,-2.817235208408286,9.421279240321933,750.3904593216057,866.1442610891265
2070,484,6.862,45.976,-2.5472836633431886,9.732365365312408,774.0078119115939,950.7631136871138
2070,488,6.865,45.868,-2.8836147254768143,9.349515453588085,740.9982484748281,859.2010004366962
2070,489,6.865,45.99,-2.517905104652907,9.767011581171085,776.4833473776547,960.5284548671353
2070,490,6.865,45.99,-2.517905104652907,9.767011581171085,776.4833473776547,960.5284548671353
2070,491,6.865,45.99,-2.517905104652907,9.767011581171085,776.4833473776547,960.5284548671353
2070,497,6.871,45.984,-2.6289850051710943,9.581572839771713,798.5448936803385,956.3944297574043
2070,498,6.871,45.984,-2.6289850051710943,9.581572839771713,798.5448936803385,956.3944297574043
2070,499,6.871,45.984,-2.6289850051710943,9.581572839771713,798.5448936803385,956.3944297574043
2070,500,6.871,45.992,-2.6056448863561616,9.609221719619047,800.91383954941,963.0293917906878
2070,503,6.875,45.88,-2.8868732803554997,9.347975298106736,739.2759918509684,863.7651565751524
2070,504,6.877,45.985,-2.5835528507580454,9.696667791567872,768.5401137414699,948.9179614504434
2070,506,6.88,45.886,-2.888758533173409,9.347054729327407,738.3981801601477,865.977333432116
2070,509,6.882,45.877,-2.9231820822641725,9.307970534291863,734.7783451792503,857.5173385162409
2070,517,6.888,45.882,-2.9320078634202935,9.299355626411664,733.088507590179,858.35134188972
2070,518,6.889,45.892,-2.906642953642625,9.328911431958351,735.420185078687,865.9395298719594
2070,524,6.901,45.901,-2.9280714386168554,9.307801355185097,731.6994142201396,866.5633892858106
2070,526,6.906,45.895,-2.9652711260769307,9.266201853861268,727.3850883955375,858.9754259532008
2070,527,6.909,45.897,-2.9714231590151754,9.260042055853901,726.3786372484922,858.9114299387426
2070,530,6.912,45.907,-2.954697771509587,9.280610269509097,727.6186696015224,865.1999551710365
2070,531,6.919,45.906,-2.985540349515032,9.247138689693838,723.6593991291261,860.4743388716836
2070,534,6.924,45.911,-2.991376019418229,9.24223586041979,722.4261899994159,861.5965835550846
2070,535,6.928,45.905,-3.024331316270395,9.205085843791446,718.6512053241389,854.6380339905995
2070,537,6.934,45.883,-3.10992612285362,9.10652391162266,709.4122888752572,834.1438340799759
2070,539,6.947,45.933,-3.0228161448464035,9.215321013422553,716.3545944230789,865.4928743069925
2070,541,6.951,45.939,-3.0225929793820714,9.217594165227318,715.8748435587058,867.7529440644777
2070,542,6.952,45.951,-2.993681661040444,9.252554471983757,718.6328786715305,876.331070300721
2070,543,6.955,45.927,-3.071855934476075,9.16089810452494,710.464389513864,856.2658851646232
2070,544,6.955,45.946,-3.0197646896553954,9.22305866351256,715.6598054949102,870.7370244020531
2070,547,6.957,45.955,-3.003362513706627,9.243731250753083,717.0520329113226,876.391215366129
2070,548,6.96,45.887,-3.2012362555227387,9.008672571342107,696.9393100469144,823.0382245052025
2070,549,6.961,45.912,-3.13706467804291,9.085939722444241,703.204262225662,841.4393378999426
2070,553,6.969,45.888,-3.234020605908984,8.973470612743146,692.5061402536284,818.8678554102294
2070,557,6.977,45.894,-3.2495121910086437,8.958688248223368,689.9324092593055,818.9618700433815
2070,564,6.985,45.951,-3.1298045302712763,9.108039039028323,700.9739803057793,856.6725896829744
2070,566,6.986,45.973,-3.075553012024489,9.174494779926782,706.331667763703,872.2997684191994
2070,567,6.986,45.973,-3.075553012024489,9.174494779926782,706.331667763703,872.2997684191994
2070,569,6.988,45.987,-3.0468590108492837,9.210692691925637,709.0017197293101,881.37111897319
2070,571,6.99,45.969,-3.1028714347210236,9.143978274657169,703.1035260903259,866.9135467964805
2070,572,6.992,45.913,-3.2588626636838196,8.955414136692495,687.114179699347,824.628220976441
2070,574,6.994,45.896,-3.3116186481632757,8.892273981991751,681.5502779879874,811.0394186270913
2070,575,6.994,45.965,-3.130098843949606,9.113515277312414,699.8817470440196,861.5513706741756
2070,577,7.0,45.895,-3.338043341137543,8.863353886353718,678.1375741242518,806.9885628787112
2070,579,7.003,45.96,-3.1824379447713897,9.059414929088502,694.5808286662419,853.1597268015499
2070,582,7.008,45.954,-3.2208570662046117,9.021670218106866,691.7449291824947,847.0126530911523
2071,423,6.776,45.799,-2.31880863252223,8.722571910343284,863.8075152557233,688.5796735673513
2071,424,6.778,45.809,-2.2963878268792475,8.747878258002611,865.8577234308689,696.1858741653924
2071,427,6.783,45.817,-2.2911184200781034,8.754252496374376,865.5192472687252,700.7682003516773
2071,429,6.784,45.784,-2.392316176332763,8.640372882547648,854.400365860492,672.5489157459741
2071,431,6.785,45.822,-2.283762868241834,8.762751626861126,865.9551116374233,704.1156624691893
2071,437,6.792,45.817,-2.3244281625738124,8.71766291560159,860.2922980858389,696.791566046834
2071,447,6.799,45.819,-2.344513889517476,8.695809639279112,856.8604332757609,695.3748048532102
2071,448,6.799,45.827,-2.376872165411211,8.57662957528262,890.8274384135983,706.2493030644151
2071,449,6.799,45.837,-2.2921172345404988,8.755257217785967,862.566969244239,710.4820100537303
2071,459,6.811,45.849,-2.3027132174150977,8.745461372539332,859.333132808894,715.0554948962294
2071,460,6.819,45.856,-2.3130943121802656,8.735394301422524,856.8347002061621,717.1898698495743
2071,462,6.823,45.859,-2.3198273609666216,8.728659330445609,855.4213136290562,717.8193039684597
2071,464,6.831,45.863,-2.339138519429763,8.708570738312837,851.9579849739591,717.3842273162169
2071,468,6.844,45.863,-2.3889875646490464,8.654720186694703,844.2941724114871,711.274434883909
2071,484,6.862,45.976,-2.1497290623749965,8.941464568598438,868.3442497230146,795.7837024827819
2071,488,6.865,45.868,-2.455915745425814,8.58369279860648,833.4391407154295,705.4507810571907
2071,489,6.865,45.99,-2.12414406635107,8.973164733032675,870.811989900996,805.892516746292
2071,490,6.865,45.99,-2.12414406635107,8.973164733032675,870.811989900996,805.892516746292
2071,491,6.865,45.99,-2.12414406635107,8.973164733032675,870.811989900996,805.892516746292
2071,497,6.871,45.984,-2.2333557191111226,8.789643989646073,895.6374192525922,801.3731992344269
2071,498,6.871,45.984,-2.2333557191111226,8.789643989646073,895.6374192525922,801.3731992344269
2071,499,6.871,45.984,-2.2333557191111226,8.789643989646073,895.6374192525922,801.3731992344269
2071,500,6.871,45.992,-2.2122437809223325,8.815455297301174,898.1257435128786,808.1012718164786
2071,503,6.875,45.88,-2.4621211045873848,8.580294034061362,831.1759481619306,710.3452519544097
2071,504,6.877,45.985,-2.1880032613485048,8.905049013900562,861.9229208816975,795.0711812010745
2071,506,6.88,45.886,-2.465484900464667,8.578444310408912,830.0280616146606,712.7485559409304
2071,509,6.882,45.877,-2.497318506012714,8.541606813209862,826.1185272781985,704.5985819489033
2071,517,6.888,45.882,-2.507305914834743,8.532382255493165,824.0702890819728,705.7053390579433
2071,518,6.889,45.892,-2.4846974915259197,8.559731185337906,826.4883701554944,713.1748758338496
2071,524,6.901,45.901,-2.5081867032205607,8.537631971020645,822.0362647419593,714.442047789113
2071,526,6.906,45.895,-2.5435135805125126,8.49785940871497,817.2625686046078,707.2626710920067
2071,527,6.909,45.897,-2.5501121641092146,8.491509779552942,816.0698241115426,707.3668493742997
2071,530,6.912,45.907,-2.5360809291336284,8.510051155238685,817.2510654315237,713.7343817365902
2071,531,6.919,45.906,-2.5663790909201536,8.477438014679034,812.767657709704,709.485348877137
2071,534,6.924,45.911,-2.5734342596711537,8.471836294096342,811.2514124810662,710.8978138146775
2071,535,6.928,45.905,-2.604549427039405,8.436423241686109,807.0907884100884,704.2615233455039
2071,537,6.934,45.883,-2.68371132260841,8.343451299103393,797.0634566269584,684.4421924382686
2071,539,6.947,45.933,-2.610238002125183,8.44193718811635,803.8658351536444,716.2924669322097
2071,541,6.951,45.939,-2.6115689585081756,8.443192459067188,803.1926810610981,718.8430295072442
2071,542,6.952,45.951,-2.586019667784189,8.475487908854614,806.0683513044083,727.5429162319608
2071,543,6.955,45.927,-2.657289003442873,8.389610620494274,797.3030701765821,707.6298806845391
2071,544,6.955,45.946,-2.610580853220049,8.447409599473952,802.8001899090829,722.1373818833933
2071,547,6.957,45.955,-2.596658861598184,8.466195998353392,804.1905491177679,727.9913243161868
2071,548,6.96,45.887,-2.7751428160421003,8.24701635368881,782.7740252481294,675.0095758259766
2071,549,6.961,45.912,-2.7180240904234467,8.31863463169443,789.3702556639789,693.2657146099107
2071,553,6.969,45.888,-2.807862667007781,8.212393048345247,777.7076693286989,671.435809130765
2071,557,6.977,45.894,-2.824752289356501,8.196951963855152,774.6548772709548,672.0164924426831
2071,564,6.985,45.951,-2.7209849043020515,8.33393933955611,786.0372218038584,710.2847520310789
2071,566,6.986,45.973,-2.672970319912318,8.3954358689592,791.671887994967,726.244281578115
2071,567,6.986,45.973,-2.672970319912318,8.3954358689592,791.671887994967,726.244281578115
2071,569,6.988,45.987,-2.648201553317936,8.428600636496153,794.4192469609628,735.7078598154226
2071,571,6.99,45.969,-2.6990121701107856,8.36619712442737,788.0940224877951,721.1000684556427
2071,572,6.992,45.913,-2.838950977502682,8.190664593948837,771.0657781365652,678.6278499496894
2071,574,6.994,45.896,-2.886778136714445,8.13160548662486,765.0827331018018,665.2559980601775
2071,575,6.994,45.965,-2.724961178959371,8.337011834608402,784.5224411737935,715.9832365295215
2071,577,7.0,45.895,-2.9126876097540717,8.103453754006988,761.2230247288742,661.631180058929
2071,579,7.003,45.96,-2.7755614460976314,8.28486822566303,778.6028587867828,708.085821994596
2071,582,7.008,45.954,-2.812089649907464,8.248949926568159,775.4871163937777,702.0391806620801
2072,423,6.776,45.799,-0.9875846794125636,9.260399151014086,1029.647375812701,722.2223559975743
2072,424,6.778,45.809,-0.9653327564252674,9.286471291394777,1030.3722710941754,729.9927921985384
2072,427,6.783,45.817,-0.9594768226246488,9.292763158061597,1028.7900029527045,734.7620509938093
2072,429,6.784,45.784,-1.0585010050668142,9.174827243601158,1021.6434218338185,706.1348425519085
2072,431,6.785,45.822,-0.9519938407634037,9.301437925899624,1028.502134307889,738.203418679835
2072,437,6.792,45.817,-0.9908757200377849,9.25433872741769,1023.0947458910256,730.9424061922863
2072,447,6.799,45.819,-1.0095943499971431,9.231289909093046,1019.0462649353755,729.6679104626492
2072,448,6.799,45.827,-1.0424290893217538,9.113036098909312,1057.9130899397417,740.837109378336
2072,449,6.799,45.837,-0.9582697377396467,9.292821558678558,1022.5030139975266,744.9729505349147
2072,459,6.811,45.849,-0.9670358447832337,9.28194408932048,1017.1087143252174,749.8588736166756
2072,460,6.819,45.856,-0.9761386392563072,9.271031207467903,1013.2836054094931,752.1805583464007
2072,462,6.823,45.859,-0.9822030106873134,9.26381352320234,1011.2673909272843,752.8961285793534
2072,464,6.831,45.863,-1.0000577657168046,9.24252742982377,1006.8497280785895,752.6113545525561
2072,468,6.844,45.863,-1.0471517196919429,9.185988326157212,998.4596535555828,746.6830353978834
2072,484,6.862,45.976,-0.8108682631567907,9.481638514898647,1006.3254279841209,831.8653416188179
2072,488,6.865,45.868,-1.1099299274100654,9.111175713453086,985.7610370720188,741.1704240270475
2072,489,6.865,45.99,-0.7854918867421743,9.514258480297414,1006.6577618478859,841.9965361842904
2072,490,6.865,45.99,-0.7854918867421743,9.514258480297414,1006.6577618478859,841.9965361842904
2072,491,6.865,45.99,-0.7854918867421743,9.514258480297414,1006.6577618478859,841.9965361842904
2072,497,6.871,45.984,-0.8930773806616807,9.328781088742875,1036.7734455305,837.7155116532487
2072,498,6.871,45.984,-0.8930773806616807,9.328781088742875,1036.7734455305,837.7155116532487
2072,499,6.871,45.984,-0.8930773806616807,9.328781088742875,1036.7734455305,837.7155116532487
2072,500,6.871,45.992,-0.8724467396028945,9.355481842707185,1038.0879436358607,844.4349971794638
2072,503,6.875,45.88,-1.1147387537098608,9.107036739023753,981.362762842992,746.2665020293114
2072,504,6.877,45.985,-0.8465196472920997,9.443009647407457,997.7976433229503,831.2962133925072
2072,506,6.88,45.886,-1.117405038421702,9.104811159256787,979.1401995129368,748.7632782874966
2072,509,6.882,45.877,-1.1482728797396273,9.066562798369318,976.282825978791,740.5809443528259
2072,517,6.888,45.882,-1.1572909369144666,9.056642474995936,973.2300635473307,741.7849672611475
2072,518,6.889,45.892,-1.1350738748984224,9.08488368454995,974.2841913246946,749.3210771373659
2072,524,6.901,45.901,-1.1565665708722586,9.061263865594256,967.9332819000426,750.7541150249477
2072,526,6.906,45.895,-1.1904726570014246,9.019791438114805,963.6455077827273,743.5961435545263
2072,527,6.909,45.897,-1.1965572179897936,9.01303274431246,962.0086508402359,743.7381828043156
2072,530,6.912,45.907,-1.1824961107610843,9.032032775015765,961.6920116789302,750.1748022344667
2072,531,6.919,45.906,-1.2112527816145215,8.997844157297134,956.9130132476288,745.9844827901788
2072,534,6.924,45.911,-1.2175531386759086,8.991733609257974,954.4296972688395,747.4570205900338
2072,535,6.928,45.905,-1.2474583540379918,8.954835810619045,950.8128013253572,740.8336524455397
2072,537,6.934,45.883,-1.324015585580045,8.858249485282304,943.2790517840147,720.9705886379176
2072,539,6.947,45.933,-1.2508293517807818,8.959346419901394,942.6906327210556,753.0740756213894
2072,541,6.951,45.939,-1.2516799384259825,8.960392963344013,940.9631922245131,755.6565426212027
2072,542,6.952,45.951,-1.226649457948354,8.99374880169153,942.1602781305197,764.3658518135936
2072,543,6.955,45.927,-1.295824409428338,8.904694695471862,936.4234231141697,744.4558739433338
2072,544,6.955,45.946,-1.2502727332640227,8.964504121978388,939.3786968676461,758.978547849018
2072,547,6.957,45.955,-1.2364762290504743,8.98381745676274,939.4281141877832,764.8422246928442
2072,548,6.96,45.887,-1.4101848963412822,8.75682618084727,926.8139987602456,711.7561863482321
2072,549,6.961,45.912,-1.3543773771996266,8.83087185391668,930.0899797112032,730.1010872453446
2072,553,6.969,45.888,-1.4410601736242734,8.720432685826507,921.0332970215854,708.2470232329632
2072,557,6.977,45.894,-1.4566223436320769,8.70395077049849,916.6810389507455,708.8991478731881
2072,564,6.985,45.951,-1.3546453712078987,8.84518987526053,920.0299242592127,747.2792014815498
2072,566,6.986,45.973,-1.3077643936639909,8.908758275102393,922.6267788450514,763.2058960631571
2072,567,6.986,45.973,-1.3077643936639909,8.908758275102393,922.6267788450514,763.2058960631571
2072,569,6.988,45.987,-1.2834296288922022,8.942947220528923,923.3327608034372,772.6344078140207
2072,571,6.99,45.969,-1.3327175728084288,8.878249861100802,919.3354154725544,758.0862452886953
2072,572,6.992,45.913,-1.4688083560689629,8.696497035240874,909.6312326183095,715.6386052479306
2072,574,6.994,45.896,-1.5151721905369824,8.635261459832073,905.7221030014649,702.2381788602601
2072,575,6.994,45.965,-1.3575776420641574,8.847796946673371,916.0467995908915,752.992667849838
2072,577,7.0,45.895,-1.539750499898009,8.605753267017171,901.5881579145771,698.6399144381764
2072,579,7.003,45.96,-1.4059718927292222,8.793219641826202,910.3786122003777,745.1656364204897
2072,582,7.008,45.954,-1.441076645163374,8.755621734464839,908.0138139241889,739.1976925587416
2073,423,6.776,45.799,-2.2711538751643876,9.741566183744432,634.7257898028661,872.930511291538
2073,424,6.778,45.809,-2.2488725390667743,9.768358646173985,635.8846278889114,881.7185066215848
2073,427,6.783,45.817,-2.243062286029733,9.775101276411336,635.4909899871366,887.0970595666737
2073,429,6.784,45.784,-2.3423497636755264,9.654508718062232,628.774645208257,854.6931909647255
2073,431,6.785,45.822,-2.2355836075678956,9.784099186023017,635.6739420442957,890.9757740560474
2073,437,6.792,45.817,-2.274646694584772,9.736344842591222,632.0064002611513,882.7636981524113
2073,447,6.799,45.819,-2.2934939959203287,9.71319649899295,629.6715113190799,881.3056616871007
2073,448,6.799,45.827,-2.326266274974734,9.595577486484906,654.2701807880678,894.2501295297724
2073,449,6.799,45.837,-2.2420288480548867,9.776156443348825,633.0762288265395,898.554925938521
2073,459,6.811,45.849,-2.2509370030807063,9.765787557651112,630.627479873918,903.9882717997982
2073,460,6.819,45.856,-2.2601380710021903,9.755134038442808,628.7794854296811,906.5453102459253
2073,462,6.823,45.859,-2.2662545759085373,9.748006287054661,627.7550054197502,907.3206662525936
2073,464,6.831,45.863,-2.2842289710853745,9.72674134038801,625.3244754598547,906.9422833758831
2073,468,6.844,45.863,-2.331572805751448,9.669721209684685,620.1641678845529,900.1932246337948
2073,484,6.862,45.976,-2.0945378517096027,9.973654415259947,633.1628931348426,994.542151822102
2073,488,6.865,45.868,-2.394705652051112,9.594527492363362,612.7017783313353,893.8276795380805
2073,489,6.865,45.99,-2.0690716492335928,10.007271172214192,634.3958248923827,1005.6134528552021
2073,490,6.865,45.99,-2.0690716492335928,10.007271172214192,634.3958248923827,1005.6134528552021
2073,491,6.865,45.99,-2.0690716492335928,10.007271172214192,634.3958248923827,1005.6134528552021
2073,497,6.871,45.984,-2.176809340732055,9.821094860434648,652.955695723745,1001.1770240867444
2073,498,6.871,45.984,-2.176809340732055,9.821094860434648,652.955695723745,1001.1770240867444
2073,499,6.871,45.984,-2.176809340732055,9.821094860434648,652.955695723745,1001.1770240867444
2073,500,6.871,45.992,-2.156098824700542,9.848428999147263,654.3798542750186,1008.5543528991257
2073,503,6.875,45.88,-2.3995839188897583,9.590968333865002,610.8319449128358,899.4256525518025
2073,504,6.877,45.985,-2.1303348213560693,9.935178784118968,628.5068478463971,993.6138698212355
2073,506,6.88,45.886,-2.4022822028237774,9.589032441293597,609.8807648184082,902.1576119256093
2073,509,6.882,45.877,-2.4332799490637176,9.54999764841377,607.4914151369758,892.9903164190694
2073,517,6.888,45.882,-2.4423583044081623,9.54025076347271,605.9567367180719,894.2668759207033
2073,518,6.889,45.892,-2.4200546037299504,9.569246213735507,607.3026003386447,902.6688757841965
2073,524,6.901,45.901,-2.441669414934155,9.545893411711154,604.0052274966738,904.1040949118047
2073,526,6.906,45.895,-2.475732119928066,9.503760984331745,600.9407629948823,896.0561559129733
2073,527,6.909,45.897,-2.481849176724416,9.497049208561373,600.0674305836433,896.17227914108
2073,530,6.912,45.907,-2.4677304108190117,9.516728708025258,600.5614956202418,903.2968504243873
2073,531,6.919,45.906,-2.496623756382076,9.482201264875084,597.5365610451239,898.5254864470357
2073,534,6.924,45.911,-2.5029557872914205,9.47630039446528,596.3433451344936,900.0843196366701
2073,535,6.928,45.905,-2.533002330328286,9.43877991689599,593.6946709615073,892.6508083519564
2073,537,6.934,45.883,-2.6099288327905987,9.340232552723851,587.5461420782012,870.4095650697955
2073,539,6.947,45.933,-2.5363705116368904,9.444797155806844,590.5720873174386,905.9091912556081
2073,541,6.951,45.939,-2.5372151006864603,9.446168865212364,589.9082688837914,908.6894640723309
2073,542,6.952,45.951,-2.512052344257549,9.480435207859568,591.4706046288223,918.2981168294466
2073,543,6.955,45.927,-2.5815775551507714,9.38937423881008,586.2764452640452,896.2014044881385
2073,544,6.955,45.946,-2.5357879226879367,9.450684039107315,589.4003458233042,912.281218539729
2073,547,6.957,45.955,-2.5219115824862333,9.470633621754917,590.0441870546281,918.7150238869498
2073,548,6.96,45.887,-2.6965314825871753,9.238161737762244,577.647093716549,859.7296821785201
2073,549,6.961,45.912,-2.6404248239529893,9.314144157970432,581.341326368642,880.1501203063341
2073,553,6.969,45.888,-2.7275602763914515,9.201513626875522,574.1419687970462,855.6682679376295
2073,557,6.977,45.894,-2.7431910373968313,9.185208682763474,571.8475471328676,856.2617152638003
2073,564,6.985,45.951,-2.640594770914854,9.330648089287507,577.7051238968845,898.6897691220647
2073,566,6.986,45.973,-2.5934342065457927,9.395914873155935,580.7969385197824,916.2211588087265
2073,567,6.986,45.973,-2.5934342065457927,9.395914873155935,580.7969385197824,916.2211588087265
2073,569,6.988,45.987,-2.568941929245705,9.43113368006022,582.1802924914272,926.5296344914417
2073,571,6.99,45.969,-2.6185052979619403,9.364941846769149,578.4761791311699,910.4848990027208
2073,572,6.992,45.913,-2.755392104262494,9.178697424997416,568.7324540334022,863.4867409846818
2073,574,6.994,45.896,-2.8020243118431982,9.116046786760096,565.2004898764927,848.5349322496019
2073,575,6.994,45.965,-2.6434842469728466,9.334024398452497,576.1590056912859,904.7745213870948
2073,577,7.0,45.895,-2.82672584898923,9.086237239116194,562.5780665308034,844.414357556137
2073,579,7.003,45.96,-2.6920936134848437,9.278717576546118,572.3014128286916,895.9829707732082
2073,582,7.008,45.954,-2.7273645689169124,9.240460446885479,570.4426352685874,889.3800273368823
2074,423,6.776,45.799,-1.216690316155976,9.703482154676747,990.8114177416021,805.3841867866188
2074,424,6.778,45.809,-1.192328258995401,9.731108067286842,991.8288710385413,813.1445308037216
2074,427,6.783,45.817,-1.1852952776601429,9.738242968475005,990.5896055889542,817.8362045412713
2074,429,6.784,45.784,-1.2924777818963973,9.614273017735883,982.7247232873118,789.1063288331637
2074,431,6.785,45.822,-1.1769014061435392,9.747578441452337,990.4807292401035,821.2381242675576
2074,437,6.792,45.817,-1.2180574824464854,9.698757257070033,985.1789512222068,813.8747126309646
2074,447,6.799,45.819,-1.2373470666256585,9.675242535051483,981.3972371628569,812.4841152877543
2074,448,6.799,45.827,-1.2682242221127797,9.558426872459844,1019.0782084191101,824.1237357577519
2074,449,6.799,45.837,-1.181617890733838,9.740010016719296,985.2707899324113,827.7204488069837
2074,459,6.811,45.849,-1.189212466173604,9.72988732807287,980.5312134875253,832.3143581238643
2074,460,6.819,45.856,-1.1977596514590632,9.719302458785661,977.118031564436,834.4275838518646
2074,462,6.823,45.859,-1.2036644345508156,9.712159880979712,975.2956488928929,835.0386456597646
2074,464,6.831,45.863,-1.2216883067984083,9.69066472612933,971.2178179256338,834.5603651288602
2074,468,6.844,45.863,-1.2706691033444875,9.632612283765138,963.2256935370317,828.3869222585747
2074,484,6.862,45.976,-1.0083666282696075,9.946714513659877,974.3720177189618,910.3286771543405
2074,488,6.865,45.868,-1.3352263375365787,9.55626471767166,951.2821851029497,822.3952079253007
2074,489,6.865,45.99,-0.9798259171918371,9.981543448637566,975.1454284262568,919.8311400318407
2074,490,6.865,45.99,-0.9798259171918371,9.981543448637566,975.1454284262568,919.8311400318407
2074,491,6.865,45.99,-0.9798259171918371,9.981543448637566,975.1454284262568,919.8311400318407
2074,497,6.871,45.984,-1.0897049893184594,9.794299810790257,1004.1747136021057,916.0475225697588
2074,498,6.871,45.984,-1.0897049893184594,9.794299810790257,1004.1747136021057,916.0475225697588
2074,499,6.871,45.984,-1.0897049893184594,9.794299810790257,1004.1747136021057,916.0475225697588
2074,500,6.871,45.992,-1.067037415904382,9.822457612854008,1005.7008935961704,922.4327422449572
2074,503,6.875,45.88,-1.3384176823970293,9.553150424412278,947.4636711351769,827.1034942145593
2074,504,6.877,45.985,-1.0436626510804121,9.908036055847653,966.4989275511488,909.0860277567344
2074,506,6.88,45.886,-1.3402628281833069,9.551440138434533,945.5304218168402,829.3914629788709
2074,509,6.882,45.877,-1.3737198030390805,9.511318037987934,942.524605388991,821.3199279035235
2074,517,6.888,45.882,-1.382312346833665,9.501615451123705,939.7669373899008,822.3130407669613
2074,518,6.889,45.892,-1.3576668472988667,9.53156808999575,941.0823919265629,829.6443980698256
2074,524,6.901,45.901,-1.3785245608604662,9.508210800792554,935.2961245131386,830.6293619461447
2074,526,6.906,45.895,-1.41468681009408,9.465062877625677,931.0172132645973,823.4850230302133
2074,527,6.909,45.897,-1.4206738688532394,9.45832485774252,929.5150076803812,823.5183987768258
2074,530,6.912,45.907,-1.4044314893732524,9.478813767013904,929.5175955279446,829.6680756073811
2074,531,6.919,45.906,-1.4344229518853835,9.443636675078466,924.9205655448586,825.3395556218688
2074,534,6.924,45.911,-1.4401098111409598,9.437870479178937,922.6985530469433,826.5785016851291
2074,535,6.928,45.905,-1.4721439563909455,9.399409329782117,919.0605591142963,820.0010621392051
2074,537,6.934,45.883,-1.5553298197219028,9.298080447783892,911.2047406636581,800.4434933626992
2074,539,6.947,45.933,-1.4707403044285803,9.406903816652482,912.1310645024607,831.0594398683485
2074,541,6.951,45.939,-1.4705390627911972,9.408602441662815,910.6562825187893,833.3649375430921
2074,542,6.952,45.951,-1.44245395529693,9.4440618299134,912.1601610619706,841.6696031956028
2074,543,6.955,45.927,-1.5184164807931864,9.35022985834528,905.9549856734081,822.4126058257723
2074,544,6.955,45.946,-1.467807228766893,9.413552144243562,909.3472747689793,836.3693391816395
2074,547,6.957,45.955,-1.4518799667532605,9.434302681379581,909.662123965417,841.8868835657876
2074,548,6.96,45.887,-1.6441336735764662,9.194387734524781,895.5916985646548,790.5244750674083
2074,549,6.961,45.912,-1.5817926212247841,9.27294488986361,899.4538641162225,808.2987808160858
2074,553,6.969,45.888,-1.6760173539782373,9.157138977896535,890.0954423469474,786.7703564051415
2074,557,6.977,45.894,-1.6910977930522937,9.140845995276951,886.1071444422876,787.0975433346216
2074,564,6.985,45.951,-1.574839497074549,9.291756641461319,890.9572034746616,823.7340056555984
2074,566,6.986,45.973,-1.5221414472556574,9.35930141833827,894.0857248084334,838.8544729951249
2074,567,6.986,45.973,-1.5221414472556574,9.35930141833827,894.0857248084334,838.8544729951249
2074,569,6.988,45.987,-1.4942763802614296,9.395868343862064,895.1708847120468,847.6785309896532
2074,571,6.99,45.969,-1.5486986188050142,9.327597656329058,890.8126699974198,833.777868925612
2074,572,6.992,45.913,-1.7002424545094175,9.135197285404006,879.9059678628985,793.0092985238697
2074,574,6.994,45.896,-1.751499329571208,9.070567330004836,875.6824918519062,779.950439387432
2074,575,6.994,45.965,-1.5751670887166398,9.295948343865819,887.5430326317495,828.7231016046276
2074,577,7.0,45.895,-1.777193600602808,9.040180806286461,871.6994112468777,776.2137803995662
2074,579,7.003,45.96,-1.6261051562062039,9.23942115378724,881.9746732767172,820.8907505817884
2074,582,7.008,45.954,-1.663509740981175,9.200137348896785,879.5541938349509,815.0991571155049
2075,423,6.776,45.799,-4.722448006506431,9.76706221138359,851.6798003879998,835.2796944979183
2075,424,6.778,45.809,-4.699675744942419,9.794896103498106,853.7086175874189,842.7007571307223
2075,427,6.783,45.817,-4.694854892988926,9.802330981504234,853.4234295040009,847.1525635948709
2075,429,6.784,45.784,-4.79890843422078,9.67796391020168,842.5388606898841,819.6209227040125
2075,431,6.785,45.822,-4.6875306616294345,9.811810835445494,853.8683935882092,850.3839325606235
2075,437,6.792,45.817,-4.730109214658135,9.763197017531175,848.3833958192415,843.3059712213307
2075,447,6.799,45.819,-4.7515423056536195,9.739983053901138,845.0824741086162,841.9244080731298
2075,448,6.799,45.827,-4.783240235881518,9.623276099519687,878.5629308488137,853.4184122466194
2075,449,6.799,45.837,-4.697659872928592,9.804995129041831,850.6677762977308,856.4277208988866
2075,459,6.811,45.849,-4.709792786677742,9.795513977302987,847.5926186870764,860.646865696163
2075,460,6.819,45.856,-4.721257229608826,9.785346666288085,845.2031652751532,862.5391025758965
2075,462,6.823,45.859,-4.728568120733924,9.778406813825185,843.8467807617905,863.0586947529932
2075,464,6.831,45.863,-4.7491986893982325,9.757290130067009,840.5100864529185,862.4850195213636
2075,468,6.844,45.863,-4.801754844458902,9.69976052736273,833.0962427238385,856.4529752369725
2075,484,6.862,45.976,-4.555706241041098,10.016297906101967,856.601743770277,932.1445713767126
2075,488,6.865,45.868,-4.872587195953279,9.624333636213931,822.6002603934678,850.4393717795427
2075,489,6.865,45.99,-4.529375506794812,10.051468909541999,859.0085663078062,940.7162493496555
2075,490,6.865,45.99,-4.529375506794812,10.051468909541999,859.0085663078062,940.7162493496555
2075,491,6.865,45.99,-4.529375506794812,10.051468909541999,859.0085663078062,940.7162493496555
2075,497,6.871,45.984,-4.640275717284445,9.864393196319703,883.5755962762528,937.5193156596487
2075,498,6.871,45.984,-4.640275717284445,9.864393196319703,883.5755962762528,937.5193156596487
2075,499,6.871,45.984,-4.640275717284445,9.864393196319703,883.5755962762528,937.5193156596487
2075,500,6.871,45.992,-4.618405449142762,9.892673923618274,885.9972032976831,943.3441840617415
2075,503,6.875,45.88,-4.879720781433404,9.62180833402932,820.4282816632344,854.6616041532036
2075,504,6.877,45.985,-4.595953381890904,9.978404185112534,850.3630516788169,930.4510996090024
2075,506,6.88,45.886,-4.883533380425105,9.620394764999087,819.3240297103554,856.6960297420491
2075,509,6.882,45.877,-4.916645601522599,9.580213502370336,815.5231257507788,849.0904899609912
2075,517,6.888,45.882,-4.927379740573464,9.570833225704682,813.5438752200082,849.8908311413843
2075,518,6.889,45.892,-4.90399779183176,9.600984651340152,815.8987327838245,856.7245272663026
2075,524,6.901,45.901,-4.929027623977429,9.578263527933354,811.586428522162,857.3435643373048
2075,526,6.906,45.895,-4.965967847059136,9.535224009370562,806.9512450306282,850.5561153045907
2075,527,6.909,45.897,-4.972972306626433,9.528641621463791,805.7946123453968,850.5099418272913
2075,530,6.912,45.907,-4.958530779721287,9.549417479940043,806.9438189894593,856.1527442890065
2075,531,6.919,45.906,-4.99033717826341,9.514512968804876,802.5905935360141,851.9340302068653
2075,534,6.924,45.911,-4.997877933314094,9.509036540874526,801.11756406593,852.9409145982808
2075,535,6.928,45.905,-5.030420321762704,9.470640368942952,797.0777613441055,846.7179884063243
2075,537,6.934,45.883,-5.113109966578921,9.369186763393984,787.3454628566415,828.336603024291
2075,539,6.947,45.933,-5.036913540596332,9.479401464917993,793.9258877473977,856.3495669040535
2075,541,6.951,45.939,-5.038379421565653,9.481371916170115,793.2645145146191,858.3304216736773
2075,542,6.952,45.951,-5.01172259816397,9.51708177779482,796.0473806837972,865.917803047215
2075,543,6.955,45.927,-5.086189676877162,9.422958442378404,787.5497758521062,848.1033799553461
2075,544,6.955,45.946,-5.037408994887226,9.48661206871516,792.8737393015657,860.9433469024351
2075,547,6.957,45.955,-5.022890455592434,9.507604535005495,794.2140406719261,865.9231858480684
2075,548,6.96,45.887,-5.209427496948914,9.266622813797113,773.4664643249345,818.3869685922833
2075,549,6.961,45.912,-5.149760395645719,9.34566045655864,779.8528319664667,834.8635710959421
2075,553,6.969,45.888,-5.243873294592161,9.229759138994602,768.5426055739354,814.6349439023709
2075,557,6.977,45.894,-5.26171786991911,9.213900732215766,765.5680604122086,814.7027597743482
2075,564,6.985,45.951,-5.153065724780276,9.366175475209465,776.5457013861491,848.1948063179392
2075,566,6.986,45.973,-5.1027286200446715,9.434163133269163,781.9859604094163,861.9379852990726
2075,567,6.986,45.973,-5.1027286200446715,9.434163133269163,781.9859604094163,861.9379852990726
2075,569,6.988,45.987,-5.07673318709917,9.471071474602038,784.6294932018208,869.8492047002006
2075,571,6.99,45.969,-5.129988716111791,9.402557893819996,778.5086907080956,857.1432363572991
2075,572,6.992,45.913,-5.276768924216688,9.20921546827863,762.0465426185167,819.6929368756868
2075,574,6.994,45.896,-5.326962705230249,9.1443555910983,756.2565003162354,807.5388618610256
2075,575,6.994,45.965,-5.157161414400562,9.371006314082116,775.0377956701216,852.3662473869558
2075,577,7.0,45.895,-5.354204667124311,9.114196715418938,752.5037011707651,803.8806925701589
2075,579,7.003,45.96,-5.210065901931226,9.314770629692497,769.2945145055347,844.9160403825688
2075,582,7.008,45.954,-5.248261376911051,9.275587405106076,766.2956463942046,839.554572665272
2076,423,6.776,45.799,-0.9203300273369219,9.45029424335472,1036.558550957359,930.9904132069004
2076,424,6.778,45.809,-0.8982054928499421,9.476766568172925,1038.4596249123474,941.613024027071
2076,427,6.783,45.817,-0.8925990432373174,9.483688902649412,1037.6428616166963,948.2161639922635
2076,429,6.784,45.784,-0.9915592426882851,9.36503041399763,1026.2383554642568,909.2614979302273
2076,431,6.785,45.822,-0.8852200604040723,9.492666204097194,1037.8939415602401,952.9532975273029
2076,437,6.792,45.817,-0.9243938819153668,9.446066783467256,1031.4757113322898,943.1884388107866
2076,447,6.799,45.819,-0.9434249222789877,9.423698706167098,1027.3197508312799,941.5931314321223
2076,448,6.799,45.827,-0.9762774859517993,9.305671779978105,1067.5532616822923,956.5165860042089
2076,449,6.799,45.837,-0.8921404148049472,9.485740844740818,1033.0931216508436,962.4991296226173
2076,459,6.811,45.849,-0.9014344544109543,9.47636978090466,1028.6190034577985,969.4524621811329
2076,460,6.819,45.856,-0.9108772321567944,9.466467929546472,1025.279294977896,972.8174404314692
2076,462,6.823,45.859,-0.9171083932613389,9.45974910613112,1023.4413380601284,973.8921814820558
2076,464,6.831,45.863,-0.9352917147664552,9.439406020348247,1019.121905312874,973.6919887010539
2076,468,6.844,45.863,-0.9829159642755192,9.384175826345217,1010.056866059608,965.8740018653232
2076,484,6.862,45.976,-0.7471230635827286,9.686628972807524,1031.8616344441605,1084.0165330529726
2076,488,6.865,45.868,-1.0465389761058566,9.311702193050452,996.9282188951046,958.825766088131
2076,489,6.865,45.99,-0.721812353348251,9.720264879670589,1033.9202221127052,1098.2152232890196
2076,490,6.865,45.99,-0.721812353348251,9.720264879670589,1033.9202221127052,1098.2152232890196
2076,491,6.865,45.99,-0.721812353348251,9.720264879670589,1033.9202221127052,1098.2152232890196
2076,497,6.871,45.984,-0.8296062634389818,9.535304221651707,1063.786191016729,1092.1039860227743
2076,498,6.871,45.984,-0.8296062634389818,9.535304221651707,1063.786191016729,1092.1039860227743
2076,499,6.871,45.984,-0.8296062634389818,9.535304221651707,1063.786191016729,1092.1039860227743
2076,500,6.871,45.992,-0.8089533582586785,9.562376355981966,1066.222158628644,1101.4592028238064
2076,503,6.875,45.88,-1.0517155052571336,9.309151727209391,993.5576383114561,966.0761565993863
2076,504,6.877,45.985,-0.7832395530754859,9.650366945819474,1023.683339512476,1083.7250286761512
2076,506,6.88,45.886,-1.0545593775713025,9.307742979294574,991.8493204927915,969.6383275024817
2076,509,6.882,45.877,-1.0855375386502342,9.269264890539821,987.7432445500673,958.4455084441609
2076,517,6.888,45.882,-1.0947746704656138,9.260223187684215,985.0267965130358,960.2551210702264
2076,518,6.889,45.892,-1.0725567202522592,9.28907922954376,987.3053156877259,970.6447788214887
2076,524,6.901,45.901,-1.0944708610718044,9.267240470369467,981.4987321133633,972.9449332510605
2076,526,6.906,45.895,-1.1285989970736026,9.225987917174091,976.1978547866347,963.2270545928465
2076,527,6.909,45.897,-1.1347883970615333,9.219667272761393,974.6659069601665,963.5048504352596
2076,530,6.912,45.907,-1.1207862013779968,9.23956202621719,975.470078850142,972.454780776414
2076,531,6.919,45.906,-1.1498131035058563,9.206097007520375,970.2156828940854,966.8780904264012
2076,534,6.924,45.911,-1.1562700982538967,9.200842412646274,968.1182292691449,969.0507465054358
2076,535,6.928,45.905,-1.1863656192693464,9.164031190904456,963.546255800112,960.035884158556
2076,537,6.934,45.883,-1.263307753105316,9.066743204482847,952.972042031883,932.8701543435145
2076,539,6.947,45.933,-1.1902300960470944,9.172488674780345,958.0242962152595,977.4909219312194
2076,541,6.951,45.939,-1.1911742579490419,9.174407149866589,956.8573610724764,981.1863223654038
2076,542,6.952,45.951,-1.1660782345097296,9.20868364724161,959.5276887971089,993.2740882585027
2076,543,6.955,45.927,-1.2355642900088322,9.118377946204482,950.6073544330783,965.8276751996615
2076,544,6.955,45.946,-1.1898486580876515,9.179469776442048,955.959942696107,985.9100962775717
2076,547,6.957,45.955,-1.1760432685101918,9.199638094905868,957.0514702893257,994.0967328780677
2076,548,6.96,45.887,-1.3504655549924864,8.968343164455668,935.7956588888571,920.9131842293428
2076,549,6.961,45.912,-1.294470986497374,9.044220546159622,942.112269302054,946.1975912854734
2076,553,6.969,45.888,-1.3816833231537355,8.932981030800441,929.7286369061633,916.3379474822215
2076,557,6.977,45.894,-1.3974969468240541,8.917792854044425,925.748057948113,917.4592275824128
2076,564,6.985,45.951,-1.295218169884416,9.064175840186882,935.7605437412209,970.6826988334961
2076,566,6.986,45.973,-1.2481345503075723,9.129522977469978,941.069556158786,992.8035244103972
2076,567,6.986,45.973,-1.2481345503075723,9.129522977469978,941.069556158786,992.8035244103972
2076,569,6.988,45.987,-1.2237130940972678,9.165029310396246,943.4450267720322,1005.9770727404286
2076,571,6.99,45.969,-1.2732645348987193,9.099222583697124,937.0751733299578,985.8343158063626
2076,572,6.992,45.913,-1.4100495924580994,8.9134248094293,920.3389919108312,927.1787714198435
2076,574,6.994,45.896,-1.4566808918058456,8.85110195570494,914.2737039779101,908.779885012825
2076,575,6.994,45.965,-1.2983036367383773,9.068969661922246,933.0878303682156,978.9037509083876
2076,577,7.0,45.895,-1.4815019337023223,8.822168761957805,909.7554254270184,904.0015889803369
2076,579,7.003,45.96,-1.3470609738629955,9.01513113490785,926.3791135890549,968.3031036783866
2076,582,7.008,45.954,-1.3824098387477246,8.977673578654045,923.0629018774691,960.1102681069963
