hydrological_year,glacier_index,annual_temperature_c,winter_temperature_c,summer_temperature_c,annual_precipitation_mm,winter_precipitation_mm,summer_precipitation_mm,RGI_ID,GLIMS_ID,glacier_name,latitude,longitude,mass_balance
1968,423,1.0405382975158683,-4.237913585205078,6.318989964477538,1622.9725949096674,787.0112917480467,835.9613031616209,3344,G006776E45799N,de la Berangere,45.799,6.776,1.0201751
1968,424,1.0646435154323515,-4.219127887687688,6.3484147258911054,1633.6355291748018,790.549427307128,843.086101867674,3601,G006778E45809N,d'Armancette,45.809,6.778,0.9925896
1968,427,1.069756436451911,-4.218176025180818,6.357688726318359,1638.001433868408,791.0769649353026,846.9244689331055,3650,G006783E45817N,de Covagnet,45.817,6.783,1.0475857
1968,429,0.9593085480346651,-4.3107092350769065,6.229326092193602,1593.9018420410143,774.321153320312,819.5806887207024,3651,G006784E45784N,de Tre la Tete 1,45.784,6.784,-0.1549152
1968,431,1.077550347452172,-4.2130314575195245,6.368131992492685,1642.0617050170931,792.1607617187512,849.9009432983421,3276,G006785E45822N,du Miage 1,45.822,6.785,-0.445979
1968,437,1.032399545303346,-4.255252836914062,6.320051762878419,1627.0572781372075,784.9944362792971,842.0628418579104,3388,G006792E45817N,du Miage 2,45.817,6.792,1.1228756
1968,447,1.0097253416433403,-4.278804771785731,6.298255299804696,1621.1129283142118,781.2327843322764,839.8801439819355,3579,G006799E45819N,du Miage 3,45.819,6.799,1.1369828
1968,448,1.0352499661321566,-4.257662430324561,6.328162222656242,1631.3840135192845,785.1095990295399,846.2744144897445,3649,G006799E45827N,du Miage 4,45.827,6.799,0.2232465
1968,449,1.0671557467432113,-4.2312345034980705,6.365545876220715,1644.2228700256385,789.9556174011244,854.2672526245143,3296,G006799E45837N,du Tricot,45.837,6.799,0.5762497
1968,459,1.0548514954004184,-4.2498887397956935,6.359591638671863,1644.637505035396,787.5924457702621,857.0450592651341,3648,G006811E45849N,de Bionnassay,45.849,6.811,0.6089227
1968,460,1.0431729789886528,-4.265307481498714,6.351653363525396,1643.4842877197286,785.5074749145516,857.9768128051771,3438,G006819E45856N,de Tete Rousse,45.856,6.819,0.9890159
1968,462,1.0356773380117454,-4.274411061153409,6.345765667968754,1642.2345030212418,784.2173482971198,858.0171547241222,3280,G006823E45859N,de la Griaz,45.859,6.823,1.0132138
1968,464,1.0142886082715956,-4.297923222484592,6.326500379394528,1637.158833465575,780.6664673156733,856.4923661499017,3290,G006831E45863N,du Bourgeat,45.863,6.831,1.0693326
1968,468,0.9591108524970982,-4.352930012283328,6.271151662231442,1620.7280264282217,771.7741431884762,848.9538832397456,3647,G006844E45863N,Taconnaz,45.863,6.844,0.909714
1968,484,1.2287486592559782,-4.147736083755496,6.605233502288814,1735.6451147460925,812.9544556884762,922.6906590576165,3449,G006862E45976N,de la Floria,45.976,6.862,0.013317
1968,488,0.8852584138679559,-4.42937410793304,6.199890894470222,1600.2618164062524,759.7738858032235,840.4879306030288,3646,G006865E45868N,Bossons,45.868,6.865,0.6738511
1968,489,1.2581113773822836,-4.126496265411373,6.64271913604737,1748.5128707885765,817.4619812011726,931.0508895874037,3709,G006865E45990N,du Mort 2,45.99,6.865,-0.4883583
1968,490,1.2581113773822836,-4.126496265411373,6.64271913604737,1748.5128707885765,817.4619812011726,931.0508895874037,3710,G006865E45990N,du Mort 1,45.99,6.865,-0.3780008
1968,491,1.2581113773822836,-4.126496265411373,6.64271913604737,1748.5128707885765,817.4619812011726,931.0508895874037,3711,G006865E45990N,du Mort 3,45.99,6.865,-0.5076665
1968,497,1.2128292213592564,-4.168541707725522,6.594200253784184,1732.8825421142592,810.3914776000981,922.4910645141612,0,G006871E45984N,des Dards 1,45.984,6.871,-0.144886
1968,498,1.2128292213592564,-4.168541707725522,6.594200253784184,1732.8825421142592,810.3914776000981,922.4910645141612,0,G006871E45984N,des Dards 1,45.984,6.871,-0.1176728
1968,499,1.2128292213592564,-4.168541707725522,6.594200253784184,1732.8825421142592,810.3914776000981,922.4910645141612,3812,G006871E45984N,des Dards 2,45.984,6.871,-0.0370664
1968,500,1.2371808460311788,-4.14879736553193,6.623159170776356,1742.553949584957,814.1657590942367,928.3881904907204,3573,G006871E45992N,de Berard,45.992,6.871,-0.2243497
1968,503,0.8791418504715044,-4.442308363914483,6.200592041015634,1602.027816772464,758.5776138305677,843.4502029418964,3483,G006875E45880N,Rond,45.88,6.875,0.2153037
1968,504,1.188915830664634,-4.193238038158417,6.571069799194335,1725.7459281921383,806.6288105773924,919.1171176147458,3450,G006877E45985N,du Belvedere,45.985,6.877,0.1163583
1968,506,0.8759002875518888,-4.448993929290764,6.2007944883728126,1602.8171173095736,757.9634570312514,844.8536602783224,3265,G006880E45886N,du Telepherique,45.886,6.88,-0.728089
1968,509,0.8401237565670101,-4.479540261955254,6.159787749206553,1589.4641461181673,752.3587749633804,837.1053711547871,3391,G006882E45877N,Ouest de l'Aiguille du Midi,45.877,6.882,0.7543308
1968,517,0.8295327040710391,-4.4929979740905805,6.152063363006585,1587.7493792724586,750.5834677734367,837.1659114990221,3644,G006888E45882N,Arete Midi Plan,45.882,6.888,0.7934074
1968,518,0.8553225370140156,-4.4730318272018375,6.18367689276124,1598.3675500488314,754.5818709106458,843.7856791381856,3389,G006889E45892N,des Pelerins,45.892,6.889,-0.5302927
1968,524,0.8305262706937898,-4.50309487722396,6.164147419555677,1593.4375804138226,750.509628814699,842.9279515991236,3518,G006901E45901N,de Blaitiere,45.901,6.901,-0.7694286
1968,526,0.791081067590724,-4.539011049842825,6.121173180542005,1579.885305786137,744.2623532104509,835.622952575686,3381,G006906E45895N,du Plan,45.895,6.906,0.7404242
1968,527,0.7840853747243843,-4.5471862969779995,6.115357043823238,1578.3323625183089,743.1232312316888,835.2091312866202,3317,G006909E45897N,du Fou,45.897,6.909,1.0730973
1968,530,0.8007489108047384,-4.536442409820564,6.137940237304675,1586.0968502807577,745.6978676757797,840.3989826049781,3645,G006912E45907N,des Nantillons,45.907,6.912,0.3897689
1968,531,0.7674643793735487,-4.569160534591676,6.10408929797363,1575.769878845214,740.3916256103513,835.3782532348628,3418,G006919E45906N,de la Republique,45.906,6.919,0.4050985
1968,534,0.7604844311866784,-4.579141777725218,6.100110648071293,1574.9952359008798,739.2449825439458,835.7502533569343,3582,G006924E45911N,de la Thendia,45.911,6.924,-0.739145
1968,535,0.7255484103775061,-4.610511138153074,6.061607962341313,1562.842213439943,733.7048730468755,829.1373403930672,3313,G006928E45905N,de Trelaporte,45.905,6.928,-1.0788248
1968,537,0.6354241294078897,-4.687443517265314,5.958291765380868,1529.8430090332058,719.4233115844737,810.4196974487322,3643,G006934E45883N,Mer de Glace ,45.883,6.934,-0.1901325
1968,539,0.72417600829029,-4.628902121524812,6.077254154785155,1569.6316035461423,733.3975301208495,836.2340734252928,3519,G006947E45933N,des Drus,45.933,6.947,-0.5800173
1968,541,0.7239142476949709,-4.632863613338468,6.080692126953126,1571.038284759522,733.3568546447757,837.6814301147464,3263,G006951E45939N,du Nant Blanc,45.939,6.951,0.1324483
1968,542,0.7540630339508073,-4.610021973571776,6.118148064819338,1583.1904074096688,738.1476984863284,845.0427089233402,3639,G006952E45951N,de la Pendant,45.951,6.952,0.4349305
1968,543,0.6718427061223969,-4.677696626949311,6.0213820507812486,1552.2084800720208,725.0846510314939,827.1238290405271,3284,G006955E45927N,de la Charpoua,45.927,6.955,0.580871
1968,544,0.726427627725595,-4.6346774372100885,6.087532712402336,1573.516465759275,733.7644671630849,839.75199859619,3475,G006955E45946N,des Grands Montets,45.946,6.955,1.0756574
1968,547,0.7434200494432407,-4.623209092426303,6.110049213867182,1580.8903419494611,736.4751554870599,844.4151864624014,3585,G006957E45955N,de Lognan,45.955,6.957,0.3996409
1968,548,0.5354604929733291,-4.789711049652099,5.86063203063965,1500.905088806153,703.3698681640627,797.5352206420902,3534,G006960E45887N,de l'Aiguille du Tacul,45.887,6.96,1.2058475
1968,549,0.6026839717941244,-4.737760456428531,5.943128404479976,1527.4968511962875,714.0756803588861,813.4211708374015,3631,G006961E45912N,du Moine,45.912,6.961,0.4662033
1968,553,0.4996650134735041,-4.826086734352117,5.825416757751457,1490.4119329833961,697.6295341186512,792.7823988647447,3641,G006969E45888N,du Capucin,45.888,6.969,0.0837401
1968,557,0.48227071106147157,-4.84715785049439,5.811699271301261,1486.6838571166968,694.8392302246084,791.8446268920885,0,G006977E45894N,des Dards 1,45.894,6.977,0.363759
1968,564,0.6080825490617752,-4.756702840137482,5.972867945556641,1538.4580604553225,715.0579374694825,823.40012298584,3638,G006985E45951N,d'Argentiere,45.951,6.985,0.1564977
1968,566,0.6654736270732862,-4.712991291465761,6.043938555358883,1561.0649041748038,724.2871589965818,836.7777451782221,0,G006986E45973N,des Dards 1,45.973,6.986,0.3806472
1968,567,0.6654736270732862,-4.712991291465761,6.043938555358883,1561.0649041748038,724.2871589965818,836.7777451782221,3712,G006986E45973N,du Passon 1,45.973,6.986,0.3316426
1968,569,0.6958163457527193,-4.691410794143675,6.083043495605473,1573.527673645021,729.1933609619145,844.3343126831063,3698,G006988E45987N,du Tour,45.987,6.988,0.0923259
1968,571,0.6363933562183405,-4.739701253700256,6.012487972717288,1551.2110473632824,719.6703268432622,831.5407205200202,3511,G006990E45969N,Adams Reilly,45.969,6.99,0.9497966
1968,572,0.4708104084243683,-4.870442865448005,5.812063683288564,1487.8172061157193,693.0507578124985,794.7664483032206,3466,G006992E45913N,de Talefre,45.913,6.992,0.1814395
1968,574,0.41462890840149247,-4.9160298552703825,5.745287671844485,1466.8104931640637,684.0167757568365,782.7937174072272,3258,G006994E45896N,de Pierre Joseph,45.896,6.994,1.0253251
1968,575,0.6073782520198927,-4.766333549308769,5.981090057067885,1541.3905059814495,715.0591909790055,826.3313150024437,3619,G006994E45965N,du Trident,45.965,6.994,1.0708916
1968,577,0.3859777832031337,-4.94405311584472,5.716008682250987,1457.9462814331089,679.4285583496107,778.5177230834981,3301,G007000E45895N,de l'Aiguille de l'Eboulement,45.895,7.0,0.8270766
1968,579,0.5533424705028552,-4.818631732711791,5.925316672515872,1525.7534046936044,707.5076786804202,818.2457260131841,3640,G007003E45960N,du Chardonnet,45.96,7.003,0.987212
1968,582,0.5152586576843278,-4.855016867889403,5.885534180145265,1515.9625279541021,702.9763957519534,812.9861322021487,3356,G007008E45954N,du Milieu,45.954,7.008,1.267796
1969,423,0.6933957224674215,-4.771893991317749,6.158685702758788,1617.3018009643554,757.7592619628906,859.5425390014648,3344,G006776E45799N,de la Berangere,45.799,6.776,-1.5512936
1969,424,0.7206057531223224,-4.75069473583222,6.191906492126456,1624.0513533630353,758.785642486572,865.2657108764635,3601,G006778E45809N,d'Armancette,45.809,6.778,-0.9100631
1969,427,0.7264928778629293,-4.750955424556733,6.203941414245605,1626.5909571380614,758.2019540863035,868.3890030517579,3650,G006783E45817N,de Covagnet,45.817,6.783,-1.0718569
1969,429,0.6020609270648927,-4.858334866485599,6.0624570030822715,1598.1419545288077,751.8356925659177,846.30626196289,3651,G006784E45784N,de Tre la Tete 1,45.784,6.784,-0.6719493
1969,431,0.73532661722661,-4.745545537185661,6.216198996429455,1629.0991316223167,758.2831712341313,870.8159603881853,3276,G006785E45822N,du Miage 1,45.822,6.785,-0.8154398
1969,437,0.6846271284122482,-4.796324009170531,6.1655784923706065,1619.0637772827154,754.515568725586,864.5482085571291,3388,G006792E45817N,du Miage 2,45.817,6.792,-1.1941389
1969,447,0.6592566287117081,-4.825492572269433,6.14400604711915,1614.8656762237567,751.9967250518802,862.8689511718765,3579,G006799E45819N,du Miage 3,45.819,6.799,-1.3284676
1969,448,0.6880236282005228,-4.8010201169777,6.177067578613272,1621.491164871214,753.3901048126218,868.1010600585925,3649,G006799E45827N,du Miage 4,45.827,6.799,-0.8439904
1969,449,0.7239823775615792,-4.7704295478629986,6.21839449298097,1629.7730256805446,755.1318295135503,874.6411961669942,3296,G006799E45837N,du Tricot,45.837,6.799,-1.2469041
1969,459,0.7104458776492956,-4.795290311565409,6.216182227722154,1629.4558606414769,752.1446073455805,877.3112532958962,3648,G006811E45849N,de Bionnassay,45.849,6.811,-0.932986
1969,460,0.6975099403162063,-4.815316231956476,6.210336255279548,1628.3363297729506,749.9198503417971,878.4164794311533,3438,G006819E45856N,de Tete Rousse,45.856,6.819,-1.4079372
1969,462,0.689176377941136,-4.826942939395901,6.205295829589849,1627.3453495635997,748.7077206573488,878.6376289062509,3280,G006823E45859N,de la Griaz,45.859,6.823,-1.0466172
1969,464,0.6652994616546596,-4.856336926441196,6.18693597033691,1623.7024511871332,745.9317390289305,877.7707121582027,3290,G006831E45863N,du Bourgeat,45.863,6.831,-1.0353155
1969,468,0.6034780980548827,-4.92354808761597,6.130504392211911,1612.4885648193356,740.354505554199,872.1340592651363,3647,G006844E45863N,Taconnaz,45.863,6.844,-0.9529695
1969,484,0.9081583288345301,-4.690921382827762,6.507237946441646,1686.4836847534173,749.3082793579099,937.1754053955071,3449,G006862E45976N,de la Floria,45.976,6.862,-0.8793031
1969,488,0.5208479744291369,-5.017751085472102,6.05944711502076,1598.326416625978,732.0766763305667,866.2497402954114,3646,G006865E45868N,Bossons,45.868,6.865,-1.2211518
1969,489,0.9413857816934644,-4.667150465011592,6.549921907806404,1694.76964492798,749.9264457702639,944.8431991577161,3709,G006865E45990N,du Mort 2,45.99,6.865,-1.745984
1969,490,0.9413857816934644,-4.667150465011592,6.549921907806404,1694.76964492798,749.9264457702639,944.8431991577161,3710,G006865E45990N,du Mort 1,45.99,6.865,-1.7142316
1969,491,0.9413857816934644,-4.667150465011592,6.549921907806404,1694.76964492798,749.9264457702639,944.8431991577161,3711,G006865E45990N,du Mort 3,45.99,6.865,-1.7331263
1969,497,0.8905333763856926,-4.717451749076841,6.498518384185797,1684.4365494995127,746.1679887695313,938.2685607299815,0,G006871E45984N,des Dards 1,45.984,6.871,-1.7202207
1969,498,0.8905333763856926,-4.717451749076841,6.498518384185797,1684.4365494995127,746.1679887695313,938.2685607299815,0,G006871E45984N,des Dards 1,45.984,6.871,-1.6870942
1969,499,0.8905333763856926,-4.717451749076841,6.498518384185797,1684.4365494995127,746.1679887695313,938.2685607299815,3812,G006871E45984N,des Dards 2,45.984,6.871,-1.5680567
1969,500,0.9180013760576133,-4.6945962945175275,6.530598915679919,1690.7333008422825,747.3182015380853,943.4150993041974,3573,G006871E45992N,de Berard,45.992,6.871,-0.8462994
1969,503,0.5142740684747784,-5.035443911552422,6.063992099761974,1599.089546203615,729.4704437255863,869.6191024780289,3483,G006875E45880N,Rond,45.88,6.875,-1.3553976
1969,504,0.8637831270313254,-4.747670291614533,6.475236419372557,1679.6302332305904,743.428632888794,936.2016003417966,3450,G006877E45985N,du Belvedere,45.985,6.877,-1.6656939
1969,506,0.5107841467762094,-5.044542980957023,6.06611131088258,1599.4197457885764,728.1293325805668,871.2904132080097,3265,G006880E45886N,du Telepherique,45.886,6.88,-1.2840465
1969,509,0.47049119415474927,-5.080446759452811,6.021429197326671,1590.64093563843,725.999682037354,864.641253601076,3391,G006882E45877N,Ouest de l'Aiguille du Midi,45.877,6.882,-1.2782372
1969,517,0.4587446267490321,-5.097657068786627,6.015146357635491,1589.3043129272446,724.07311138916,865.2312015380846,3644,G006888E45882N,Arete Midi Plan,45.882,6.888,-1.4786023
1969,518,0.48787535043621966,-5.0748164912033005,6.0505672095031855,1596.1990712890647,724.9978485717777,871.2012227172869,3389,G006889E45892N,des Pelerins,45.892,6.889,-0.8282874
1969,524,0.4603172574215058,-5.112880083713521,6.0335145886840955,1592.57892909241,720.882724502564,871.696204589846,3518,G006901E45901N,de Blaitiere,45.901,6.901,-1.049888
1969,526,0.41598391428948644,-5.155815975379934,5.98778379943849,1583.554746856692,717.8834184265143,865.6713284301779,3381,G006906E45895N,du Plan,45.895,6.906,-1.506146
1969,527,0.4081965499057728,-5.166095234088901,5.982488322937007,1582.4429501495351,716.8113053741454,865.6316447753898,3317,G006909E45897N,du Fou,45.897,6.909,-1.4523332
1969,530,0.4271104144687538,-5.154473517837534,6.008694315429674,1587.43385845947,716.7458690185542,870.6879894409158,3645,G006912E45907N,des Nantillons,45.907,6.912,-1.1769676
1969,531,0.38980213387203017,-5.194250971069337,5.973855202117917,1580.460129669189,713.4892038269043,866.9709258422846,3418,G006919E45906N,de la Republique,45.906,6.919,-1.0919664
1969,534,0.38210968628120695,-5.20716425918579,5.971383581176762,1579.8086182861337,711.8603578491211,867.9482604370124,3582,G006924E45911N,de la Thendia,45.911,6.924,-1.1363157
1969,535,0.34282500969887186,-5.244565113449093,5.9302150888061576,1571.7212368774422,709.3449511718752,862.3762857055672,3313,G006928E45905N,de Trelaporte,45.905,6.928,-1.376617
1969,537,0.24131247944451178,-5.335254679222101,5.817879627197275,1549.8767323913594,704.0864933166507,845.7902390747087,3643,G006934E45883N,Mer de Glace ,45.883,6.934,-1.5330049
1969,539,0.3420099692516318,-5.271016858730317,5.955036683410643,1575.7004004974365,703.9841000823974,871.716300415039,3519,G006947E45933N,des Drus,45.933,6.947,-0.9808183
1969,541,0.34187505288315023,-5.2766891677284224,5.960439144531252,1576.5387868194584,702.8098424835207,873.7289443359377,3263,G006951E45939N,du Nant Blanc,45.939,6.951,-1.0221257
1969,542,0.37595810488319586,-5.250518118209838,6.002434176147464,1584.5231879272465,703.6637148437501,880.8594730834964,3639,G006952E45951N,de la Pendant,45.951,6.952,-1.3919352
1969,543,0.2832387617874129,-5.329676372623445,5.896153784790037,1564.045023269653,699.665655593872,864.3793676757809,3284,G006955E45927N,de la Charpoua,45.927,6.955,-1.3626633
1969,544,0.34487594901561036,-5.279875107574469,5.969626859588614,1578.0889314270003,701.7236357116697,876.3652957153306,3475,G006955E45946N,des Grands Montets,45.946,6.955,-1.2259897
1969,547,0.36414657409667495,-5.267141755199436,5.995434738769525,1582.9110823822011,701.7627541351317,881.1483282470693,3585,G006957E45955N,de Lognan,45.955,6.957,-1.4305228
1969,548,0.1294281898593919,-5.460708462905883,5.7195647991943375,1530.09738067627,693.1373162841796,836.9600643920901,3534,G006960E45887N,de l'Aiguille du Tacul,45.887,6.96,-1.5435622
1969,549,0.20538185629939576,-5.40083904087067,5.811602663238521,1547.614294494628,695.3427102050779,852.27158428955,3631,G006961E45912N,du Moine,45.912,6.961,-1.3174081
1969,553,0.08935414893244946,-5.505263824958808,5.683972068756095,1522.94180731201,689.2873714599607,833.6544358520495,3641,G006969E45888N,du Capucin,45.888,6.969,-1.0167564
1969,557,0.07002587872409144,-5.531829845504767,5.671881529876702,1520.2863919982894,686.3649574890134,833.9214345092762,0,G006977E45894N,des Dards 1,45.894,6.977,-1.1128834
1969,564,0.2124778270530701,-5.42928344449997,5.8542389105224615,1554.3997847747805,688.2801552581786,866.1196295166018,3638,G006985E45951N,d'Argentiere,45.951,6.985,-1.2370179
1969,566,0.27735520205879005,-5.378950526695252,5.933660700256345,1569.3590876159662,689.9089946594238,879.4500929565423,0,G006986E45973N,des Dards 1,45.973,6.986,-1.6331838
1969,567,0.27735520205879005,-5.378950526695252,5.933660700256345,1569.3590876159662,689.9089946594238,879.4500929565423,3712,G006986E45973N,du Passon 1,45.973,6.986,-1.6911044
1969,569,0.3117230459766425,-5.354509610137937,5.977955442871099,1577.5927830810556,690.2794486694335,887.313334411622,3698,G006988E45987N,du Tour,45.987,6.988,-1.8147721
1969,571,0.24468043168068207,-5.410957548713682,5.900318184509281,1562.7808314514168,687.6330143737794,875.1478170776375,3511,G006990E45969N,Adams Reilly,45.969,6.99,-1.1342282
1969,572,0.05769664037512695,-5.562858838424692,5.678251995300281,1520.724594299314,681.4945795898435,839.2300147094707,3466,G006992E45913N,de Talefre,45.913,6.992,-0.6453006
1969,574,-0.005693718784328644,-5.6161775377655,5.604790006500249,1506.7550968627938,679.0328718872072,827.7222249755864,3258,G006994E45896N,de Pierre Joseph,45.896,6.994,-1.0035294
1969,575,0.21207782795907254,-5.442874737358083,5.867030168762221,1556.2208384704618,685.370543365479,870.8502951049827,3619,G006994E45965N,du Trident,45.965,6.994,-1.3203238
1969,577,-0.037815765142430985,-5.650248708724968,5.574617080688489,1500.752983093264,676.2858581542971,824.4671249389669,3301,G007000E45895N,de l'Aiguille de l'Eboulement,45.895,7.0,-1.6773288
1969,579,0.1521815787267706,-5.503972445068358,5.808335383453371,1545.9043202209477,681.655480194092,864.248840026856,3640,G007003E45960N,du Chardonnet,45.96,7.003,-1.0302511
1969,582,0.1105803862171191,-5.544400197204588,5.765560766082766,1539.645655700684,680.4037905883789,859.241865112305,3356,G007008E45954N,du Milieu,45.954,7.008,-1.6410421
1970,423,0.38314762011718656,-5.156015290283205,5.922310530517578,1886.8410808105468,1137.8478095703126,748.9932712402341,3344,G006776E45799N,de la Berangere,45.799,6.776,-0.3003379
1970,424,0.40932294824218063,-5.132682158615118,5.95132805509948,1896.923804565427,1140.0041016235346,756.9197029418924,3601,G006778E45809N,d'Armancette,45.809,6.778,-0.184274
1970,427,0.4155018623046865,-5.130682776771547,5.961686501380919,1899.4713593749998,1138.252379180908,761.2189801940917,3650,G006783E45817N,de Covagnet,45.817,6.783,-0.1471588
1970,429,0.29705346386718456,-5.244084356933596,5.838191284667966,1854.1308817749011,1123.41010760498,730.7207741699209,3651,G006784E45784N,de Tre la Tete 1,45.784,6.784,-0.6189145
1970,431,0.4241397607421963,-5.1240180335235515,5.972297555007944,1902.8582582092317,1138.3026853942881,764.555572814944,3276,G006785E45822N,du Miage 1,45.822,6.785,-0.5423445
1970,437,0.3766129326171889,-5.174630897583006,5.927856762817384,1884.9168883056648,1129.0582142333988,755.858674072266,3388,G006792E45817N,du Miage 2,45.817,6.792,0.0027427
1970,447,0.35320990917969486,-5.202303080802911,5.908722899162301,1876.225528991702,1122.7412683410653,753.4842606506369,3579,G006799E45819N,du Miage 3,45.819,6.799,0.0895252
1970,448,0.38058559667967967,-5.17626432671357,5.937435520072929,1886.7406683959932,1126.0775534973134,760.6631148986799,3649,G006799E45827N,du Miage 4,45.827,6.799,-0.5355842
1970,449,0.4148052060546971,-5.1437158841018595,5.973326296211254,1899.8845926513711,1130.247909942628,769.636682708743,3296,G006799E45837N,du Tricot,45.837,6.799,-0.4390516
1970,459,0.4030838310546764,-5.164115248359691,5.970282910469044,1895.9810942382771,1122.948052642821,773.0330415954561,3648,G006811E45849N,de Bionnassay,45.849,6.811,-0.5587155
1970,460,0.39150746386719326,-5.181283210815424,5.964298138549811,1891.9658423156761,1117.6478939514168,774.3179483642593,3438,G006819E45856N,de Tete Rousse,45.856,6.819,-0.1986579
1970,462,0.3839354091796917,-5.191561801750179,5.959432620109563,1889.279907165529,1114.7857500305179,774.4941571350109,3280,G006823E45859N,de la Griaz,45.859,6.823,-0.27175
1970,464,0.3619279404296842,-5.218646588829044,5.942502469688413,1881.2736218872058,1108.2264450988762,773.0471767883294,3290,G006831E45863N,du Bourgeat,45.863,6.831,-0.1959725
1970,468,0.3043020888671847,-5.28346648013306,5.8920706578674285,1859.8296450195303,1094.8752860107415,764.9543590087884,3647,G006844E45863N,Taconnaz,45.863,6.844,-0.1750639
1970,484,0.593897088867184,-5.021363309204105,6.209157486938473,1973.654219604491,1122.6724490966792,850.9817705078117,3449,G006862E45976N,de la Floria,45.976,6.862,-0.4593789
1970,488,0.2275221826171934,-5.372640377349848,5.827684742584234,1831.5290940856958,1075.3541929626472,756.1749011230486,3646,G006865E45868N,Bossons,45.868,6.865,-0.2668697
1970,489,0.6254375732421931,-4.993582522964473,6.244457669448859,1986.2182472229026,1125.2805931091316,860.9376541137711,3709,G006865E45990N,du Mort 2,45.99,6.865,-0.8152644
1970,490,0.6254375732421931,-4.993582522964473,6.244457669448859,1986.2182472229026,1125.2805931091316,860.9376541137711,3710,G006865E45990N,du Mort 1,45.99,6.865,-0.7035278
1970,491,0.6254375732421931,-4.993582522964473,6.244457669448859,1986.2182472229026,1125.2805931091316,860.9376541137711,3711,G006865E45990N,du Mort 3,45.99,6.865,-0.8539638
1970,497,0.5775074638671912,-5.04376752478027,6.198782452514653,1968.2024298400893,1116.577291534424,851.6251383056654,0,G006871E45984N,des Dards 1,45.984,6.871,-0.9342119
1970,498,0.5775074638671912,-5.04376752478027,6.198782452514653,1968.2024298400893,1116.577291534424,851.6251383056654,0,G006871E45984N,des Dards 1,45.984,6.871,-0.9112266
1970,499,0.5775074638671912,-5.04376752478027,6.198782452514653,1968.2024298400893,1116.577291534424,851.6251383056654,3812,G006871E45984N,des Dards 2,45.984,6.871,-0.8350288
1970,500,0.6034836513671766,-5.019018772155773,6.225986074890125,1978.3122001037555,1119.8454790344224,858.4667210693333,3573,G006871E45992N,de Berard,45.992,6.871,-0.5634955
1970,503,0.22192077636719576,-5.3855981826782156,5.829439735412606,1830.1294136047395,1069.9747657775888,760.1546478271507,3483,G006875E45880N,Rond,45.88,6.875,-0.6448354
1970,504,0.5523794091796868,-5.072230180473328,6.176988998832702,1959.0537744140622,1110.7372007751464,848.3165736389158,3450,G006877E45985N,du Belvedere,45.985,6.877,-0.8459181
1970,506,0.21890140136719696,-5.392278648071279,5.8300814508056735,1829.3662344360387,1067.2744119262707,762.0918225097681,3265,G006880E45886N,du Telepherique,45.886,6.88,-0.5945879
1970,509,0.18094144824219682,-5.429974587692252,5.791857484176646,1814.7309691162145,1061.549942443849,753.1810266723655,3391,G006882E45877N,Ouest de l'Aiguille du Midi,45.877,6.882,0.1314701
1970,517,0.17016940136718123,-5.444801980224615,5.785140782958978,1811.033419006345,1057.41050616455,753.6229128417951,3644,G006888E45882N,Arete Midi Plan,45.882,6.888,0.2328336
1970,518,0.19772337011719607,-5.419297862518302,5.814744602752695,1821.881045745853,1060.4452015075694,761.4358442382836,3389,G006889E45892N,des Pelerins,45.892,6.889,-0.765021
1970,524,0.17225194042969905,-5.452673325706471,5.797177206565869,1813.025169799809,1051.7247024841324,761.3004673156768,3518,G006901E45901N,de Blaitiere,45.901,6.901,-0.7896239
1970,526,0.13065460449219876,-5.496120825881947,5.757430034866344,1797.2092340087934,1044.1408651733414,753.068368835452,3381,G006906E45895N,du Plan,45.895,6.906,-0.0223494
1970,527,0.12343247167968352,-5.505277282951359,5.752142226310726,1794.6670187988266,1041.856540618896,752.8104781799304,3317,G006909E45897N,du Fou,45.897,6.909,-0.2376638
1970,530,0.14136043261717673,-5.490446446594248,5.773167311828601,1801.995293457027,1042.8002070312486,759.1950864257783,3645,G006912E45907N,des Nantillons,45.907,6.912,-0.5207983
1970,531,0.10645238574218559,-5.529025351394655,5.741930122879026,1789.0018362731926,1035.1718594055176,753.829976867675,3418,G006919E45906N,de la Republique,45.906,6.919,-0.3591948
1970,534,0.09935746386719006,-5.539563109649656,5.7382780373840365,1786.7349516601575,1032.0226673583986,754.7122843017587,3582,G006924E45911N,de la Thendia,45.911,6.924,-0.9152434
1970,535,0.06250874511719129,-5.577733318176266,5.702750808410649,1772.6600421142593,1025.4812115478521,747.1788305664072,3313,G006928E45905N,de Trelaporte,45.905,6.928,-1.0223573
1970,537,-0.03276705175780498,-5.673169570419304,5.6076354669036945,1735.759024291995,1010.4656897583017,725.2933345336935,3643,G006934E45883N,Mer de Glace ,45.883,6.934,-0.8201689
1970,539,0.06209373730468669,-5.592402476478577,5.7165899510879505,1774.6438221435544,1017.0607086486815,757.5831134948728,3519,G006947E45933N,des Drus,45.933,6.947,-0.6790788
1970,541,0.06199828417968941,-5.595487579216002,5.719484147575381,1775.093141052247,1015.313949249268,759.7791918029789,3263,G006951E45939N,du Nant Blanc,45.939,6.951,-0.5758076
1970,542,0.09398349511718924,-5.5656976817626935,5.753664671997072,1787.8707131347664,1019.0653183593754,768.805394775391,3639,G006952E45951N,de la Pendant,45.951,6.952,-0.4218018
1970,543,0.007013471679685952,-5.6509786216354385,5.665005564994811,1753.825790100097,1006.3868495178219,747.438940582275,3284,G006955E45927N,de la Charpoua,45.927,6.955,-0.5619195
1970,544,0.06482913574218094,-5.595774713211066,5.725432984695427,1776.7132841491673,1013.960107574462,762.7531765747053,3475,G006955E45946N,des Grands Montets,45.946,6.955,-0.1889513
1970,547,0.08290292480468302,-5.580009868202214,5.745815717811579,1784.126162414549,1015.4716624450679,768.6544999694812,3585,G006957E45955N,de Lognan,45.955,6.957,-0.5763552
1970,548,-0.13715906738281095,-5.792396853942869,5.518078719177248,1697.3094567871099,985.2939001464845,712.0155566406254,3534,G006960E45887N,de l'Aiguille du Tacul,45.887,6.96,-0.011184
1970,549,-0.06594134863281677,-5.725135965759282,5.593253268493648,1725.6525885925278,994.2111299743646,731.4414586181631,3631,G006961E45912N,du Moine,45.912,6.961,-0.5449969
1970,553,-0.17456978613281948,-5.834881799194343,5.4857422269287035,1683.5063654479954,976.4221907653798,707.0841746826154,3641,G006969E45888N,du Capucin,45.888,6.969,-0.5199829
1970,557,-0.19258092675781882,-5.858081692398077,5.47291983888244,1677.3040514221166,970.5583973083485,706.7456541137681,0,G006977E45894N,des Dards 1,45.894,6.977,-0.4621998
1970,564,-0.05935332519531246,-5.736744240150452,5.618037589759827,1731.3922665405275,984.8305888366699,746.5616777038576,3638,G006985E45951N,d'Argentiere,45.951,6.985,-0.5567918
1970,566,0.0012875107421855651,-5.679534551742555,5.682109573226926,1755.702139038085,992.4815789184569,763.2205601196282,0,G006986E45973N,des Dards 1,45.973,6.986,-0.7328799
1970,567,0.0012875107421855651,-5.679534551742555,5.682109573226926,1755.702139038085,992.4815789184569,763.2205601196282,3712,G006986E45973N,du Passon 1,45.973,6.986,-0.8218926
1970,569,0.033365963867191005,-5.650357676177975,5.717089603912357,1768.7875666503921,995.9272203369143,772.8603463134777,3698,G006988E45987N,du Tour,45.987,6.988,-0.5084061
1970,571,-0.02934414550780997,-5.711772884902952,5.653084593887332,1744.0744427490247,986.7436923217776,757.3307504272469,3511,G006990E45969N,Adams Reilly,45.969,6.99,-0.268822
1970,572,-0.20409450488282224,-5.880285802551279,5.472096792785635,1674.626496704098,962.588384887694,712.0381118164037,3466,G006992E45913N,de Talefre,45.913,6.992,-0.5332233
1970,574,-0.26332191113280906,-5.938390177368161,5.411746355102542,1651.2453593750013,953.8248481445319,697.4205112304695,3258,G006994E45896N,de Pierre Joseph,45.896,6.994,-0.1125349
1970,575,-0.05989805175780137,-5.743939551315297,5.624143447799694,1732.469266967778,981.0095889282243,751.4596780395535,3619,G006994E45965N,du Trident,45.965,6.994,-0.2471595
1970,577,-0.29333312988280336,-5.9715551757812415,5.384888916015635,1640.0358581543005,947.2460937500013,692.7897644042993,3301,G007000E45895N,de l'Aiguille de l'Eboulement,45.895,7.0,0.1769361
1970,579,-0.11607477090835377,-5.805041896438597,5.572892352218631,1713.0832412719735,971.0827294921878,742.0005117797858,3640,G007003E45960N,du Chardonnet,45.96,7.003,-0.1583109
1970,582,-0.15501009967040846,-5.847154035034178,5.537133829467775,1700.7536257934576,965.8149072875979,734.9387185058598,3356,G007008E45954N,du Milieu,45.954,7.008,-0.1123771
1971,423,0.7773811386523237,-6.061268948013306,7.61603143469238,1351.257593139648,661.8321292114258,689.4254639282223,3344,G006776E45799N,de la Berangere,45.799,6.776,-0.5461246
1971,424,0.8007955027704178,-6.043323328720097,7.644914522048943,1359.938910705564,662.5119119262694,697.4269987792949,3601,G006778E45809N,d'Armancette,45.809,6.778,-0.7504231
1971,427,0.807166461076974,-6.040067188308718,7.654400278373718,1364.2509839782715,661.9260006713866,702.3249833068847,3650,G006783E45817N,de Covagnet,45.817,6.783,-0.8018329
1971,429,0.7031411767139408,-6.12265102749634,7.528933607879634,1330.0747002563467,657.2442013549804,672.8304989013664,3651,G006784E45784N,de Tre la Tete 1,45.784,6.784,-0.3743374
1971,431,0.8151363776373941,-6.0345284932708685,7.664801405639658,1367.7754672241238,661.9234786987307,705.8519885253929,3276,G006785E45822N,du Miage 1,45.822,6.785,-1.3881088
1971,437,0.7746217119488729,-6.069160628463744,7.61840421209717,1357.3528391113284,658.9528750610352,698.3999640502932,3388,G006792E45817N,du Miage 2,45.817,6.792,-0.6564079
1971,447,0.7553259416892594,-6.087093756301875,7.5977457899246295,1353.98431253052,656.897338562012,697.0869739685079,3579,G006799E45819N,du Miage 3,45.819,6.799,-0.1596435
1971,448,0.7793931912715366,-6.0683133427276665,7.6270998629836955,1361.971101348875,657.9249166870113,704.0461846618635,3649,G006799E45827N,du Miage 4,45.827,6.799,-0.792308
1971,449,0.8094772532494153,-6.044837825759882,7.663792454307567,1371.9545873718291,659.209389343262,712.7451980285672,3296,G006799E45837N,du Tricot,45.837,6.799,-0.508606
1971,459,0.801307128998985,-6.056918456985482,7.65953281374358,1374.3770448913542,656.6991671752926,717.6778777160616,3648,G006811E45849N,de Bionnassay,45.849,6.811,-0.4795687
1971,460,0.7925318692121557,-6.067852053787227,7.652915879348761,1374.8623453369157,654.8653659057619,719.9969794311537,3438,G006819E45856N,de Tete Rousse,45.856,6.819,-0.5425445
1971,462,0.7865714424865282,-6.074606690383908,7.647749657966618,1374.5776806945814,653.8774118041994,720.7002688903822,3280,G006823E45859N,de la Griaz,45.859,6.823,-0.446725
1971,464,0.768615484977481,-6.092841483596803,7.630072530372616,1372.0041500549307,651.6427877807615,720.3613622741694,3290,G006831E45863N,du Bourgeat,45.863,6.831,-0.2903106
1971,468,0.7202391011528945,-6.137138984390261,7.57761726168823,1361.4792277832025,647.2121316528319,714.2670961303705,3647,G006844E45863N,Taconnaz,45.863,6.844,-0.5427191
1971,484,0.9769290232925384,-5.9602676387939475,7.914125699645992,1453.0418947143546,653.9711984252928,799.0706962890617,3449,G006862E45976N,de la Floria,45.976,6.862,-1.43672
1971,488,0.6563801348972372,-6.19821341300964,7.510973752517708,1349.159627075197,640.6220260620119,708.5376010131852,3646,G006865E45868N,Bossons,45.868,6.865,-0.2951066
1971,489,1.0049951330065776,-5.942426440048215,7.952416719055183,1463.4052291870134,654.4594650268557,808.9457641601578,3709,G006865E45990N,du Mort 2,45.99,6.865,-1.879084
1971,490,1.0049951330065776,-5.942426440048215,7.952416719055183,1463.4052291870134,654.4594650268557,808.9457641601578,3710,G006865E45990N,du Mort 1,45.99,6.865,-1.8971335
1971,491,1.0049951330065776,-5.942426440048215,7.952416719055183,1463.4052291870134,654.4594650268557,808.9457641601578,3711,G006865E45990N,du Mort 3,45.99,6.865,-1.8447099
1971,497,0.9638626029882464,-5.978211436416624,7.905936669448858,1452.2479349365244,651.5687350463868,800.6791998901379,0,G006871E45984N,des Dards 1,45.984,6.871,-1.8193847
1971,498,0.9638626029882464,-5.978211436416624,7.905936669448858,1452.2479349365244,651.5687350463868,800.6791998901379,0,G006871E45984N,des Dards 1,45.984,6.871,-1.8043338
1971,499,0.9638626029882464,-5.978211436416624,7.905936669448858,1452.2479349365244,651.5687350463868,800.6791998901379,3812,G006871E45984N,des Dards 2,45.984,6.871,-1.7564312
1971,500,0.986612852890959,-5.961621019912727,7.9348467498321416,1459.694424926755,652.4651803588863,807.2292445678686,3573,G006871E45992N,de Berard,45.992,6.871,-1.4253854
1971,503,0.653068833947189,-6.207775392532343,7.513913125991831,1352.1413421630882,638.5361862182621,713.6051559448263,3483,G006875E45880N,Rond,45.88,6.875,-1.4678323
1971,504,0.942705135368108,-5.999365755996704,7.884776064796447,1447.6344599914546,649.4692245483399,798.1652354431149,3450,G006877E45985N,du Belvedere,45.985,6.877,-1.6841751
1971,506,0.6512074022722327,-6.21289856933593,7.515313438873301,1353.5477780151393,637.4727767944339,716.0750012207055,3265,G006880E45886N,du Telepherique,45.886,6.88,-1.495912
1971,509,0.6182920328054509,-6.238176277877801,7.4747604105987655,1343.6009729614284,635.7947024536136,707.8062705078146,3391,G006882E45877N,Ouest de l'Aiguille du Midi,45.877,6.882,-0.1117893
1971,517,0.6097969658651297,-6.248894819152835,7.468488818145746,1343.238847595213,634.2715878295896,708.9672597656233,3644,G006888E45882N,Arete Midi Plan,45.882,6.888,-0.4151924
1971,518,0.6340585128517227,-6.232320912155146,7.50043800465394,1351.550684936526,635.0060202026369,716.544664733889,3389,G006889E45892N,des Pelerins,45.892,6.889,-1.2114223
1971,524,0.6135843895557027,-6.256896378677361,7.484065229927076,1349.6329776916537,631.7839901733403,717.8489875183134,3518,G006901E45901N,de Blaitiere,45.901,6.901,-1.3924612
1971,526,0.577961129813204,-6.286300649795526,7.4422229827118045,1340.0188235473663,629.4121109008793,710.606712646487,3381,G006906E45895N,du Plan,45.895,6.906,-0.4494449
1971,527,0.572091640668627,-6.29302950331116,7.437212859657283,1339.2902785949695,628.5746054077147,710.7156731872548,3317,G006909E45897N,du Fou,45.897,6.909,-1.1177808
1971,530,0.5881950057825949,-6.284460646926886,7.460850737976061,1345.689297241208,628.5561404418942,717.1331567993136,3645,G006912E45907N,des Nantillons,45.907,6.912,-1.1155537
1971,531,0.5587079234633429,-6.311375489761353,7.428791419891354,1338.8473352661126,625.9991549682617,712.8481802978508,3418,G006919E45906N,de la Republique,45.906,6.919,-0.7758014
1971,534,0.5532230284485841,-6.31986897731018,7.426315122894291,1339.0030954589852,624.7460574340821,714.2570380249033,3582,G006924E45911N,de la Thendia,45.911,6.924,-1.6272515
1971,535,0.5216182685112987,-6.345371478195188,7.388608103027348,1330.3204931640635,622.7445938110353,707.5758993530283,3313,G006928E45905N,de Trelaporte,45.905,6.928,-1.6769507
1971,537,0.4393203626327581,-6.407128567214961,7.285769368545542,1306.0487025756856,618.4926187133791,687.5560838623067,3643,G006934E45883N,Mer de Glace ,45.883,6.934,-1.1854144
1971,539,0.5238500221254818,-6.363172402542115,7.41087257054901,1338.2559864196776,618.7404415893554,719.5155448303221,3519,G006947E45933N,des Drus,45.933,6.947,-1.2917531
1971,541,0.5242899604651944,-6.367249169876097,7.415829224494936,1339.889522003174,617.8764743041993,722.0130476989749,3263,G006951E45939N,du Nant Blanc,45.939,6.951,-1.0539914
1971,542,0.5522978672747627,-6.349755623184203,7.454351504394534,1349.2666038818365,618.6417337036133,730.6248701782231,3639,G006952E45951N,de la Pendant,45.951,6.952,-1.2533329
1971,543,0.4768892107093321,-6.403088131790161,7.356866678962706,1326.1417146301264,615.3288009643554,710.8129136657711,3284,G006955E45927N,de la Charpoua,45.927,6.955,-0.8332246
1971,544,0.5272718676161708,-6.369754009475711,7.424297890167228,1342.330050354002,617.094511413574,725.235538940428,3475,G006955E45946N,des Grands Montets,45.946,6.955,-0.8847257
1971,547,0.5432741078579386,-6.361478744583132,7.44802711788177,1348.2063951110827,617.2073715209959,730.9990235900867,3585,G006957E45955N,de Lognan,45.955,6.957,-1.3320171
1971,548,0.35193978292226924,-6.490758981094359,7.194638632507326,1287.9003985595707,609.8800979614259,678.020300598145,3534,G006960E45887N,de l'Aiguille du Tacul,45.887,6.96,-0.4473142
1971,549,0.4141136485891305,-6.450967355514528,7.27919476695251,1308.228015624999,611.822968444824,696.405047180175,3631,G006961E45912N,du Moine,45.912,6.961,-1.0440933
1971,553,0.32057427377032627,-6.520546532150273,7.161695168869011,1281.2501872558576,606.853290710449,674.3968965454086,3641,G006969E45888N,du Capucin,45.888,6.969,-1.0770323
1971,557,0.30595540014218736,-6.538542257675175,7.150453157775871,1279.5739957885726,604.6087423706052,674.9652534179672,0,G006977E45894N,des Dards 1,45.894,6.977,-0.8269284
1971,564,0.42285640418171894,-6.473244360427858,7.318957359275819,1319.8254869079592,606.7335556030273,713.0919313049319,3638,G006985E45951N,d'Argentiere,45.951,6.985,-0.5434431
1971,566,0.4757123846597654,-6.44098205595398,7.392407051284787,1337.0379917602534,608.2619436645507,728.7760480957024,0,G006986E45973N,des Dards 1,45.973,6.986,-1.3884246
1971,567,0.4757123846597654,-6.44098205595398,7.392407051284787,1337.0379917602534,608.2619436645507,728.7760480957024,3712,G006986E45973N,du Passon 1,45.973,6.986,-1.4327365
1971,569,0.503834562851432,-6.425828088577269,7.433497465911869,1346.7072915039073,608.7260891723632,737.9812023315441,3698,G006988E45987N,du Tour,45.987,6.988,-0.7163708
1971,571,0.44953453101158364,-6.462770389633178,7.36183967796326,1330.1100778198252,606.4586380004883,723.6514398193367,3511,G006990E45969N,Adams Reilly,45.969,6.99,-0.4764355
1971,572,0.29784856995247955,-6.560761463668829,7.156458740478504,1282.5225844726535,600.9962490844724,681.5263353881812,3466,G006992E45913N,de Talefre,45.913,6.992,-0.375239
1971,574,0.24661410575485523,-6.595261161071775,7.088489482177738,1266.9471698608406,598.8629367065431,668.0842331542975,3258,G006994E45896N,de Pierre Joseph,45.896,6.994,-0.7842312
1971,575,0.42342984401227013,-6.484437056808465,7.3312969709015015,1323.2121804809601,604.6626174926762,718.5495629882839,3619,G006994E45965N,du Trident,45.965,6.994,-0.7106372
1971,577,0.22128499716521108,-6.618042306900019,7.060612411499035,1261.0939788818384,596.690254211426,664.4037246704124,3301,G007000E45895N,de l'Aiguille de l'Eboulement,45.895,7.0,-0.6292285
1971,579,0.37409296989441077,-6.528982629852295,7.277168794937136,1312.1279888916022,601.6954827880861,710.4325061035162,3640,G007003E45960N,du Chardonnet,45.96,7.003,-0.5547806
1971,582,0.33840352699756765,-6.560375185119629,7.237182452056887,1304.6992238159182,600.6005939331055,704.0986298828129,3356,G007008E45954N,du Milieu,45.954,7.008,-0.2317912
1972,423,1.0610538396015161,-3.473016696670533,5.595124373443603,1346.824901245117,545.4641430664062,801.3607581787107,3344,G006776E45799N,de la Berangere,45.799,6.776,-0.6966995
1972,424,1.0844611133308348,-3.4528169507446345,5.621739174255364,1353.4740019836408,545.5666746520996,807.9073273315414,3601,G006778E45809N,d'Armancette,45.809,6.778,-0.4297511
1972,427,1.0893527199468602,-3.4483681156082167,5.627073551284789,1356.6510019989012,545.0488471221923,811.6021548767089,3650,G006783E45817N,de Covagnet,45.817,6.783,-0.5542309
1972,429,0.9817172425422642,-3.5403609688110373,5.503795451690672,1330.3975865478508,543.5700457763672,786.8275407714837,3651,G006784E45784N,de Tre la Tete 1,45.784,6.784,-0.6628897
1972,431,1.0969253151130756,-3.4418112110519337,5.6356618364715665,1359.2897177124044,544.9002746582032,814.3894430542013,3276,G006785E45822N,du Miage 1,45.822,6.785,-0.3557299
1972,437,1.0528391579189313,-3.4791989694671623,5.5848772799377455,1351.075708129883,543.5010815429688,807.5746265869143,3388,G006792E45817N,du Miage 2,45.817,6.792,-0.4681913
1972,447,1.030675325432784,-3.497877219612116,5.559227864028939,1348.2553795928975,542.3606932830811,805.894686309816,3579,G006799E45819N,du Miage 3,45.819,6.799,-0.4774305
1972,448,1.0556177440195014,-3.476672008186347,5.587907489028923,1354.319424148558,542.6144109344481,811.70501321411,3649,G006799E45827N,du Miage 4,45.827,6.799,-0.6528389
1972,449,1.086795767252931,-3.450165493904106,5.6237570202789415,1361.899479843142,542.9315579986572,818.9679218444846,3296,G006799E45837N,du Tricot,45.837,6.799,-0.5919144
1972,459,1.0749886451520818,-3.4603154838638397,5.610292762649525,1363.0810422210668,541.0465622711181,822.034479949949,3648,G006811E45849N,de Bionnassay,45.849,6.811,-0.6502464
1972,460,1.0638040112056786,-3.470042691810603,5.597650700271613,1362.9354607849132,539.6845799255372,823.2508808593763,3438,G006819E45856N,de Tete Rousse,45.856,6.819,-0.7442698
1972,462,1.0566109180231134,-3.4762980279006923,5.589519848770146,1362.4461063995373,538.9719591522216,823.4741472473155,3280,G006823E45859N,de la Griaz,45.859,6.823,-0.5486138
1972,464,1.0359779603319137,-3.494127711311343,5.566083614517209,1359.941370254516,537.4790822601318,822.4622879943843,3290,G006831E45863N,du Bourgeat,45.863,6.831,-0.4360388
1972,468,0.9824014392299626,-3.5399848678436303,5.5047877260436975,1351.139454406738,534.9290274047851,816.2104270019528,3647,G006844E45863N,Taconnaz,45.863,6.844,-0.4833438
1972,484,1.250593277580258,-3.3197140202178983,5.820900527099606,1415.693618225097,531.2391897583008,884.4544284667961,3449,G006862E45976N,de la Floria,45.976,6.862,-0.4776586
1972,488,0.9109831373882349,-3.6015390262985183,5.423505275192268,1340.2978330993665,530.7947868347167,809.5030462646498,3646,G006865E45868N,Bossons,45.868,6.865,-0.4874027
1972,489,1.2801157580375724,-3.2959830305099445,5.856214493942267,1422.6931716918957,530.4307098388672,892.2624618530286,3709,G006865E45990N,du Mort 2,45.99,6.865,-0.8725585
1972,490,1.2801157580375724,-3.2959830305099445,5.856214493942267,1422.6931716918957,530.4307098388672,892.2624618530286,3710,G006865E45990N,du Mort 1,45.99,6.865,-0.8162917
1972,491,1.2801157580375724,-3.2959830305099445,5.856214493942267,1422.6931716918957,530.4307098388672,892.2624618530286,3711,G006865E45990N,du Mort 3,45.99,6.865,-0.8830443
1972,497,1.2362206934490239,-3.3337822509841892,5.806223583877568,1413.6695458679208,528.8899784851073,884.7795673828134,0,G006871E45984N,des Dards 1,45.984,6.871,-0.9342929
1972,498,1.2362206934490239,-3.3337822509841892,5.806223583877568,1413.6695458679208,528.8899784851073,884.7795673828134,0,G006871E45984N,des Dards 1,45.984,6.871,-0.9263998
1972,499,1.2362206934490239,-3.3337822509841892,5.806223583877568,1413.6695458679208,528.8899784851073,884.7795673828134,3812,G006871E45984N,des Dards 2,45.984,6.871,-0.8985382
1972,500,1.2603591111202141,-3.3138520424881066,5.834570208877551,1419.0124214782693,528.8408689880371,890.1715524902322,3573,G006871E45992N,de Berard,45.992,6.871,-0.4958749
1972,503,0.9058412635326463,-3.6071353769302306,5.418817873001108,1341.4187431335467,528.7080192565918,812.7107238769548,3483,G006875E45880N,Rond,45.88,6.875,-0.7128211
1972,504,1.2134886193704597,-3.3540761326217656,5.781053314437865,1409.3584970855711,527.3220485687257,882.0364485168454,3450,G006877E45985N,du Belvedere,45.985,6.877,-0.840765
1972,506,0.9031447014618008,-3.6101327714538503,5.416422140655528,1341.8665155029316,527.6173187255858,814.2491967773456,3265,G006880E45886N,du Telepherique,45.886,6.88,-0.7756223
1972,509,0.8678204191246119,-3.6394918851928644,5.375132691467296,1334.567997100832,527.3081150817873,807.2598820190448,3391,G006882E45877N,Ouest de l'Aiguille du Midi,45.877,6.882,-0.3398694
1972,517,0.8579434089431704,-3.648574435760503,5.364461218902581,1333.633278686522,526.0116229248048,807.6216557617174,3644,G006888E45882N,Arete Midi Plan,45.882,6.888,-0.4836672
1972,518,0.8837173890285572,-3.627629644523614,5.395064384933481,1339.3856488952654,525.6494554138183,813.7361934814472,3389,G006889E45892N,des Pelerins,45.892,6.889,-0.6471304
1972,524,0.8605552326784243,-3.6489058148116973,5.37001623667909,1336.4977843780541,522.9154021453858,813.5823822326684,3518,G006901E45901N,de Blaitiere,45.901,6.901,-0.7119133
1972,526,0.8218729818534957,-3.681446568145743,5.325192488708509,1329.1303160095238,521.9819587707519,807.1483572387717,3381,G006906E45895N,du Plan,45.895,6.906,-0.7081737
1972,527,0.8153036901025734,-3.6874271668014558,5.318034502426143,1328.2194745025627,521.2907796478272,806.9286948547355,3317,G006909E45897N,du Fou,45.897,6.909,-0.7730711
1972,530,0.832398232149114,-3.674230162857064,5.339026578643787,1332.2258186035133,520.3717388916017,811.8540797119118,3645,G006912E45907N,des Nantillons,45.907,6.912,-0.6961952
1972,531,0.8001691168823224,-3.7019892761306776,5.302327459609982,1326.4929383544918,518.8680783081056,807.6248600463862,3418,G006919E45906N,de la Republique,45.906,6.919,-0.5287558
1972,534,0.7939792728939081,-3.708232766159056,5.296191258514407,1325.8459092407234,517.6042385864257,808.2416706542976,3582,G006924E45911N,de la Thendia,45.911,6.924,-0.6730039
1972,535,0.75959975146294,-3.7369582848358123,5.256157735137943,1319.3182751464851,516.9352996826171,802.3829754638679,3313,G006928E45905N,de Trelaporte,45.905,6.928,-0.7890322
1972,537,0.6700743545456004,-3.810421037658686,5.150569700073251,1301.9827458801283,516.4895933532714,785.4931525268571,3643,G006934E45883N,Mer de Glace ,45.883,6.934,-0.7177019
1972,539,0.7616958541021339,-3.740701390907288,5.264093030349731,1321.4905631561278,511.49809333801267,809.9924698181151,3519,G006947E45933N,des Drus,45.933,6.947,-0.5223901
1972,541,0.7622537493982333,-3.7415459243850693,5.2660533507232685,1321.8378957061773,510.2770653533936,811.5608303527833,3263,G006951E45939N,du Nant Blanc,45.939,6.951,-0.5298315
1972,542,0.7928772700519578,-3.717497882217406,5.303252344879152,1327.8630118408207,509.4562658691406,818.40674597168,3639,G006952E45951N,de la Pendant,45.951,6.952,-0.5542656
1972,543,0.7105437072610841,-3.783992794532777,5.2050801398468,1311.9967292022702,509.9362194061279,802.0605097961422,3284,G006955E45927N,de la Charpoua,45.927,6.955,-0.3901384
1972,544,0.7656446966934142,-3.740191369972234,5.2714806867217945,1322.6878198242175,508.98050079345705,813.7073190307603,3475,G006955E45946N,des Grands Montets,45.946,6.955,-0.6321862
1972,547,0.7832457900381045,-3.7269055665206947,5.293397065658564,1326.1675063323967,508.03873939514176,818.1287669372549,3585,G006957E45955N,de Lognan,45.955,6.957,-0.7295029
1972,548,0.5737677697849288,-3.8941093134307847,5.041644798126223,1285.9535742187504,510.904379272461,775.0491949462894,3534,G006960E45887N,de l'Aiguille du Tacul,45.887,6.96,-0.6693461
1972,549,0.6419049255390127,-3.840388490776065,5.1241982766571,1299.125875152587,509.35921768188473,789.7666574707024,3631,G006961E45912N,du Moine,45.912,6.961,-0.6820059
1972,553,0.5392553421420985,-3.9240603532638603,5.002570979904167,1280.134662384032,508.9677351379395,771.1669272460924,3641,G006969E45888N,du Capucin,45.888,6.969,-0.5806354
1972,557,0.5232220705680786,-3.9391830106124925,4.9856270894012376,1277.6785588989246,506.92211853027345,770.7564403686512,0,G006977E45894N,des Dards 1,45.894,6.977,-0.5957978
1972,564,0.6528218272542955,-3.8403326501083375,5.145976214523316,1301.8837935638428,501.4562961578368,800.4274974060061,3638,G006985E45951N,d'Argentiere,45.951,6.985,-0.8488158
1972,566,0.7114269091682414,-3.794847115722657,5.217700833679196,1312.621818023681,499.74869552612313,812.873122497558,0,G006986E45973N,des Dards 1,45.973,6.986,-0.6658314
1972,567,0.7114269091682414,-3.794847115722657,5.217700833679196,1312.621818023681,499.74869552612313,812.873122497558,3712,G006986E45973N,du Passon 1,45.973,6.986,-0.7161776
1972,569,0.7428331370983158,-3.7711369678802464,5.256803134490971,1318.2914387817389,498.2936099243161,819.9978288574227,3698,G006988E45987N,du Tour,45.987,6.988,-0.839042
1972,571,0.6829228669738795,-3.8188424266052228,5.184688060302737,1307.287171478272,499.0075447082518,808.2796267700202,3511,G006990E45969N,Adams Reilly,45.969,6.99,-0.5100238
1972,572,0.5148736620006468,-3.9508791123504716,4.980626361114491,1276.7512224121078,502.4099627685549,774.3412596435528,3466,G006992E45913N,de Talefre,45.913,6.992,-0.7345828
1972,574,0.4581160900726351,-3.995878580978391,4.912110693176273,1266.5362614135747,503.1687557983398,763.3675056152349,3258,G006994E45896N,de Pierre Joseph,45.896,6.994,-0.4823743
1972,575,0.6544634914970505,-3.842766903991691,5.151693786926283,1301.9925898742695,498.2832176208494,803.7093722534202,3619,G006994E45965N,du Trident,45.965,6.994,-0.4912585
1972,577,0.43027485013009004,-4.01968743324279,4.880237064361583,1261.7195892334,501.9616699218748,759.7579193115253,3301,G007000E45895N,de l'Aiguille de l'Eboulement,45.895,7.0,-0.71022
1972,579,0.6017461993312855,-3.8889758621978747,5.092468159523012,1293.7047906494145,497.24721527099604,796.4575753784184,3640,G007003E45960N,du Chardonnet,45.96,7.003,-0.5337929
1972,582,0.5640938563766495,-3.9222992892761215,5.050486901641847,1289.2378238525393,497.9024444580078,791.3353793945316,3356,G007008E45954N,du Milieu,45.954,7.008,-0.6369666
1973,423,0.9294954793012133,-5.124948654281617,6.983939376129149,1541.4296968994138,657.6207634277343,883.8089334716793,3344,G006776E45799N,de la Berangere,45.799,6.776,-1.1210548
1973,424,0.9537406387019094,-5.1046912473449755,7.012172308609001,1551.1662150268528,659.5703795776362,891.5958354492167,3601,G006778E45809N,d'Armancette,45.809,6.778,-0.7930079
1973,427,0.9598011866146318,-5.100051863258363,7.0196540362319935,1555.9320430603025,659.4985989074706,896.4334441528321,3650,G006783E45817N,de Covagnet,45.817,6.783,-0.6809781
1973,429,0.8506393571758243,-5.192041219451907,6.893319668975828,1517.1263504638662,649.4610944824217,867.6652559814445,3651,G006784E45784N,de Tre la Tete 1,45.784,6.784,-1.0608296
1973,431,0.967924886184939,-5.093408576736444,7.0292581584167575,1559.9013775634796,659.9885324096687,899.912845153811,3276,G006785E45822N,du Miage 1,45.822,6.785,-1.1980187
1973,437,0.9246323507940782,-5.1305262371368405,6.979790737823487,1547.9455562744145,655.1886027832034,892.7569534912111,3388,G006792E45817N,du Miage 2,45.817,6.792,-0.6122718
1973,447,0.9036062125080893,-5.148914880302423,6.956127107444772,1544.025392974856,652.4123052673345,891.6130877075216,3579,G006799E45819N,du Miage 3,45.819,6.799,-0.6944927
1973,448,0.9289158152502703,-5.127660289787299,6.98549173653411,1553.1915875549291,654.7159920349114,898.4755955200179,3649,G006799E45827N,du Miage 4,45.827,6.799,-0.9241856
1973,449,0.9605528186780304,-5.101092051643365,7.022197522895824,1564.6493307800329,657.5956004943856,907.0537302856472,3296,G006799E45837N,du Tricot,45.837,6.799,-0.7205818
1973,459,0.9509644421702521,-5.110562667305001,7.012491401008594,1567.666383758541,655.2610980529777,912.4052857055635,3648,G006811E45849N,de Bionnassay,45.849,6.811,-0.7622682
1973,460,0.9411675014114433,-5.119795735961909,7.0021305949249335,1568.5015026245137,653.4009898681645,915.1005127563491,3438,G006819E45856N,de Tete Rousse,45.856,6.819,-0.9458839
1973,462,0.9346355402725974,-5.125796932426449,6.995067871238713,1568.339644439699,652.3235669860843,916.0160774536147,3280,G006823E45859N,de la Griaz,45.859,6.823,-0.7399448
1973,464,0.915230446485874,-5.143127973045352,6.973588724906918,1565.7226379699698,649.5918959655758,916.1307420043939,3290,G006831E45863N,du Bourgeat,45.863,6.831,-0.7348413
1973,468,0.8634016479122613,-5.188267767654421,6.915070913879392,1554.0564277343742,643.2988045654294,910.7576231689449,3647,G006844E45863N,Taconnaz,45.863,6.844,-0.9606866
1973,484,1.136882523231503,-4.963896110015872,7.237661104614254,1665.8260346679676,666.3208095703121,999.5052250976554,3449,G006862E45976N,de la Floria,45.976,6.862,-0.7712792
1973,488,0.7949286593079623,-5.248520530853267,6.838377690811164,1540.8680477905293,634.5355737304693,906.3324740600603,3646,G006865E45868N,Bossons,45.868,6.865,-0.9954978
1973,489,1.1670397672951274,-4.939485586929317,7.273565076446539,1678.8997406005878,668.7573593139654,1010.1423812866227,3709,G006865E45990N,du Mort 2,45.99,6.865,-1.3726848
1973,490,1.1670397672951274,-4.939485586929317,7.273565076446539,1678.8997406005878,668.7573593139654,1010.1423812866227,3710,G006865E45990N,du Mort 1,45.99,6.865,-1.3182484
1973,491,1.1670397672951274,-4.939485586929317,7.273565076446539,1678.8997406005878,668.7573593139654,1010.1423812866227,3711,G006865E45990N,du Mort 3,45.99,6.865,-1.3727034
1973,497,1.1235685348129307,-4.976879033691404,7.2240160395660435,1666.5688549194351,664.0878184814457,1002.4810364379896,0,G006871E45984N,des Dards 1,45.984,6.871,-1.4998521
1973,498,1.1235685348129307,-4.976879033691404,7.2240160395660435,1666.5688549194351,664.0878184814457,1002.4810364379896,0,G006871E45984N,des Dards 1,45.984,6.871,-1.476794
1973,499,1.1235685348129307,-4.976879033691404,7.2240160395660435,1666.5688549194351,664.0878184814457,1002.4810364379896,3812,G006871E45984N,des Dards 2,45.984,6.871,-1.3937246
1973,500,1.1478866382646462,-4.956704447570809,7.25247766719054,1675.6096647338832,666.3264486083974,1009.2832161254858,3573,G006871E45992N,de Berard,45.992,6.871,-1.0515735
1973,503,0.7913688153028566,-5.2531653213500915,6.835902795791635,1545.4339218139678,633.0416107177741,912.3923110961936,3483,G006875E45880N,Rond,45.88,6.875,-1.4022516
1973,504,1.1014272834390395,-4.99656346736908,7.199417958183288,1662.15520828247,661.380467376709,1000.7747409057613,3450,G006877E45985N,du Belvedere,45.985,6.877,-1.3021357
1973,506,0.7894339715361683,-5.2556564672851485,6.8345242543029885,1547.697267456058,632.2844641113289,915.412803344729,3265,G006880E45886N,du Telepherique,45.886,6.88,-1.2203147
1973,509,0.7541936755395023,-5.285198085052483,6.793585271743785,1535.7430919799833,628.8038234252938,906.9392685546898,3391,G006882E45877N,Ouest de l'Aiguille du Midi,45.877,6.882,-0.7414439
1973,517,0.7451805975937784,-5.293739596374516,6.7841006253967215,1535.972405151365,627.2793757324213,908.6930294189435,3644,G006888E45882N,Arete Midi Plan,45.882,6.888,-0.9401375
1973,518,0.7712488470149121,-5.272366782135003,6.814864315383921,1546.332697937015,629.5711032714851,916.7615946655297,3389,G006889E45892N,des Pelerins,45.892,6.889,-0.9254413
1973,524,0.7497009493702758,-5.29249663018035,6.791898360191358,1545.600272125248,626.2107543640147,919.3895177612333,3518,G006901E45901N,de Blaitiere,45.901,6.901,-1.0164655
1973,526,0.7115626455426322,-5.324951529083243,6.748076643295301,1534.3370144653359,622.1136209106455,912.2233935546901,3381,G006906E45895N,du Plan,45.895,6.906,-0.8422983
1973,527,0.7053856067222319,-5.330647259544376,6.741418293693538,1533.8675732727036,621.201599945068,912.6659733276356,3317,G006909E45897N,du Fou,45.897,6.909,-0.7992228
1973,530,0.7229414113557238,-5.31680590647889,6.762688550018298,1542.364930053707,622.4898076171866,919.8751224365205,3645,G006912E45907N,des Nantillons,45.907,6.912,-1.0112036
1973,531,0.6915462820446472,-5.344121274978639,6.72721365118408,1534.8964260253897,618.7920253295897,916.1044006958,3418,G006919E45906N,de la Republique,45.906,6.919,-0.9441004
1973,534,0.6859846939957167,-5.349773621780393,6.721742816833499,1535.95544091797,617.7165355224612,918.2389053955088,3582,G006924E45911N,de la Thendia,45.911,6.924,-1.3611836
1973,535,0.6520569967091119,-5.378512477798459,6.682626272430424,1525.6178826904309,614.1181689453128,911.4997137451182,3313,G006928E45905N,de Trelaporte,45.905,6.928,-1.4502892
1973,537,0.5632132424879146,-5.45270008233642,6.5791263601226895,1495.6181022338897,605.185512634278,890.4325895996117,3643,G006934E45883N,Mer de Glace ,45.883,6.934,-1.5520607
1973,539,0.656383897572159,-5.379361244667054,6.6921288155899035,1539.5731648864744,612.4253005676269,927.1478643188475,3519,G006947E45933N,des Drus,45.933,6.947,-1.1846468
1973,541,0.6573669242924469,-5.3795444784469595,6.694278095726015,1542.598730865479,612.0820987243654,930.5166321411135,3263,G006951E45939N,du Nant Blanc,45.939,6.951,-1.189631
1973,542,0.6880532709348218,-5.354719899154662,6.730826206085207,1555.0344141845708,614.8375930175782,940.1968211669927,3639,G006952E45951N,de la Pendant,45.951,6.952,-1.0990485
1973,543,0.6061542789429412,-5.4223755198287975,6.634683842430113,1525.6011610412593,606.8673313903807,918.7338296508785,3284,G006955E45927N,de la Charpoua,45.927,6.955,-1.378628
1973,544,0.6611624953567918,-5.377453389968877,6.699778141479484,1546.7256640624976,612.0038168334954,934.721847229002,3475,G006955E45946N,des Grands Montets,45.946,6.955,-0.9063593
1973,547,0.6789286286622243,-5.363464071540836,6.721321084175106,1554.8971525573713,613.447938995361,941.4492135620103,3585,G006957E45955N,de Lognan,45.955,6.957,-1.1081203
1973,548,0.4702067918956294,-5.534534885177611,6.474948237152102,1476.6153973388678,593.6197045898439,882.9956927490239,3534,G006960E45887N,de l'Aiguille du Tacul,45.887,6.96,-0.7514549
1973,549,0.5382996779489477,-5.479225362792972,6.5558244788665725,1503.4755186157213,599.8745015869138,903.6010170288077,3631,G006961E45912N,du Moine,45.912,6.961,-1.119179
1973,553,0.4368245740699702,-5.563852441345221,6.437501348678581,1469.6005393676735,589.5073128662102,880.0932265014632,3641,G006969E45888N,du Capucin,45.888,6.969,-1.1615505
1973,557,0.4217294553291737,-5.578067343276983,6.421526002471916,1469.0199583740214,587.2191913452142,881.8007670288071,0,G006977E45894N,des Dards 1,45.894,6.977,-0.8581754
1973,564,0.5514890502482654,-5.474750553779602,6.577728361091614,1524.7880400085453,598.5348286437988,926.2532113647464,3638,G006985E45951N,d'Argentiere,45.951,6.985,-1.036567
1973,566,0.6098705020976046,-5.427651503814698,6.647392199905393,1548.18297503662,603.9112860717771,944.271688964843,0,G006986E45973N,des Dards 1,45.973,6.986,-1.4163297
1973,567,0.6098705020976046,-5.427651503814698,6.647392199905393,1548.18297503662,603.9112860717771,944.271688964843,3712,G006986E45973N,du Passon 1,45.973,6.986,-1.5232753
1973,569,0.6412552480661904,-5.40277432606506,6.685284501281743,1561.8051376953142,606.6508680419925,955.1542696533216,3698,G006988E45987N,du Tour,45.987,6.988,-1.2586319
1973,571,0.5818260964393641,-5.451560464172362,6.615212343368533,1540.0808035278333,600.8597012329104,939.2211022949227,3511,G006990E45969N,Adams Reilly,45.969,6.99,-0.7011306
1973,572,0.41492467162250546,-5.587419600723274,6.417268664031971,1476.4291971435512,584.9624970703117,891.4667000732395,3466,G006992E45913N,de Talefre,45.913,6.992,-1.0563203
1973,574,0.3587022541618379,-5.633502039825437,6.3509062775268585,1455.8560793457043,579.4621147460941,876.3939645996102,3258,G006994E45896N,de Pierre Joseph,45.896,6.994,-0.6766059
1973,575,0.5538367740750418,-5.47540942428588,6.583082653579725,1531.9855978393596,597.8117306518565,934.173867187503,3619,G006994E45965N,du Trident,45.965,6.994,-0.7640981
1973,577,0.3316227339208214,-5.6569869899749685,6.320232181549082,1449.32655334473,576.2699890136727,873.0565643310574,3301,G007000E45895N,de l'Aiguille de l'Eboulement,45.895,7.0,-1.090857
1973,579,0.5016204205322284,-5.522460727920531,6.525701245956423,1519.1899642944345,592.714968261719,926.4749960327156,3640,G007003E45960N,du Chardonnet,45.96,7.003,-0.9046279
1973,582,0.4637797791714684,-5.557901763854979,6.4854610095520036,1509.7055633544928,589.7924655761719,919.9130977783208,3356,G007008E45954N,du Milieu,45.954,7.008,-1.005633
1974,423,1.103227090383946,-4.198109212524415,6.404563509780883,1561.1764995727535,773.7565891113281,787.4199104614255,3344,G006776E45799N,de la Berangere,45.799,6.776,-0.5835255
1974,424,1.1306100152763057,-4.173191191040045,6.434411319671623,1569.480032318113,774.8565567321774,794.6234755859356,3601,G006778E45809N,d'Armancette,45.809,6.778,-0.4676511
1974,427,1.1376326767643978,-4.167769160125734,6.4430345942001335,1572.704665206909,774.2252069244383,798.4794582824707,3650,G006783E45817N,de Covagnet,45.817,6.783,-0.3668011
1974,429,1.0148542953915567,-4.281286614044191,6.310995335968014,1537.923206237792,767.3627526245115,770.5604536132805,3651,G006784E45784N,de Tre la Tete 1,45.784,6.784,-0.5783643
1974,431,1.146846743384907,-4.1597130139923015,6.453406571731577,1575.8206059265162,774.3136637878423,801.5069421386742,3276,G006785E45822N,du Miage 1,45.822,6.785,-0.4071235
1974,437,1.098405638382019,-4.20595400653076,6.402765355636598,1563.7086797485356,770.2537821044923,793.4548976440432,3388,G006792E45817N,du Miage 2,45.817,6.792,-0.0837072
1974,447,1.0750054128587023,-4.2291212476806574,6.379132136543283,1558.7386591949487,767.542592330933,791.1960668640155,3579,G006799E45819N,du Miage 3,45.819,6.799,-0.0175374
1974,448,1.1034441857328035,-4.2029929123535235,6.409881335700981,1566.8460872955302,769.0533771209712,797.7927101745588,3649,G006799E45827N,du Miage 4,45.827,6.799,-0.5659683
1974,449,1.138992651825468,-4.170332493194571,6.448317834648144,1576.9803724212677,770.9418581085209,806.0385143127465,3296,G006799E45837N,du Tricot,45.837,6.799,-0.6466654
1974,459,1.1284870928013508,-4.183213116790783,6.440187316276538,1576.8840684661832,767.7660307159417,809.1180377502415,3648,G006811E45849N,de Bionnassay,45.849,6.811,-0.7165902
1974,460,1.11761463374663,-4.19548915705871,6.430718425323493,1575.7106252441424,765.4064539184574,810.304171325685,3438,G006819E45856N,de Tete Rousse,45.856,6.819,-0.4282833
1974,462,1.1103337152511819,-4.203350822998043,6.424018248725896,1574.596658218385,764.1207749481202,810.4758832702648,3280,G006823E45859N,de la Griaz,45.859,6.823,-0.6859844
1974,464,1.0886442475315,-4.225630405334476,6.40291888742828,1570.3363921661369,761.1686630706785,809.1677290954583,3290,G006831E45863N,du Bourgeat,45.863,6.831,-0.5444672
1974,468,1.0306421409767241,-4.282592749877932,6.343877013107297,1556.9329365234366,755.2035945434568,801.7293419799798,3647,G006844E45863N,Taconnaz,45.863,6.844,-0.4708961
1974,484,1.3360670568122828,-4.0139062282714875,6.686040228668209,1648.019683654784,765.5630983276366,882.4565853271476,3449,G006862E45976N,de la Floria,45.976,6.862,-0.47185
1974,488,0.9539807411366763,-4.359275508651728,6.267236959228523,1540.1225003051777,746.3858233642582,793.7366769409196,3646,G006865E45868N,Bossons,45.868,6.865,-0.3015649
1974,489,1.369617923398322,-3.985142103958125,6.724377829360969,1658.2502159118671,766.3476768493655,891.9025390625015,3709,G006865E45990N,du Mort 2,45.99,6.865,-0.8705272
1974,490,1.369617923398322,-3.985142103958125,6.724377829360969,1658.2502159118671,766.3476768493655,891.9025390625015,3710,G006865E45990N,du Mort 1,45.99,6.865,-0.7171472
1974,491,1.369617923398322,-3.985142103958125,6.724377829360969,1658.2502159118671,766.3476768493655,891.9025390625015,3711,G006865E45990N,du Mort 3,45.99,6.865,-0.9021576
1974,497,1.3207787184195556,-4.032025541641232,6.67358286624146,1645.757591796876,762.3353479614259,883.4222438354504,0,G006871E45984N,des Dards 1,45.984,6.871,-0.9806409
1974,498,1.3207787184195556,-4.032025541641232,6.67358286624146,1645.757591796876,762.3353479614259,883.4222438354504,0,G006871E45984N,des Dards 1,45.984,6.871,-0.9607652
1974,499,1.3207787184195556,-4.032025541641232,6.67358286624146,1645.757591796876,762.3353479614259,883.4222438354504,3812,G006871E45984N,des Dards 2,45.984,6.871,-0.8825761
1974,500,1.3479259905555137,-4.00763720338441,6.703489066864002,1653.4708216552704,763.6259755249016,889.8448461303688,3573,G006871E45992N,de Berard,45.992,6.871,-0.4577166
1974,503,0.9498649097979155,-4.366806230545036,6.2665360069275,1541.3149261474632,743.6957931518559,797.6191329956075,3483,G006875E45880N,Rond,45.88,6.875,-0.7097802
1974,504,1.2957606422232084,-4.057478558502198,6.648999734840392,1640.0345749664302,759.4637847137451,880.5707902526852,3450,G006877E45985N,du Belvedere,45.985,6.877,-0.8907174
1974,506,0.9476051971382001,-4.370843466033927,6.266053812255871,1541.8495455932646,742.3163784790044,799.5331671142601,3265,G006880E45886N,du Telepherique,45.886,6.88,-0.6214858
1974,509,0.9082599509822227,-4.406883680297843,6.2234035388488875,1531.146363616946,739.9669771423345,791.1793864746116,3391,G006882E45877N,Ouest de l'Aiguille du Midi,45.877,6.882,-0.0843337
1974,517,0.8980778631378346,-4.418441801727301,6.214597480285637,1529.6652631225566,737.9559160766598,791.709347045897,3644,G006888E45882N,Arete Midi Plan,45.882,6.888,0.0015094
1974,518,0.9271040572360844,-4.392939242538445,6.247147304138194,1538.1395753784207,739.0342878417972,799.1052875366233,3389,G006889E45892N,des Pelerins,45.892,6.889,-0.7049963
1974,524,0.9027186596715273,-4.419949859588613,6.225387120979322,1534.021596511844,734.7438163909918,799.2777801208524,3518,G006901E45901N,de Blaitiere,45.901,6.901,-0.7255498
1974,526,0.8600945468241094,-4.460089290771474,6.180278328094495,1523.0951863098176,731.4892329406745,791.6059533691432,3381,G006906E45895N,du Plan,45.895,6.906,-0.4489389
1974,527,0.853110606875028,-4.467656945098881,6.173878101600643,1521.8126766509995,730.3695941619872,791.4430824890126,3317,G006909E45897N,du Fou,45.897,6.909,-0.7598521
1974,530,0.8725115948762185,-4.451863342773447,6.196886472427355,1528.0107103881803,730.4106290283198,797.6000813598605,3645,G006912E45907N,des Nantillons,45.907,6.912,-0.5065615
1974,531,0.8373033132465462,-4.486369332077028,6.160975898696897,1519.651374603271,726.9379640808106,792.7134105224602,3418,G006919E45906N,de la Republique,45.906,6.919,-0.2750325
1974,534,0.8308856051953464,-4.494485212280271,6.156256362106327,1518.9884694824227,725.2668848266601,793.7215846557626,3582,G006924E45911N,de la Thendia,45.911,6.924,-0.7790014
1974,535,0.7930146773937384,-4.529850216979977,6.115879511947636,1509.1820626831066,722.5208410644533,786.6612216186533,3313,G006928E45905N,de Trelaporte,45.905,6.928,-0.9976376
1974,537,0.6941321180727562,-4.619782840820306,6.008047017761239,1482.560548065188,716.6519412536624,765.9086068115255,3643,G006934E45883N,Mer de Glace ,45.883,6.934,-0.3864479
1974,539,0.7966971759149126,-4.53658263394165,6.129976928489684,1514.586228927612,717.201492324829,797.384736602783,3519,G006947E45933N,des Drus,45.933,6.947,-0.5503927
1974,541,0.7975067645261009,-4.538114084960935,6.133127558662417,1515.7268884429936,716.0435720672609,799.6833163757327,3263,G006951E45939N,du Nant Blanc,45.939,6.951,-0.4742491
1974,542,0.8314161583828348,-4.509079124389647,6.171911387954713,1525.5484763793952,717.1200981445314,808.4283782348637,3639,G006952E45951N,de la Pendant,45.951,6.952,-0.3857138
1974,543,0.7405175552074595,-4.5900968045043955,6.071131858711241,1500.5147013092037,712.5413060760498,787.973395233154,3284,G006955E45927N,de la Charpoua,45.927,6.955,-0.4901662
1974,544,0.8014137932351162,-4.536995743026739,6.139823276748649,1517.741364593504,714.9965275573727,802.7448370361311,3475,G006955E45946N,des Grands Montets,45.946,6.955,-0.5613466
1974,547,0.8209234159250509,-4.521161878662114,6.163008660392756,1523.713368453978,715.1714963531492,808.5418721008289,3585,G006957E45955N,de Lognan,45.955,6.957,-0.4925959
1974,548,0.5897373836585895,-4.724159606323241,5.903634309158327,1459.0107418823245,705.0322955322267,753.978446350098,3534,G006960E45887N,de l'Aiguille du Tacul,45.887,6.96,0.0516144
1974,549,0.6650121712901548,-4.659197131515507,5.9892214154968215,1480.5272883300768,707.7374928588865,772.7897954711905,3631,G006961E45912N,du Moine,45.912,6.961,-0.3972603
1974,553,0.5522714408602641,-4.761495073410041,5.866037889190666,1450.4806873779278,700.9439448852536,749.5367424926742,3641,G006969E45888N,du Capucin,45.888,6.969,-0.5158545
1974,557,0.5350638211072021,-4.780782982620245,5.850910559829704,1447.4451944274883,697.9215704040523,749.523624023436,0,G006977E45894N,des Dards 1,45.894,6.977,-0.6739009
1974,564,0.6776687255223097,-4.662448330383301,6.017785743217469,1489.5369036102297,700.8680417633055,788.6688618469241,3638,G006985E45951N,d'Argentiere,45.951,6.985,-0.2687581
1974,566,0.7419919731620529,-4.607670647338868,6.091654566864011,1507.925564910888,702.9577709655762,804.9677939453118,0,G006986E45973N,des Dards 1,45.973,6.986,-0.8454924
1974,567,0.7419919731620529,-4.607670647338868,6.091654566864011,1507.925564910888,702.9577709655762,804.9677939453118,3712,G006986E45973N,du Passon 1,45.973,6.986,-1.0062996
1974,569,0.7764103116355576,-4.579367191894528,6.132187796981816,1518.090083984376,703.5885064086914,814.5015775756848,3698,G006988E45987N,du Tour,45.987,6.988,-0.4357722
1974,571,0.710652253873351,-4.637282941894529,6.0585874234008825,1499.9694471740731,700.4908113098146,799.4786358642586,3511,G006990E45969N,Adams Reilly,45.969,6.99,-0.5691344
1974,572,0.5264156750748651,-4.796936030700692,5.849767324569691,1448.4069855346652,693.0475905761715,755.3593949584936,3466,G006992E45913N,de Talefre,45.913,6.992,-0.8569162
1974,574,0.4642685186414754,-4.8515102180786105,5.780047189361577,1431.3168865356456,690.1482990112306,741.1685875244149,3258,G006994E45896N,de Pierre Joseph,45.896,6.994,-0.2946296
1974,575,0.6793842846256611,-4.666798569946279,6.02556711318971,1492.035229339603,698.0360826110845,793.9991467285183,3619,G006994E45965N,du Trident,45.965,6.994,-0.5572122
1974,577,0.43395019557328,-4.881057510375968,5.748957834243786,1424.1193008422879,687.2074890136722,736.9118118286157,3301,G007000E45895N,de l'Aiguille de l'Eboulement,45.895,7.0,-0.2490833
1974,579,0.6216956379187127,-4.72333175224304,5.9667230015563995,1479.4394630432137,694.0574766540528,785.3819863891607,3640,G007003E45960N,du Chardonnet,45.96,7.003,-0.6140642
1974,582,0.5807793615709561,-4.7632615436706525,5.924820235168459,1471.5660775756842,692.685064025879,778.8810135498051,3356,G007008E45954N,du Milieu,45.954,7.008,-0.0610794
1975,423,0.5345856192493429,-5.337690212036134,6.406861438568114,1699.9819842529294,1000.7128166503906,699.2691676025387,3344,G006776E45799N,de la Berangere,45.799,6.776,-0.8328876
1975,424,0.5649424018096845,-5.307015677688606,6.436900461944571,1709.9938333129853,1003.3142669067375,706.6795664062481,3601,G006778E45809N,d'Armancette,45.809,6.778,-0.5005912
1975,427,0.5739473816728582,-5.299966277946473,6.447861020385741,1713.785472564697,1002.4281139831543,711.3573585815429,3650,G006783E45817N,de Covagnet,45.817,6.783,-0.4822413
1975,429,0.44043959022521634,-5.43930333761597,6.3201825320739715,1671.7490704345694,987.2436750488279,684.5053953857414,3651,G006784E45784N,de Tre la Tete 1,45.784,6.784,-0.2305679
1975,431,0.584535043668757,-5.289888229827871,6.458958293762217,1717.5005279541049,1002.8522256469738,714.6483023071311,3276,G006785E45822N,du Miage 1,45.822,6.785,-0.167707
1975,437,0.5336643182659164,-5.346066998229979,6.4133956255798354,1702.7067645263676,994.580094482422,708.1266700439455,3388,G006792E45817N,du Miage 2,45.817,6.792,-0.4890774
1975,447,0.5100881615972603,-5.37386638636016,6.39404270739747,1696.529141693118,989.3408895568857,707.1882521362323,3579,G006799E45819N,du Miage 3,45.819,6.799,-0.7383627
1975,448,0.5411086210775288,-5.341639475776682,6.423856707397453,1706.2857420349096,992.8001305236807,713.485611511229,3649,G006799E45827N,du Miage 4,45.827,6.799,-0.372263
1975,449,0.5798841954279057,-5.301355837547292,6.461124207397472,1718.481492462162,997.124181732179,721.357310729983,3296,G006799E45837N,du Tricot,45.837,6.799,-0.2749479
1975,459,0.571872133316981,-5.3154750996933116,6.459219347656238,1717.9107783508261,991.8156070251451,726.095171325681,3648,G006811E45849N,de Bionnassay,45.849,6.811,-0.5368574
1975,460,0.5623498677635259,-5.329277971969598,6.453977691162115,1716.1524966430684,987.8319713134773,728.3205253295912,3438,G006819E45856N,de Tete Rousse,45.856,6.819,-0.7257391
1975,462,0.5555849562597324,-5.338271090095515,6.449440987915045,1714.6296617126482,985.6213407287602,729.0083209838879,3280,G006823E45859N,de la Griaz,45.859,6.823,-0.4812011
1975,464,0.5342826850461924,-5.36433472068024,6.432900081420895,1709.1358000183095,980.3345732727046,728.8012267456049,3290,G006831E45863N,du Bourgeat,45.863,6.831,-0.3954478
1975,468,0.47480037104606315,-5.432469484832768,6.382070233367917,1692.4573510742177,968.94651574707,723.510835327148,3647,G006844E45863N,Taconnaz,45.863,6.844,-0.5571923
1975,484,0.8151797318649252,-5.089995583618168,6.720354943756099,1799.1300683593738,1001.4208217773432,797.7092465820306,3449,G006862E45976N,de la Floria,45.976,6.862,-0.3163381
1975,488,0.3973863431930611,-5.523244016342156,6.318016728820808,1671.2401443481467,952.6837365722663,718.5564077758803,3646,G006865E45868N,Bossons,45.868,6.865,-0.6006521
1975,489,0.8530023477077548,-5.052584650421137,6.758589228820808,1810.9277801513692,1004.7365921020514,806.1911880493178,3709,G006865E45990N,du Mort 2,45.99,6.865,-0.7542127
1975,490,0.8530023477077548,-5.052584650421137,6.758589228820808,1810.9277801513692,1004.7365921020514,806.1911880493178,3710,G006865E45990N,du Mort 1,45.99,6.865,-0.7845222
1975,491,0.8530023477077548,-5.052584650421137,6.758589228820808,1810.9277801513692,1004.7365921020514,806.1911880493178,3711,G006865E45990N,du Mort 3,45.99,6.865,-0.7333557
1975,497,0.801568627300267,-5.109054148422237,6.7121912989502,1795.5396121215836,996.8574229736332,798.6821891479503,0,G006871E45984N,des Dards 1,45.984,6.871,-0.6087568
1975,498,0.801568627300267,-5.109054148422237,6.7121912989502,1795.5396121215836,996.8574229736332,798.6821891479503,0,G006871E45984N,des Dards 1,45.984,6.871,-0.5849149
1975,499,0.801568627300267,-5.109054148422237,6.7121912989502,1795.5396121215836,996.8574229736332,798.6821891479503,3812,G006871E45984N,des Dards 2,45.984,6.871,-0.5000423
1975,500,0.8313410865974304,-5.078315239303602,6.740997298950184,1804.6452066040004,1000.2665487060532,804.378657897947,3573,G006871E45992N,de Berard,45.992,6.871,-0.3891719
1975,503,0.39607707262040137,-5.529800176620474,6.321954345703134,1671.9581985473662,949.0288543701183,722.9293441772478,3483,G006875E45880N,Rond,45.88,6.875,-0.3356869
1975,504,0.7762508087873448,-5.138549600868226,6.691051119079589,1788.1527458190915,991.9638490295409,796.1888967895504,3450,G006877E45985N,du Belvedere,45.985,6.877,-0.5038967
1975,506,0.3952274373054612,-5.533310756988515,6.323765654144298,1672.2155059814486,947.1935827636732,725.0219232177755,3265,G006880E45886N,du Telepherique,45.886,6.88,-0.4396377
1975,509,0.3526971287155257,-5.578237384353626,6.283631677520763,1659.4656985473664,941.6109187622085,717.8547797851581,3391,G006882E45877N,Ouest de l'Aiguille du Midi,45.877,6.882,-0.5983403
1975,517,0.3434853733634876,-5.590908964141853,6.27787974765014,1657.2679425048805,938.4708918457022,718.7970506591782,3644,G006888E45882N,Arete Midi Plan,45.882,6.888,-0.8794457
1975,518,0.37569421813965836,-5.558240547286977,6.309629009338389,1667.1420645141632,941.8389804687511,725.3030840454121,3389,G006889E45892N,des Pelerins,45.892,6.889,-0.2334754
1975,524,0.3529424832677973,-5.5881494045486315,6.29403439959718,1661.2918919372596,935.1084243469254,726.1834675903344,3518,G006901E45901N,de Blaitiere,45.901,6.901,-0.387308
1975,526,0.30777865905763,-5.6373575981902935,6.2529149580383425,1648.0705123901405,928.1732980346695,719.897214355471,3381,G006906E45895N,du Plan,45.895,6.906,-0.8085558
1975,527,0.3011224193143798,-5.645840611793522,6.248085493103023,1646.3036405944808,926.3826012268062,719.9210393676749,3317,G006909E45897N,du Fou,45.897,6.909,-0.5659525
1975,530,0.3235019720935697,-5.624463050476087,6.271467028167713,1653.258088989254,927.9714482421862,725.286640747068,3645,G006912E45907N,des Nantillons,45.907,6.912,-0.2601261
1975,531,0.287188142957685,-5.665665031372073,6.240041359985349,1642.845329589843,921.3906550903318,721.4546744995112,3418,G006919E45906N,de la Republique,45.906,6.919,-0.246068
1975,534,0.28187811678886726,-5.673898892913815,6.237655168426517,1641.579033203126,919.0995738525394,722.4794593505867,3582,G006924E45911N,de la Thendia,45.911,6.924,-0.1896813
1975,535,0.24157152190208875,-5.717530117187495,6.200673215179448,1629.7875396728527,913.0517626953131,716.7357769775399,3313,G006928E45905N,de Trelaporte,45.905,6.928,-0.4026445
1975,537,0.13470088350296905,-5.830579428604118,6.099981285308846,1598.3310769653347,898.5193047485361,699.8117722167985,3643,G006934E45883N,Mer de Glace ,45.883,6.934,-0.3708857
1975,539,0.25249977215289976,-5.717084354423523,6.222083937255858,1633.9739064025875,908.0850402526854,725.8888661499022,3519,G006947E45933N,des Drus,45.933,6.947,-0.2008227
1975,541,0.2548801992559453,-5.716958050666807,6.226718484008791,1634.8123057556159,907.0717425842289,727.7405631713871,3263,G006951E45939N,du Nant Blanc,45.939,6.951,-0.3198898
1975,542,0.2926926585865041,-5.678798158691404,6.264183495697023,1646.003270874024,911.2182448730472,734.7850260009769,3639,G006952E45951N,de la Pendant,45.951,6.952,-0.3451543
1975,543,0.19344459340572182,-5.782212288703921,6.169101530761717,1616.817757415771,898.5152882385253,718.3024691772457,3284,G006955E45927N,de la Charpoua,45.927,6.955,-0.2685491
1975,544,0.26069618372916414,-5.713330383605964,6.234722780761711,1636.6397155761697,906.4731008911124,730.1666146850573,3475,G006955E45946N,des Grands Montets,45.946,6.955,-0.7035173
1975,547,0.28300240824222034,-5.691659717979436,6.257664554138178,1643.255188751219,908.4745732116694,734.7806155395498,3585,G006957E45955N,de Lognan,45.955,6.957,-0.3018059
1975,548,0.028724484872819755,-5.953742504577635,6.011191589202882,1568.5369049072272,877.3715356445315,691.1653692626955,3534,G006960E45887N,de l'Aiguille du Tacul,45.887,6.96,-0.7140651
1975,549,0.11226085683822151,-5.868799055068974,6.093320850891109,1593.1388131713852,886.9511983642572,706.1876148071282,3631,G006961E45912N,du Moine,45.912,6.961,-0.3395802
1975,553,-0.009414354686745036,-5.997881529739388,5.979052944396965,1557.773597106931,869.8863167724598,687.8872803344714,3641,G006969E45888N,du Capucin,45.888,6.969,-0.4192492
1975,557,-0.025500844736106434,-6.018916102325447,5.967914537902825,1553.3942694091775,865.3623889770497,688.0318804321278,0,G006977E45894N,des Dards 1,45.894,6.977,-0.4658075
1975,564,0.13540709135532406,-5.859257644309997,6.130071881408692,1600.3835151672365,882.0574345397949,718.3260806274416,3638,G006985E45951N,d'Argentiere,45.951,6.985,-0.246669
1975,566,0.20703345764159914,-5.7867299532623315,6.200796893096921,1621.1820303344718,890.3287451782223,730.8532851562495,0,G006986E45973N,des Dards 1,45.973,6.986,-0.1900385
1975,567,0.20703345764159914,-5.7867299532623315,6.200796893096921,1621.1820303344718,890.3287451782223,730.8532851562495,3712,G006986E45973N,du Passon 1,45.973,6.986,-0.3848832
1975,569,0.24595846892357315,-5.7482189717712355,6.240135916473393,1632.4509594726576,894.3810499267581,738.0699095458992,3698,G006988E45987N,du Tour,45.987,6.988,-0.4337631
1975,571,0.1739229775428803,-5.822970950546262,6.170816939849857,1611.5380905151376,885.1232968139652,726.4147937011725,3511,G006990E45969N,Adams Reilly,45.969,6.99,-0.4575718
1975,572,-0.029413360681545153,-6.031668569091809,5.972841963226308,1552.6517681884734,860.0785126953111,692.5732554931622,3466,G006992E45913N,de Talefre,45.913,6.992,-0.5131515
1975,574,-0.09751712795257189,-6.102327600646969,5.9072934866027875,1532.9867297363292,851.2553398437506,681.7313898925787,3258,G006994E45896N,de Pierre Joseph,45.896,6.994,-0.4505334
1975,575,0.14088183078767158,-5.85912928108214,6.140892986602796,1601.930317687992,879.9206326293961,722.0096850585959,3619,G006994E45965N,du Trident,45.965,6.994,-0.5096419
1975,577,-0.1288415610790145,-6.137795028686512,5.880112056732188,1524.0727996826204,845.5671691894545,678.5056304931659,3301,G007000E45895N,de l'Aiguille de l'Eboulement,45.895,7.0,-1.1078285
1975,579,0.08070474576950307,-5.926173132171629,6.087582678527834,1586.6219393920908,871.439558105469,715.1823812866215,3640,G007003E45960N,du Chardonnet,45.96,7.003,-0.4999833
1975,582,0.037471572780611126,-5.973537093292235,6.048480298431399,1577.4857496337895,867.0949040527346,710.390845581055,3356,G007008E45954N,du Milieu,45.954,7.008,-0.72092
1976,423,0.7818236565127362,-5.091640864166261,6.655287890151976,1182.0531914978023,480.37778189086913,701.6754096069333,3344,G006776E45799N,de la Berangere,45.799,6.776,-1.49347
1976,424,0.809798044964783,-5.0667391220398015,6.686334932128898,1189.5294873657208,481.1864177246091,708.3430696411116,3601,G006778E45809N,d'Armancette,45.809,6.778,-0.9995772
1976,427,0.8186703687689296,-5.058565016723633,6.695905485969543,1192.917679397583,480.9735186920165,711.9441607055663,3650,G006783E45817N,de Covagnet,45.817,6.783,-1.0159841
1976,429,0.6973068730506865,-5.165516395660402,6.560129864288327,1162.7760368652337,476.4865633544921,686.2894735107415,3651,G006784E45784N,de Tre la Tete 1,45.784,6.784,-0.9649247
1976,431,0.8285511567902656,-5.04974247772216,6.706844528121958,1195.8551535034203,481.11286499023464,714.7422885131856,3276,G006785E45822N,du Miage 1,45.822,6.785,-1.225697
1976,437,0.7831449546971334,-5.08936417715454,6.655653833908082,1186.1194479064943,478.7182503356935,707.4011975708011,3388,G006792E45817N,du Miage 2,45.817,6.792,-0.9921263
1976,447,0.7625401339862424,-5.107161298461907,6.632241326499948,1182.5872715301532,477.21275926208517,705.3745122680682,3579,G006799E45819N,du Miage 3,45.819,6.799,-1.3404487
1976,448,0.7906443615882317,-5.082530173461921,6.663818658836356,1189.6086195526104,478.20718540954556,711.4014341430649,3649,G006799E45827N,du Miage 4,45.827,6.799,-1.2179221
1976,449,0.825774646090756,-5.051741267211906,6.703290324256908,1198.3853045806911,479.4502180938724,718.9350864868188,3296,G006799E45837N,du Tricot,45.837,6.799,-1.117519
1976,459,0.8194107690670375,-5.057354126953134,6.696175452369677,1199.5246996002168,477.8306004180904,721.6940991821265,3648,G006811E45849N,de Bionnassay,45.849,6.811,-0.9087431
1976,460,0.8112347914733945,-5.06471961157226,6.687188995880133,1199.2869283752457,476.58855062866235,722.6983777465833,3438,G006819E45856N,de Tete Rousse,45.856,6.819,-1.3905904
1976,462,0.8053002103526636,-5.070058517944332,6.68065874678803,1198.7035586395277,475.8972309417726,722.8063276977551,3280,G006823E45859N,de la Griaz,45.859,6.823,-0.9746878
1976,464,0.7863809703843562,-5.0869252369384785,6.659686998832699,1195.7746421966544,474.2638135223387,721.5108286743159,3290,G006831E45863N,du Bourgeat,45.863,6.831,-0.9019092
1976,468,0.7332709266228647,-5.1337395068664575,6.600281201278683,1185.4436870422358,470.8438833923339,714.5998036499019,3647,G006844E45863N,Taconnaz,45.863,6.844,-0.8688669
1976,484,1.035330624992367,-4.878341983978275,6.949003102447506,1264.2291138305657,478.22249346923815,786.0066203613275,3449,G006862E45976N,de la Floria,45.976,6.862,-1.5439889
1976,488,0.6640520621728958,-5.195252011413569,6.523356009216316,1172.8614149475113,465.8513224792482,707.0100924682631,3646,G006865E45868N,Bossons,45.868,6.865,-0.9899757
1976,489,1.0684645713925418,-4.8509546676635695,6.987883681869514,1273.052546691896,478.83069763183613,794.2218490600599,3709,G006865E45990N,du Mort 2,45.99,6.865,-1.8204112
1976,490,1.0684645713925418,-4.8509546676635695,6.987883681869514,1273.052546691896,478.83069763183613,794.2218490600599,3710,G006865E45990N,du Mort 1,45.99,6.865,-1.7811053
1976,491,1.0684645713925418,-4.8509546676635695,6.987883681869514,1273.052546691896,478.83069763183613,794.2218490600599,3711,G006865E45990N,du Mort 3,45.99,6.865,-1.8156351
1976,497,1.0218832137146034,-4.8923185037841765,6.936084808868413,1262.7362539367687,476.41687399291993,786.3193799438486,0,G006871E45984N,des Dards 1,45.984,6.871,-1.8267692
1976,498,1.0218832137146034,-4.8923185037841765,6.936084808868413,1262.7362539367687,476.41687399291993,786.3193799438486,0,G006871E45984N,des Dards 1,45.984,6.871,-1.8206917
1976,499,1.0218832137146034,-4.8923185037841765,6.936084808868413,1262.7362539367687,476.41687399291993,786.3193799438486,3812,G006871E45984N,des Dards 2,45.984,6.871,-1.7955197
1976,500,1.0482579418201339,-4.869928378784189,6.966444139739978,1269.2651244201634,477.25495150756797,792.0101729125954,3573,G006871E45992N,de Berard,45.992,6.871,-1.483107
1976,503,0.662466019392022,-5.198059082031243,6.522991008758554,1174.6240425109884,464.4511222839359,710.1729202270525,3483,G006875E45880N,Rond,45.88,6.875,-1.5734612
1976,504,0.998469821227788,-4.913974261779786,6.910913787956236,1258.1583727264401,474.7445113372803,783.4138613891598,3450,G006877E45985N,du Belvedere,45.985,6.877,-1.7783053
1976,506,0.6614027637052632,-5.19981277359008,6.522618195800792,1175.4284066772484,463.7265927124027,711.7018139648458,3265,G006880E45886N,du Telepherique,45.886,6.88,-1.5620927
1976,509,0.623719556597719,-5.231997656463615,6.479436668151866,1166.53936444092,462.27199865722685,704.2673657836933,3391,G006882E45877N,Ouest de l'Aiguille du Midi,45.877,6.882,-1.4062352
1976,517,0.615183993817323,-5.240267930084234,6.470635824523918,1165.7072810668928,461.1714946899412,704.5357863769517,3644,G006888E45882N,Arete Midi Plan,45.882,6.888,-1.4182713
1976,518,0.6434694979124156,-5.216655605895989,6.503594508789073,1172.9035361633323,461.90200375366237,711.0015324096698,3389,G006889E45892N,des Pelerins,45.892,6.889,-1.4350295
1976,524,0.6222608024165746,-5.237084293762197,6.481605821128858,1170.1838618011502,459.5202333221439,710.6636284790063,3518,G006901E45901N,de Blaitiere,45.901,6.901,-1.4313253
1976,526,0.5821128684949988,-5.271804563446036,6.43603023101808,1161.3308645629909,457.58174621582066,703.7491183471703,3381,G006906E45895N,du Plan,45.895,6.906,-1.5471569
1976,527,0.575933938810106,-5.277679512756351,6.429547324760432,1160.4319563446033,456.95536351013175,703.4765928344717,3317,G006909E45897N,du Fou,45.897,6.909,-1.4410111
1976,530,0.5951088521113287,-5.26248714956666,6.452704790176378,1165.7712200622532,457.0747691955563,708.6964508666968,3645,G006912E45907N,des Nantillons,45.907,6.912,-1.477087
1976,531,0.562433618370531,-5.291505161499025,6.41637234434509,1159.1699903564447,455.0579346313477,704.112055725097,3418,G006919E45906N,de la Republique,45.906,6.919,-1.3063891
1976,534,0.557049633947852,-5.29738432180786,6.41148354124451,1158.8666921691902,454.13608480834966,704.7306073608406,3582,G006924E45911N,de la Thendia,45.911,6.924,-1.5590132
1976,535,0.5213774264359512,-5.327997712554929,6.370752524032597,1150.9195332336435,452.4959562683107,698.4235769653328,3313,G006928E45905N,de Trelaporte,45.905,6.928,-1.5892309
1976,537,0.4277395483894424,-5.406765173675531,6.262244244110116,1129.1665714111348,448.9206251831056,680.245946228029,3643,G006934E45883N,Mer de Glace ,45.883,6.934,-1.3456577
1976,539,0.52728098592019,-5.329437099853516,6.38399904584503,1156.1697741241453,449.6366388092041,706.5331353149413,3519,G006947E45933N,des Drus,45.933,6.947,-1.3059847
1976,541,0.5284385015704649,-5.330005771850585,6.3868827517929105,1157.2378748016363,449.0066174163819,708.2312573852541,3263,G006951E45939N,du Nant Blanc,45.939,6.951,-1.3316118
1976,542,0.5607684774966257,-5.3040990570373525,6.4256359853668235,1165.3404561462407,449.71619448852545,715.6242616577152,3639,G006952E45951N,de la Pendant,45.951,6.952,-1.4937738
1976,543,0.4746486902034267,-5.375256350097658,6.324553717002867,1144.8677306365962,446.888307723999,697.9794229125973,3284,G006955E45927N,de la Charpoua,45.927,6.955,-1.2281243
1976,544,0.5324965145993167,-5.328289240722661,6.393282248764029,1159.0092248535138,448.44552581787093,710.5636990356431,3475,G006955E45946N,des Grands Montets,45.946,6.955,-1.2370925
1976,547,0.5511748606598332,-5.313959732971195,6.416309431800837,1163.9611304473865,448.60706764221186,715.3540628051747,3585,G006957E45955N,de Lognan,45.955,6.957,-1.5768746
1976,548,0.3320765444350258,-5.4926068385314935,6.156759937210085,1111.0201200866702,442.2620234680177,668.7580966186526,3534,G006960E45887N,de l'Aiguille du Tacul,45.887,6.96,-1.3658154
1976,549,0.4035842618961292,-5.435086076843266,6.242254601165767,1128.6838912048331,444.0006927795408,684.6831984252922,3631,G006961E45912N,du Moine,45.912,6.961,-1.5040444
1976,553,0.29766207617949747,-5.523439608337409,6.118763782989494,1104.415560516356,439.9139075012205,664.5016530151354,3641,G006969E45888N,du Capucin,45.888,6.969,-1.3193427
1976,557,0.2822498420529303,-5.538708358581547,6.103208073471062,1102.2399260864242,438.2109705810544,664.0289555053698,0,G006977E45894N,des Dards 1,45.894,6.977,-1.0197412
1976,564,0.41723111414074915,-5.434233655700684,6.268695895729065,1136.6328162384034,440.2465756988525,696.386240539551,3638,G006985E45951N,d'Argentiere,45.951,6.985,-1.254189
1976,566,0.4778154130296687,-5.386447565887453,6.342078393066403,1151.554142395019,441.57759106445315,709.9765513305659,0,G006986E45973N,des Dards 1,45.973,6.986,-1.4403889
1976,567,0.4778154130296687,-5.386447565887453,6.342078393066403,1151.554142395019,441.57759106445315,709.9765513305659,3712,G006986E45973N,du Passon 1,45.973,6.986,-1.501233
1976,569,0.5102215743336713,-5.361695823760983,6.382138968063359,1159.8017059631356,442.0137507019043,717.7879552612314,3698,G006988E45987N,du Tour,45.987,6.988,-1.4461019
1976,571,0.4483945907688167,-5.411906956634519,6.308696145782474,1145.1417315673834,440.1160379028321,705.0256936645515,3511,G006990E45969N,Adams Reilly,45.969,6.99,-1.0261633
1976,572,0.27530980607842437,-5.550301964508065,6.1009216179046515,1103.4624524230935,435.50507516479473,667.9573772582987,3466,G006992E45913N,de Talefre,45.913,6.992,-1.1940738
1976,574,0.2170709160461459,-5.597336941131589,6.031478826812748,1089.7015214233406,433.7384515991212,655.9630698242194,3258,G006994E45896N,de Pierre Joseph,45.896,6.994,-1.0044675
1976,575,0.41906985181332734,-5.437241847381583,6.275381565246595,1138.75668060303,438.66317077636745,700.0935098266625,3619,G006994E45965N,du Trident,45.965,6.994,-1.1264261
1976,577,0.18905456751585914,-5.62201074600219,6.0001199436187855,1084.0582847595238,432.0365333557131,652.0217514038106,3301,G007000E45895N,de l'Aiguille de l'Eboulement,45.895,7.0,-1.6268532
1976,579,0.36456302997589296,-5.486400591659544,6.215526676025393,1129.0186767578132,436.27442871093757,692.7442480468754,3640,G007003E45960N,du Chardonnet,45.96,7.003,-0.9467133
1976,582,0.3254362075166719,-5.521931792755125,6.172804236389162,1123.3298110961916,435.37948370361335,687.9503273925785,3356,G007008E45954N,du Milieu,45.954,7.008,-1.2790052
1977,423,0.6899219467039098,-4.213616254638673,5.593460183593749,1920.2319652709957,1086.1594682617188,834.072497009277,3344,G006776E45799N,de la Berangere,45.799,6.776,0.0803306
1977,424,0.7191946913967056,-4.187486914207466,5.62587634149169,1928.9124511413552,1087.5549472961422,841.357503845213,3601,G006778E45809N,d'Armancette,45.809,6.778,-0.0234726
1977,427,0.7266529645256985,-4.183245893512726,5.636551872833251,1933.420622848511,1087.1498663787838,846.2707564697267,3650,G006783E45817N,de Covagnet,45.817,6.783,0.1405114
1977,429,0.5949207637577024,-4.306029302459719,5.4958708472900355,1899.9624671020497,1079.371207092285,820.5912600097648,3651,G006784E45784N,de Tre la Tete 1,45.784,6.784,0.469917
1977,431,0.7365318107700447,-4.175162421722403,5.648226097641001,1936.9703709411647,1087.3735581970222,849.5968127441428,3276,G006785E45822N,du Miage 1,45.822,6.785,0.267076
1977,437,0.6845147060937897,-4.227214604248045,5.596244062988283,1927.098434997559,1083.1679295654299,843.9305054321292,3388,G006792E45817N,du Miage 2,45.817,6.792,0.1600982
1977,447,0.6593977811484419,-4.254321375804894,5.573116983764658,1924.1165431060815,1080.4975944976811,843.6189486084004,3579,G006799E45819N,du Miage 3,45.819,6.799,-0.0610628
1977,448,0.6900268853773984,-4.225956917522439,5.606010741943351,1931.858004409788,1082.2045020904536,849.6535023193345,3649,G006799E45827N,du Miage 4,45.827,6.799,0.2233411
1977,449,0.7283132656636346,-4.190501344669332,5.647127939666761,1941.534831039432,1084.3381365814216,857.1966944580104,3296,G006799E45837N,du Tricot,45.837,6.799,0.2342693
1977,459,0.7175255774922246,-4.207273602451336,5.642324828521716,1944.0796403655975,1081.3602234954828,862.7194168701146,3648,G006811E45849N,de Bionnassay,45.849,6.811,-0.0321068
1977,460,0.7063057202882832,-4.2222536848678525,5.634865200607306,1944.5759664306656,1079.07808581543,865.4978806152355,3438,G006819E45856N,de Tete Rousse,45.856,6.819,0.0373908
1977,462,0.6987387383017588,-4.231570723278041,5.629048276611333,1944.2904600982679,1077.812442642212,866.4780174560559,3280,G006823E45859N,de la Griaz,45.859,6.823,0.0816376
1977,464,0.6759361024393998,-4.257310372951511,5.60918265570068,1941.7707946319572,1074.849658035278,866.9211365966793,3290,G006831E45863N,du Bourgeat,45.863,6.831,0.0334249
1977,468,0.6142178907022444,-4.321901489517215,5.550337343994137,1931.6455067138666,1068.7413121948239,862.9041945190427,3647,G006844E45863N,Taconnaz,45.863,6.844,-0.209678
1977,484,0.9512571363983116,-4.023553434097294,5.9260678931579545,2015.1498258666984,1080.147756286621,935.0020695800774,3449,G006862E45976N,de la Floria,45.976,6.862,0.3720383
1977,488,0.533192353043563,-4.409109603233332,5.475494379959114,1919.5795773315447,1059.7439828491213,859.8355944824232,3646,G006865E45868N,Bossons,45.868,6.865,-0.3880774
1977,489,0.9888162875652378,-3.991103875732416,5.968736651229866,2024.2630180358901,1080.9719474792482,943.2910705566419,3709,G006865E45990N,du Mort 2,45.99,6.865,0.2381286
1977,490,0.9888162875652378,-3.991103875732416,5.968736651229866,2024.2630180358901,1080.9719474792482,943.2910705566419,3710,G006865E45990N,du Mort 1,45.99,6.865,0.2371191
1977,491,0.9888162875652378,-3.991103875732416,5.968736651229866,2024.2630180358901,1080.9719474792482,943.2910705566419,3711,G006865E45990N,du Mort 3,45.99,6.865,0.2337111
1977,497,0.9368890528268858,-4.042784908164974,5.916563206283575,2013.235603881837,1076.6757115478517,936.5598923339853,0,G006871E45984N,des Dards 1,45.984,6.871,0.2712268
1977,498,0.9368890528268858,-4.042784908164974,5.916563206283575,2013.235603881837,1076.6757115478517,936.5598923339853,0,G006871E45984N,des Dards 1,45.984,6.871,0.2897041
1977,499,0.9368890528268858,-4.042784908164974,5.916563206283575,2013.235603881837,1076.6757115478517,936.5598923339853,3812,G006871E45984N,des Dards 2,45.984,6.871,0.3465958
1977,500,0.9666976571473954,-4.015461446220409,5.94885696153258,2020.0203669433565,1078.039081054687,941.9812858886698,3573,G006871E45992N,de Berard,45.992,6.871,0.3021963
1977,503,0.5302901130914783,-4.417986998558036,5.478567304611216,1921.8052673339866,1057.031860351563,864.7734069824236,3483,G006875E45880N,Rond,45.88,6.875,0.3376893
1977,504,0.9110870812392224,-4.070503692836763,5.892678047332762,2008.1946854400635,1073.590316543579,934.6043688964842,3450,G006877E45985N,du Belvedere,45.985,6.877,0.4144814
1977,506,0.5287107900047411,-4.422588351898184,5.480010016479504,1922.7686282348654,1055.622121276856,867.1465069580097,3265,G006880E45886N,du Telepherique,45.886,6.88,0.3521286
1977,509,0.4857564980335342,-4.463168555320729,5.434681625549327,1913.6660627136253,1053.180195343018,860.4858673706071,3391,G006882E45877N,Ouest de l'Aiguille du Midi,45.877,6.882,-0.0066435
1977,517,0.4756608102874683,-4.476208107391364,5.427529805419914,1912.952631896971,1051.112269714355,861.8403621826158,3644,G006888E45882N,Arete Midi Plan,45.882,6.888,-0.1439873
1977,518,0.5078905396165947,-4.447381977165213,5.463163144363413,1920.3241914672872,1052.2279212036135,868.0962702636737,3389,G006889E45892N,des Pelerins,45.892,6.889,0.4314455
1977,524,0.48357423446227443,-4.477382553935993,5.44453111660768,1917.584172805789,1047.754651077271,869.8295217285179,3518,G006901E45901N,de Blaitiere,45.901,6.901,0.3594848
1977,526,0.437508497056974,-4.522681741828906,5.397698821411147,1908.6344776916533,1044.394688568116,864.2397891235373,3381,G006906E45895N,du Plan,45.895,6.906,0.1074781
1977,527,0.4304729735007239,-4.531067371700291,5.392013405364985,1907.7083828277578,1043.2233283843993,864.4850544433584,3317,G006909E45897N,du Fou,45.897,6.909,0.3315192
1977,530,0.4527617314023846,-4.512744016632092,5.418267576171861,1913.0023333129857,1043.2125548095696,869.7897785034156,3645,G006912E45907N,des Nantillons,45.907,6.912,0.3698455
1977,531,0.4154324080772375,-4.5514091755523705,5.382274085037229,1906.2703168640132,1039.5979550476075,866.6723618164056,3418,G006919E45906N,de la Republique,45.906,6.919,0.3337659
1977,534,0.409641262108806,-4.560042245925901,5.379324867431645,1905.8192037353524,1037.8144154663087,868.0047882690437,3582,G006924E45911N,de la Thendia,45.911,6.924,0.3886022
1977,535,0.3685082617235228,-4.600137939300533,5.337154552001959,1897.8642984008798,1035.0018603515628,862.8624380493171,3313,G006928E45905N,de Trelaporte,45.905,6.928,0.4130671
1977,537,0.25966463054276406,-4.703039282676689,5.222368606201182,1876.4164898376484,1029.1096982727054,847.306791564943,3643,G006934E45883N,Mer de Glace ,45.883,6.934,0.7909662
1977,539,0.3784668110375395,-4.604196340442658,5.3611300774841295,1901.9525771942135,1029.1009454803466,872.8516317138672,3519,G006947E45933N,des Drus,45.933,6.947,0.3254467
1977,541,0.3807504412360212,-4.604951470531462,5.3664524736328145,1902.6633661041265,1027.7907021636966,874.8726639404299,3263,G006951E45939N,du Nant Blanc,45.939,6.951,0.2231259
1977,542,0.41922293896770685,-4.570828860046385,5.4092748720703145,1910.3209830932622,1028.7408352050782,881.5801478881839,3639,G006952E45951N,de la Pendant,45.951,6.952,0.3310676
1977,543,0.31805014898061573,-4.664538524303438,5.300638927917479,1890.5400461578365,1024.2860367584228,866.2540093994138,3284,G006955E45927N,de la Charpoua,45.927,6.955,0.1748008
1977,544,0.3865721157455367,-4.602529729537971,5.375674088516226,1904.0030070495588,1026.5721525573726,877.4308544921862,3475,G006955E45946N,des Grands Montets,45.946,6.955,0.0294409
1977,547,0.40927267584084925,-4.583426777896886,5.401972266845697,1908.5168505096424,1026.6055626678467,881.9112878417959,3585,G006957E45955N,de Lognan,45.955,6.957,0.3301436
1977,548,0.1498846656179446,-4.8201429667663565,5.119912355957034,1858.1033169555667,1017.0522271728516,841.0510897827152,3534,G006960E45887N,de l'Aiguille du Tacul,45.887,6.96,0.1327406
1977,549,0.23504973410701263,-4.743835462409978,5.213935017105097,1874.749868286132,1019.4866243896483,855.2632438964838,3631,G006961E45912N,du Moine,45.912,6.961,0.3762716
1977,553,0.11043546200846806,-4.862011948463447,5.0828829284820465,1851.420064208983,1012.8065175781246,838.6135466308582,3641,G006969E45888N,du Capucin,45.888,6.969,0.1726115
1977,557,0.09362061280631277,-4.8827786219482485,5.0700199078216475,1848.8891488952622,1009.5714552917476,839.3176936035145,0,G006977E45894N,des Dards 1,45.894,6.977,0.2150969
1977,564,0.2584169452118877,-4.740039281711579,5.256873296813966,1879.7949755096438,1011.5030297088622,868.2919458007814,3638,G006985E45951N,d'Argentiere,45.951,6.985,0.5580368
1977,566,0.33191376630210623,-4.674599781730653,5.338427464660641,1893.3258792419429,1013.220994781494,880.1048844604486,0,G006986E45973N,des Dards 1,45.973,6.986,0.3514621
1977,567,0.33191376630210623,-4.674599781730653,5.338427464660641,1893.3258792419429,1013.220994781494,880.1048844604486,3712,G006986E45973N,du Passon 1,45.973,6.986,0.2026896
1977,569,0.3719370323686645,-4.640078754287716,5.383952985351567,1900.555461791993,1013.5589970092772,886.9964647827156,3698,G006988E45987N,du Tour,45.987,6.988,0.3940989
1977,571,0.2980705263900789,-4.708070640144346,5.304211837463383,1886.8778181457526,1010.6812901306153,876.1965280151373,3511,G006990E45969N,Adams Reilly,45.969,6.99,0.05663
1977,572,0.08926546685503745,-4.89740894784547,5.075939959228503,1848.7291138305645,1004.1128608398435,844.6162529907209,3466,G006992E45913N,de Talefre,45.913,6.992,0.5689011
1977,574,0.019263210880283488,-4.961810094284054,5.000336572906498,1836.060676208497,1001.4634279174807,834.5972482910161,3258,G006994E45896N,de Pierre Joseph,45.896,6.994,0.0498104
1977,575,0.26427286980630293,-4.74148366542815,5.270029543762221,1880.482906951907,1008.1606709289555,872.3222360229512,3619,G006994E45965N,du Trident,45.965,6.994,0.1713924
1977,577,-0.01304648220537985,-4.995161514282216,4.9690686035156375,1830.4247665405292,998.4326171875002,831.992149353029,3301,G007000E45895N,de l'Aiguille de l'Eboulement,45.895,7.0,-0.1519525
1977,579,0.20255745240688566,-4.804787318038938,5.209902354812624,1870.4283345031743,1003.9455952453613,866.4827392578129,3640,G007003E45960N,du Chardonnet,45.96,7.003,-0.1099578
1977,582,0.15795709760284632,-4.850230649871824,5.166144971313479,1864.7510286254887,1002.4936415405273,862.2573870849611,3356,G007008E45954N,du Milieu,45.954,7.008,-0.0487671
1978,423,1.0213524869689932,-3.852216742172242,5.894921801986693,2008.4937131652828,1236.8697234191895,771.6239897460935,3344,G006776E45799N,de la Berangere,45.799,6.776,0.0182016
1978,424,1.0497648923854752,-3.824380930633552,5.9239107962799,2017.6645710449195,1237.6538515014645,780.0107195434549,3601,G006778E45809N,d'Armancette,45.809,6.778,-0.0076842
1978,427,1.0558325790300358,-3.8201099528884903,5.931775186691284,2020.3755863800045,1235.9392942962645,784.4362920837402,3650,G006783E45817N,de Covagnet,45.817,6.783,0.1105848
1978,429,0.9257815656127898,-3.9511896897888215,5.802752910003659,1980.0759854736316,1228.2356893310546,751.8402961425772,3651,G006784E45784N,de Tre la Tete 1,45.784,6.784,0.4623931
1978,431,1.0650265681552984,-3.811603297424307,5.941656506729135,2023.565014343265,1235.6287020874029,787.9363122558618,3276,G006785E45822N,du Miage 1,45.822,6.785,0.5263331
1978,437,1.0119176410064714,-3.8675491419219954,5.891384496536257,2008.1919562683108,1229.7640065612793,778.4279497070315,3388,G006792E45817N,du Miage 2,45.817,6.792,0.1601785
1978,447,0.9852725779714664,-3.896900893363945,5.867446118698128,2001.052231735232,1225.3769586334233,775.6752731018089,3579,G006799E45819N,du Miage 3,45.819,6.799,-0.0076215
1978,448,1.0153165774602804,-3.866719311027536,5.897352532272331,2010.397960617063,1227.0407732086176,783.3571874084453,3649,G006799E45827N,du Miage 4,45.827,6.799,0.1757135
1978,449,1.052871576821338,-3.8289923331069846,5.9347355492401235,2022.080121719364,1229.1205414276126,792.959580291751,3296,G006799E45837N,du Tricot,45.837,6.799,0.2060983
1978,459,1.0384223254785416,-3.847988212623609,5.9248329180145145,2019.5476580963098,1223.262903732299,796.2847543640105,3648,G006811E45849N,de Bionnassay,45.849,6.811,-0.1759906
1978,460,1.0246832621917787,-3.8647952471160822,5.914161821212774,2016.5794913635273,1219.1062154235842,797.473275939943,3438,G006819E45856N,de Tete Rousse,45.856,6.819,0.1330457
1978,462,1.0158608243398712,-3.875164488334651,5.906886184616093,2014.4873767547622,1216.9145357818604,797.5728409729018,3280,G006823E45859N,de la Griaz,45.859,6.823,0.0456628
1978,464,0.9906849070997201,-3.9034695330429114,5.884839391403195,2007.9603358001696,1212.112730300903,795.8476054992669,3290,G006831E45863N,du Bourgeat,45.863,6.831,0.118987
1978,468,0.9257541044502228,-3.973575015945438,5.825083265609739,1989.8848901062001,1203.006551849365,786.8783382568351,3647,G006844E45863N,Taconnaz,45.863,6.844,-0.1276249
1978,484,1.2423868330841026,-3.663165001220707,6.147938673706051,2091.188798034667,1211.6813167114256,879.5074813232413,3449,G006862E45976N,de la Floria,45.976,6.862,0.6293715
1978,488,0.8388166658210819,-4.068831971359247,5.746465336990363,1966.2640187072775,1189.2336375427249,777.0303811645526,3646,G006865E45868N,Bossons,45.868,6.865,-0.2978233
1978,489,1.2768157230854096,-3.6298671112060488,6.183498559951788,2102.365400695803,1212.098054504395,890.267346191408,3709,G006865E45990N,du Mort 2,45.99,6.865,0.4969181
1978,490,1.2768157230854096,-3.6298671112060488,6.183498559951788,2102.365400695803,1212.098054504395,890.267346191408,3710,G006865E45990N,du Mort 1,45.99,6.865,0.4978028
1978,491,1.2768157230854096,-3.6298671112060488,6.183498559951788,2102.365400695803,1212.098054504395,890.267346191408,3711,G006865E45990N,du Mort 3,45.99,6.865,0.4926606
1978,497,1.2234879420623819,-3.685732800521847,6.132708688583378,2086.7504355773935,1206.5445241394043,880.2059114379895,0,G006871E45984N,des Dards 1,45.984,6.871,0.4584441
1978,498,1.2234879420623819,-3.685732800521847,6.132708688583378,2086.7504355773935,1206.5445241394043,880.2059114379895,0,G006871E45984N,des Dards 1,45.984,6.871,0.4719603
1978,499,1.2234879420623819,-3.685732800521847,6.132708688583378,2086.7504355773935,1206.5445241394043,880.2059114379895,3812,G006871E45984N,des Dards 2,45.984,6.871,0.5162055
1978,500,1.2520889417343022,-3.657075219650281,6.161253105087269,2095.6368392639124,1208.0288748474113,887.6079644165011,3573,G006871E45992N,de Berard,45.992,6.871,0.6082022
1978,503,0.8315258836746307,-4.08003218650817,5.74308398246766,1965.611286163333,1184.4248771667485,781.1864089965844,3483,G006875E45880N,Rond,45.88,6.875,0.4139856
1978,504,1.195261191992759,-3.716443731498719,6.106966119003295,2078.934996871948,1202.2991477203368,876.635849151611,3450,G006877E45985N,du Belvedere,45.985,6.877,0.431107
1978,506,0.8276550238800153,-4.085870419311513,5.741180493164073,1965.2131503295932,1181.9924557495121,783.2206945800807,3265,G006880E45886N,du Telepherique,45.886,6.88,0.4905254
1978,509,0.7856223210201366,-4.128755427398671,5.700000097122203,1952.477372680667,1178.9381238403325,773.5392488403345,3391,G006882E45877N,Ouest de l'Aiguille du Midi,45.877,6.882,0.1255569
1978,517,0.773106502899163,-4.143647962341316,5.689860993347161,1949.5540942993143,1175.6103362426754,773.9437580566388,3644,G006888E45882N,Arete Midi Plan,45.882,6.888,0.0362566
1978,518,0.803364538967142,-4.113745237045279,5.720474337844858,1959.1129895324734,1176.7032970886235,782.4096924438502,3389,G006889E45892N,des Pelerins,45.892,6.889,0.587129
1978,524,0.7740563195219168,-4.147853338584887,5.695965996322645,1951.932349227909,1169.7749386749276,782.1574105529817,3518,G006901E45901N,de Blaitiere,45.901,6.901,0.5162194
1978,526,0.727682288293851,-4.196257254791248,5.65162185020448,1938.3314007568397,1165.1655307006843,773.1658700561554,3381,G006906E45895N,du Plan,45.895,6.906,0.1404271
1978,527,0.7194176110525087,-4.205726131706243,5.644561371688838,1936.2445853729237,1163.3816026763916,772.862982696532,3317,G006909E45897N,du Fou,45.897,6.909,0.2437611
1978,530,0.7389021627578617,-4.187437011947644,5.6652413530731085,1942.773044219967,1162.9760918273919,779.796952392575,3645,G006912E45907N,des Nantillons,45.907,6.912,0.3759497
1978,531,0.6997129438266734,-4.229456233062746,5.628882135238645,1931.721977172851,1157.8062131347656,773.9157640380852,3418,G006919E45906N,de la Republique,45.906,6.919,0.3034665
1978,534,0.6914126831398039,-4.239778893508909,5.622604272689823,1929.9411139831554,1155.0820027770997,774.8591112060557,3582,G006924E45911N,de la Thendia,45.911,6.924,0.59185
1978,535,0.6503590060806317,-4.282446121597285,5.583164146804814,1917.8342515563977,1151.2135740661624,766.6206774902355,3313,G006928E45905N,de Trelaporte,45.905,6.928,0.4283322
1978,537,0.544579100111016,-4.390610467834465,5.479768682785043,1885.9584244995144,1143.2820775146488,742.6763469848655,3643,G006934E45883N,Mer de Glace ,45.883,6.934,0.3229205
1978,539,0.6482334008684149,-4.29234816394806,5.588814972457885,1920.1853971710202,1142.1881199798584,777.9972771911619,3519,G006947E45933N,des Drus,45.933,6.947,0.5058214
1978,541,0.6478014840230963,-4.294436731376646,5.590039705123903,1920.6824702606207,1140.262689346314,780.419780914307,3263,G006951E45939N,du Nant Blanc,45.939,6.951,0.3590495
1978,542,0.6830828484039326,-4.259615925521849,5.625781626815797,1931.7859402160652,1141.4622156066896,790.3237246093755,3639,G006952E45951N,de la Pendant,45.951,6.952,0.3546595
1978,543,0.5866849424505217,-4.357131352043154,5.530501243209837,1902.3525865936274,1135.4536069488524,766.898979644775,3284,G006955E45927N,de la Charpoua,45.927,6.955,0.2565826
1978,544,0.6506140046787189,-4.293292351531989,5.594520365524284,1922.185081787107,1138.4816754150388,783.7034063720683,3475,G006955E45946N,des Grands Montets,45.946,6.955,0.0973331
1978,547,0.670445879521365,-4.274325117683416,5.615216880416865,1928.6518549346908,1138.4577443695066,790.1941105651841,3585,G006957E45955N,de Lognan,45.955,6.957,0.363162
1978,548,0.4268234324264543,-4.518810395431517,5.372457268905642,1853.5521778869634,1125.5389613342286,728.0132165527348,3534,G006960E45887N,de l'Aiguille du Tacul,45.887,6.96,0.1850097
1978,549,0.5055100362472487,-4.440664815444951,5.451684894485469,1878.118392913817,1128.7685736389158,749.3498192749013,3631,G006961E45912N,du Moine,45.912,6.961,0.240879
1978,553,0.38465982792662795,-4.564593555374154,5.333913217849724,1841.8988122253395,1119.3223950500483,722.576417175291,3641,G006969E45888N,du Capucin,45.888,6.969,0.2448835
1978,557,0.36405880676459557,-4.588454124145515,5.316571742324822,1836.77360430908,1114.5713840942376,722.2022202148421,0,G006977E45894N,des Dards 1,45.894,6.977,0.1031135
1978,564,0.5109833791399003,-4.445259504890442,5.467226264572144,1883.586352005005,1117.4417348480224,766.1446171569826,3638,G006985E45951N,d'Argentiere,45.951,6.985,0.4329369
1978,566,0.5780828165264108,-4.378770685272219,5.534936319046018,1904.545846435546,1120.0075358276367,784.5383106079094,0,G006986E45973N,des Dards 1,45.973,6.986,0.3684172
1978,567,0.5780828165264108,-4.378770685272219,5.534936319046018,1904.545846435546,1120.0075358276367,784.5383106079094,3712,G006986E45973N,du Passon 1,45.973,6.986,0.2715661
1978,569,0.6134905352058448,-4.344321340713497,5.571302411422733,1915.8345723571788,1120.6253034362792,795.2092689208997,3698,G006988E45987N,du Tour,45.987,6.988,0.2329997
1978,571,0.5438937956714658,-4.414575143432614,5.502362735366824,1894.5696768188486,1116.4746759033203,778.0950009155283,3511,G006990E45969N,Adams Reilly,45.969,6.99,0.107161
1978,572,0.3501416291274917,-4.6085964017486685,5.308879661331167,1834.8184065856901,1106.7284107360836,728.0899958496066,3466,G006992E45913N,de Talefre,45.913,6.992,0.183601
1978,574,0.284363019729618,-4.675011360778804,5.243737401428226,1814.7416631469737,1102.7935492553713,711.9481138916024,3258,G006994E45896N,de Pierre Joseph,45.896,6.994,0.0769244
1978,575,0.5097849414730196,-4.450294934844958,5.469864818191541,1884.6190252685585,1112.9517861938484,771.6672390747101,3619,G006994E45965N,du Trident,45.965,6.994,0.0595629
1978,577,0.2506469726562601,-4.711132497787466,5.212426443099986,1805.2333259582551,1098.3836555480962,706.849670410159,3301,G007000E45895N,de l'Aiguille de l'Eboulement,45.895,7.0,-0.0742374
1978,579,0.44727705058098055,-4.516916548233031,5.411470648193362,1868.6868656921395,1107.0175791931154,761.6692864990241,3640,G007003E45960N,du Chardonnet,45.96,7.003,0.0403971
1978,582,0.404266581512453,-4.562631709167478,5.371164869079591,1859.2913154907233,1104.7891502075195,754.5021652832037,3356,G007008E45954N,du Milieu,45.954,7.008,-0.0317188
1979,423,1.0631436267517798,-3.8858682476654054,6.012155646133421,1513.6625289916988,926.2677919921874,587.3947369995112,3344,G006776E45799N,de la Berangere,45.799,6.776,0.1879007
1979,424,1.0867047117545543,-3.8685274771423384,6.041937034988395,1523.0582656860327,927.2248728637692,595.8333928222634,3601,G006778E45809N,d'Armancette,45.809,6.778,-0.0104837
1979,427,1.0902104895208469,-3.8711377184829727,6.051558818054199,1526.852653503418,925.797759613037,601.0548938903809,3650,G006783E45817N,de Covagnet,45.817,6.783,0.1591394
1979,429,0.9792525163812611,-3.9641660030517603,5.922671176147459,1487.96563720703,917.8057419433592,570.1598952636709,3651,G006784E45784N,de Tre la Tete 1,45.784,6.784,0.0796246
1979,431,1.0973510321074804,-3.867436760635369,6.062138938903819,1530.404457092288,925.6234387207037,604.7810183715844,3276,G006785E45822N,du Miage 1,45.822,6.785,0.1706375
1979,437,1.0498144124757065,-3.9145607539215077,6.014189684677126,1517.0875930786137,920.0069179687501,597.0806751098636,3388,G006792E45817N,du Miage 2,45.817,6.792,0.2132222
1979,447,1.024762158360905,-3.9430704340133618,5.9925948440551835,1511.7490158081082,915.9429588928226,595.8060569152855,3579,G006799E45819N,du Miage 3,45.819,6.799,0.1869777
1979,448,1.0502298260421081,-3.922015266349799,6.022475007629387,1520.774894714353,917.7030743713373,603.0718203430159,3649,G006799E45827N,du Miage 4,45.827,6.799,0.0056483
1979,449,1.082064410643646,-3.8956963067703185,6.059825212097179,1532.0572433471712,919.903218719483,612.1540246276884,3296,G006799E45837N,du Tricot,45.837,6.799,0.0723155
1979,459,1.0653064758534925,-3.923058934883126,6.053671948242175,1532.133598327633,914.7539142761223,617.3796840515107,3648,G006811E45849N,de Bionnassay,45.849,6.811,-0.0265494
1979,460,1.0505507482748084,-3.9443146658935504,6.045416210937506,1530.8949813842792,911.0761089477542,619.8188724365249,3438,G006819E45856N,de Tete Rousse,45.856,6.819,0.117246
1979,462,1.0414953739857113,-3.9563403543014504,6.03933114471436,1529.676994323732,909.1218587951661,620.5551355285658,3280,G006823E45859N,de la Griaz,45.859,6.823,0.1126369
1979,464,1.0169948334819643,-3.985677356346134,6.019667054748531,1524.9753341674793,904.7719055480954,620.2034286193842,3290,G006831E45863N,du Bourgeat,45.863,6.831,0.188244
1979,468,0.9569350377746793,-4.050031558792117,5.963901649856565,1510.1813278198235,896.3009071044919,613.8804207153314,3647,G006844E45863N,Taconnaz,45.863,6.844,0.2351983
1979,484,1.213150231346127,-3.861162053710941,6.2874625152587855,1608.9864959716786,908.1662171630858,700.820278808593,3449,G006862E45976N,de la Floria,45.976,6.862,0.3277621
1979,488,0.8748890661203915,-4.141729491729732,5.891507614135749,1491.5443191528343,883.6583157348635,607.8860034179704,3646,G006865E45868N,Bossons,45.868,6.865,0.0294739
1979,489,1.2402473054796508,-3.842613414382931,6.3231080245971745,1619.912757873537,909.0667480468753,710.8460098266618,3709,G006865E45990N,du Mort 2,45.99,6.865,0.0613919
1979,490,1.2402473054796508,-3.842613414382931,6.3231080245971745,1619.912757873537,909.0667480468753,710.8460098266618,3710,G006865E45990N,du Mort 1,45.99,6.865,0.0178835
1979,491,1.2402473054796508,-3.842613414382931,6.3231080245971745,1619.912757873537,909.0667480468753,710.8460098266618,3711,G006865E45990N,du Mort 3,45.99,6.865,0.0858125
1979,497,1.1924830550413161,-3.889007353881834,6.273973461914067,1605.9351730346693,903.7782268676758,702.1569461669934,0,G006871E45984N,des Dards 1,45.984,6.871,0.1130572
1979,498,1.1924830550413161,-3.889007353881834,6.273973461914067,1605.9351730346693,903.7782268676758,702.1569461669934,0,G006871E45984N,des Dards 1,45.984,6.871,0.1326465
1979,499,1.1924830550413161,-3.889007353881834,6.273973461914067,1605.9351730346693,903.7782268676758,702.1569461669934,3812,G006871E45984N,des Dards 2,45.984,6.871,0.2005995
1979,500,1.2163037223448652,-3.8695241847534265,6.302131628417957,1614.2974777221646,905.4358091430655,708.861668579099,3573,G006871E45992N,de Berard,45.992,6.871,0.3106848
1979,503,0.8641400054097252,-4.1622754287719665,5.890555419921885,1492.5948715209988,879.6110916137701,612.9837799072286,3483,G006875E45880N,Rond,45.88,6.875,0.0689695
1979,504,1.1656476697632665,-3.9182716454696656,6.249566982269286,1599.3091659545894,899.9454304504395,699.3637355041501,3450,G006877E45985N,du Belvedere,45.985,6.877,0.195876
1979,506,0.8585081312453834,-4.172794022064202,5.889810260772715,1493.0164642334016,877.571458740235,615.4450054931665,3265,G006880E45886N,du Telepherique,45.886,6.88,0.1589283
1979,509,0.8226214588682739,-4.204468588165275,5.849711478042612,1481.3939285278348,874.4128826293952,606.9810458984397,3391,G006882E45877N,Ouest de l'Aiguille du Midi,45.877,6.882,0.3796566
1979,517,0.809306235736126,-4.222454775787358,5.841067214202873,1479.597671508787,871.5090964355466,608.0885750732405,3644,G006888E45882N,Arete Midi Plan,45.882,6.888,0.3102765
1979,518,0.8338930698249416,-4.2035942413024845,5.871380349731455,1488.6832962036162,872.8940352172856,615.7892609863304,3389,G006889E45892N,des Pelerins,45.892,6.889,0.3472482
1979,524,0.8034844149641501,-4.242766178642264,5.849734969329846,1483.7229232788122,866.82942251587,616.8935007629423,3518,G006901E45901N,de Blaitiere,45.901,6.901,0.2234311
1979,526,0.7625761805737122,-4.282075588531485,5.807227903366101,1471.7842330932654,862.3317196655282,609.4525134277371,3381,G006906E45895N,du Plan,45.895,6.906,0.2114077
1979,527,0.7541795819312895,-4.2925251822738675,5.80088429794311,1470.262657165526,860.7606518859861,609.5020052795398,3317,G006909E45897N,du Fou,45.897,6.909,0.1085519
1979,530,0.7686314628695152,-4.284419522689827,5.821682402420032,1476.7116928100552,860.7866433105462,615.925049499509,3645,G006912E45907N,des Nantillons,45.907,6.912,0.1637255
1979,531,0.7325705517898784,-4.322216764358521,5.787357815551756,1467.4008712768548,855.9718563232423,611.4290149536125,3418,G006919E45906N,de la Republique,45.906,6.919,0.0482727
1979,534,0.7229860471140167,-4.3361013987579335,5.782073439407352,1466.3843307495126,853.664324584961,612.7200061645517,3582,G006924E45911N,de la Thendia,45.911,6.924,0.2696962
1979,535,0.687069515843991,-4.370105694046018,5.744244665145878,1455.733406066896,849.8413781738284,605.8920278930673,3313,G006928E45905N,de Trelaporte,45.905,6.928,0.2245158
1979,537,0.5970853070416517,-4.45029147662353,5.644462009811409,1427.2154769897486,841.5751975708013,585.6402794189473,3643,G006934E45883N,Mer de Glace ,45.883,6.934,-0.1141186
1979,539,0.674295616819679,-4.40395627835846,5.752547457885742,1460.0085983276363,842.7413716735839,617.2672266540526,3519,G006947E45933N,des Drus,45.933,6.947,0.2000236
1979,541,0.6715080546583553,-4.411219359306333,5.754235417175295,1460.852775573731,841.2428104553226,619.6099651184085,3263,G006951E45939N,du Nant Blanc,45.939,6.951,0.0970733
1979,542,0.6996224456414,-4.3898050928802475,5.789049942398073,1471.0508956909184,842.8910151367188,628.1598805541996,3639,G006952E45951N,de la Pendant,45.951,6.952,0.0518799
1979,543,0.6193101170238838,-4.458324074516297,5.696944244384763,1444.568351745605,836.275294342041,608.2930574035641,3284,G006955E45927N,de la Charpoua,45.927,6.955,0.1950035
1979,544,0.6713206383234203,-4.41640729377747,5.759048522949211,1462.5901718139626,839.9279498291011,622.6622219848616,3475,G006955E45946N,des Grands Montets,45.946,6.955,0.0899442
1979,547,0.686191107353266,-4.406954789314273,5.779336963653559,1468.6388473510729,840.3221708679197,628.3166764831531,3585,G006957E45955N,de Lognan,45.955,6.957,0.1080314
1979,548,0.4863712362045064,-4.571649044723509,5.544391412734987,1400.7994308471684,825.3060559082032,575.4933749389652,3534,G006960E45887N,de l'Aiguille du Tacul,45.887,6.96,0.2287979
1979,549,0.5496886170020063,-4.5219205836792025,5.621297735595698,1423.1738967895494,829.4295927124019,593.7443040771475,3631,G006961E45912N,du Moine,45.912,6.961,-0.0018549
1979,553,0.4468711170949871,-4.614623515502935,5.508365637207024,1391.2409744262675,819.5928214721674,571.6481529540999,3641,G006969E45888N,du Capucin,45.888,6.969,-0.0218129
1979,557,0.4253863052431286,-4.6418953059845025,5.492667802429192,1387.4455947875958,815.474270507812,571.9713242797837,0,G006977E45894N,des Dards 1,45.894,6.977,0.0727208
1979,564,0.5388593373265861,-4.561091253242493,5.638809871673584,1430.1513595581055,820.8707731628417,609.2805863952639,3638,G006985E45951N,d'Argentiere,45.951,6.985,0.0384993
1979,566,0.5922603426597103,-4.519607813079834,5.704128467178342,1448.9936599731438,824.3114815063475,624.6821784667961,0,G006986E45973N,des Dards 1,45.973,6.986,0.1199796
1979,567,0.5922603426597103,-4.519607813079834,5.704128467178342,1448.9936599731438,824.3114815063475,624.6821784667961,3712,G006986E45973N,du Passon 1,45.973,6.986,0.0656939
1979,569,0.619393821902397,-4.50048370057678,5.739271329116825,1459.2112045288097,825.5782791748047,633.632925354005,3698,G006988E45987N,du Tour,45.987,6.988,-0.018335
1979,571,0.5619730093908331,-4.549052440795897,5.672998422622683,1440.3019790649423,820.8826376342774,619.4193414306648,3511,G006990E45969N,Adams Reilly,45.969,6.99,0.050631
1979,572,0.4047573114992294,-4.677421037918098,5.4869355556487935,1387.051826477048,809.1447824707027,577.9070440063454,3466,G006992E45913N,de Talefre,45.913,6.992,0.115083
1979,574,0.35059144183922136,-4.723289653076169,5.42447240905762,1369.2996368408212,804.6736055908207,564.6260312500007,3258,G006994E45896N,de Pierre Joseph,45.896,6.994,0.1017354
1979,575,0.5317771761429411,-4.578409735260001,5.641964044570935,1431.6471633911165,817.4594900512703,614.1876733398464,3619,G006994E45965N,du Trident,45.965,6.994,0.078823
1979,577,0.3196966557949863,-4.755615301132195,5.395008478164683,1361.346855163577,800.5444335937506,560.8024215698265,3301,G007000E45895N,de l'Aiguille de l'Eboulement,45.895,7.0,0.0239782
1979,579,0.4754909002566354,-4.635961873779296,5.586943623962404,1417.1996945190438,811.4180087280275,605.7816857910162,3640,G007003E45960N,du Chardonnet,45.96,7.003,0.3260741
1979,582,0.43789036902165557,-4.673750261749266,5.54953094369507,1407.8540489501959,808.4785090332032,599.3755399169926,3356,G007008E45954N,du Milieu,45.954,7.008,0.318062
1980,423,0.9543465744442929,-4.152977412826539,6.0616706351318355,2026.6911892700193,1213.6486376342773,813.042551635742,3344,G006776E45799N,de la Berangere,45.799,6.776,-0.0224161
1980,424,0.9813238027677466,-4.128666576705939,6.091314250366203,2033.4097090148907,1214.5406008605955,818.8691081542954,3601,G006778E45809N,d'Armancette,45.809,6.778,0.2592117
1980,427,0.9877720258157244,-4.125043558929445,6.100587671905516,2034.375427932739,1212.8584480133054,821.5169799194334,3650,G006783E45817N,de Covagnet,45.817,6.783,0.5117329
1980,429,0.8656617154197663,-4.240185700042727,5.971509202362057,2002.4848147582998,1204.5839081420897,797.9009066162104,3651,G006784E45784N,de Tre la Tete 1,45.784,6.784,0.9495865
1980,431,0.9967228534674735,-4.117596318588248,6.11104208366395,2036.4219917297387,1212.596991424561,823.8250003051776,3276,G006785E45822N,du Miage 1,45.822,6.785,0.7616922
1980,437,0.9478611032862677,-4.166843267776488,6.062565528625489,2022.7315151977543,1206.5216442260744,816.2098709716801,3388,G006792E45817N,du Miage 2,45.817,6.792,0.5160819
1980,447,0.9238927016155796,-4.192693414123529,6.040478865600594,2015.5187789154072,1202.0499386444094,813.4688402709977,3579,G006799E45819N,du Miage 3,45.819,6.799,0.1995405
1980,448,0.9521864094688812,-4.166050460876473,6.0704233259277265,2022.8933400726296,1203.8776169891353,819.0157230834947,3649,G006799E45827N,du Miage 4,45.827,6.799,0.5270311
1980,449,0.9875535442855459,-4.1327467693176185,6.107853901336681,2032.111541519168,1206.1622149200443,825.9493265991232,3296,G006799E45837N,du Tricot,45.837,6.799,0.5223156
1980,459,0.9760315428454761,-4.148977284576427,6.101040402740466,2027.5110276031467,1200.4303970489495,827.0806305541969,3648,G006811E45849N,de Bionnassay,45.849,6.811,0.1866426
1980,460,0.9645407867927612,-4.163296434738154,6.09237803434754,2023.4721997070326,1196.3718792114262,827.1003204956066,3438,G006819E45856N,de Tete Rousse,45.856,6.819,0.2570963
1980,462,0.9569686145374819,-4.172157288146969,6.086094540283208,2020.9811617279065,1194.226494796753,826.7546669311532,3280,G006823E45859N,de la Griaz,45.859,6.823,0.409591
1980,464,0.9347352597334351,-4.19654935827637,6.066019895446775,2014.1525884246817,1189.478300888061,824.6742875366206,3290,G006831E45863N,du Bourgeat,45.863,6.831,0.4190935
1980,468,0.8759212954840631,-4.2576461842498805,6.009488785278317,1997.1200384521476,1180.2873542480465,816.832684204101,3647,G006844E45863N,Taconnaz,45.863,6.844,0.031314
1980,484,1.1802679832611047,-3.9744751217041046,6.335011088134761,2075.1597616577137,1192.927559020996,882.2322026367181,3449,G006862E45976N,de la Floria,45.976,6.862,0.9569442
1980,488,0.7979548775053087,-4.340086242446894,5.935995995254523,1974.0971664428728,1166.5618878173832,807.5352786254896,3646,G006865E45868N,Bossons,45.868,6.865,-0.2336539
1980,489,1.213749300467974,-3.943468767929072,6.3709673686981265,2083.6835975646986,1193.9252037048345,889.7583938598646,3709,G006865E45990N,du Mort 2,45.99,6.865,0.8634207
1980,490,1.213749300467974,-3.943468767929072,6.3709673686981265,2083.6835975646986,1193.9252037048345,889.7583938598646,3710,G006865E45990N,du Mort 1,45.99,6.865,0.8557915
1980,491,1.213749300467974,-3.943468767929072,6.3709673686981265,2083.6835975646986,1193.9252037048345,889.7583938598646,3711,G006865E45990N,du Mort 3,45.99,6.865,0.8600622
1980,497,1.1647413006324807,-3.9920465491790735,6.321529149765019,2070.173646240235,1188.2916179809572,881.8820282592783,0,G006871E45984N,des Dards 1,45.984,6.871,0.8315099
1980,498,1.1647413006324807,-3.9920465491790735,6.321529149765019,2070.173646240235,1188.2916179809572,881.8820282592783,0,G006871E45984N,des Dards 1,45.984,6.871,0.8458022
1980,499,1.1647413006324807,-3.9920465491790735,6.321529149765019,2070.173646240235,1188.2916179809572,881.8820282592783,3812,G006871E45984N,des Dards 2,45.984,6.871,0.8949957
1980,500,1.1919130087146648,-3.966096595932018,6.349922613021839,2077.3424993896456,1190.0829008178703,887.2595985717753,3573,G006871E45992N,de Berard,45.992,6.871,0.8867093
1980,503,0.7932800328731624,-4.348276777267448,5.934836835861215,1971.7134857177757,1162.1726608276374,809.5408248901385,3483,G006875E45880N,Rond,45.88,6.875,0.7776194
1980,504,1.139566982856988,-4.017882027587891,6.297015992279052,2062.9471553802487,1184.2273003387452,878.7198550415037,3450,G006877E45985N,du Belvedere,45.985,6.877,0.8847779
1980,506,0.790767298092852,-4.352480325927725,5.934014912872325,1970.4895034790068,1159.9723605346687,810.5171429443378,3265,G006880E45886N,du Telepherique,45.886,6.88,0.8358591
1980,509,0.7512540638704397,-4.391009769393911,5.893517886108408,1959.8230793762232,1156.5465244445809,803.2765549316424,3391,G006882E45877N,Ouest de l'Aiguille du Midi,45.877,6.882,0.2562353
1980,517,0.7407622769956523,-4.403192911804205,5.884717452178948,1956.3820803832991,1153.4134223022456,802.9686580810534,3644,G006888E45882N,Arete Midi Plan,45.882,6.888,0.0870945
1980,518,0.76981512566472,-4.375694647964469,5.915324886367808,1963.961881408694,1154.9329558105474,809.0289255981463,3389,G006889E45892N,des Pelerins,45.892,6.889,0.9496303
1980,524,0.7448896718495013,-4.403641551940907,5.893420878692639,1956.0837798309358,1148.4251489105234,807.6586309204125,3518,G006901E45901N,de Blaitiere,45.901,6.901,0.8434113
1980,526,0.7019290936327098,-4.44657873359679,5.850436900634778,1944.1633018493685,1143.5479710388192,800.6153308105492,3381,G006906E45895N,du Plan,45.895,6.906,0.2926329
1980,527,0.694814525766607,-4.454397450317387,5.844026480682368,1941.96349998474,1141.8639359588622,800.0995640258781,3317,G006909E45897N,du Fou,45.897,6.909,0.6355823
1980,530,0.7142093744511491,-4.436675276290904,5.865094004882801,1946.8111264038057,1141.949700256347,804.8614261474586,3645,G006912E45907N,des Nantillons,45.907,6.912,0.76834
1980,531,0.6786373950381257,-4.473130123855593,5.830404890579222,1936.6507923889155,1136.7603901062012,799.8904022827144,3418,G006919E45906N,de la Republique,45.906,6.919,0.6501299
1980,534,0.6720639572997121,-4.480987682296751,5.82511557287598,1934.40892150879,1134.3146328125001,800.0942886962898,3582,G006924E45911N,de la Thendia,45.911,6.924,0.8885241
1980,535,0.633880759294037,-4.519068701858517,5.786830193176273,1923.8450668334972,1130.152665100098,793.6924017333993,3313,G006928E45905N,de Trelaporte,45.905,6.928,0.7394305
1980,537,0.5342225925407489,-4.617265264602653,5.685710413085946,1896.6745314025902,1121.0563155822758,775.6182158203142,3643,G006934E45883N,Mer de Glace ,45.883,6.934,1.9605918
1980,539,0.6373232637517443,-4.521059570281983,5.795706073089598,1922.9973578643794,1122.804348892212,800.1930089721677,3519,G006947E45933N,des Drus,45.933,6.947,0.7555848
1980,541,0.6381250240643044,-4.521310503723143,5.797560528320314,1922.8617928314216,1121.271805587769,801.5899872436526,3263,G006951E45939N,du Nant Blanc,45.939,6.951,0.6776956
1980,542,0.6723170188412686,-4.488346204696654,5.8329802232666035,1931.9306021118168,1123.1855143432617,808.7450877685551,3639,G006952E45951N,de la Pendant,45.951,6.952,0.7973719
1980,543,0.5806421906101688,-4.578187456970216,5.7394718087768535,1907.1191493988033,1115.8013811492917,791.3177682495113,3284,G006955E45927N,de la Charpoua,45.927,6.955,0.5498779
1980,544,0.6420661229395797,-4.5184765055084295,5.80260872962951,1923.5751930236797,1119.9548320007318,803.6203610229479,3475,G006955E45946N,des Grands Montets,45.946,6.955,0.3137268
1980,547,0.6617549510467005,-4.499813257293706,5.823323140869135,1928.6840564727772,1120.4966379547118,808.1874185180654,3585,G006957E45955N,de Lognan,45.955,6.957,0.7611974
1980,548,0.4284741434311883,-4.727537877426146,5.584486116333009,1865.8810104370123,1103.5147122192384,762.3662982177738,3534,G006960E45887N,de l'Aiguille du Tacul,45.887,6.96,0.4757329
1980,549,0.5044320184955552,-4.6538799356231735,5.6627439348907425,1886.1613623046865,1108.2617887573238,777.8995735473625,3631,G006961E45912N,du Moine,45.912,6.961,0.6020514
1980,553,0.390541601367943,-4.766969717117316,5.5480528679962084,1854.8732122802714,1097.3558189086907,757.5173933715806,3641,G006969E45888N,du Capucin,45.888,6.969,0.5880222
1980,557,0.3730987156596116,-4.786111111434943,5.532308490036003,1849.4697206115702,1092.9904898376458,756.4792307739244,0,G006977E45894N,des Dards 1,45.894,6.977,0.5253235
1980,564,0.5173632838237286,-4.64693202255249,5.681658564147949,1887.6570178985596,1099.6711557769775,787.9858621215822,3638,G006985E45951N,d'Argentiere,45.951,6.985,0.8683193
1980,566,0.5824616851606347,-4.583419188217165,5.7483425440673805,1905.1261964416499,1103.724765045166,801.4014313964838,0,G006986E45973N,des Dards 1,45.973,6.986,0.6019639
1980,567,0.5824616851606347,-4.583419188217165,5.7483425440673805,1905.1261964416499,1103.724765045166,801.4014313964838,3712,G006986E45973N,du Passon 1,45.973,6.986,0.4578686
1980,569,0.6173446436839142,-4.549641687973018,5.784330968261723,1914.3877459716807,1105.3281174316407,809.05962854004,3698,G006988E45987N,du Tour,45.987,6.988,0.8794214
1980,571,0.5508493517208127,-4.615149875717161,5.716848562011722,1896.3138420104988,1100.0034147644044,796.3104272460944,3511,G006990E45969N,Adams Reilly,45.969,6.99,0.4109286
1980,572,0.3643852153448955,-4.798301747634898,5.527072129455556,1845.8556918334934,1086.465200256347,759.3904915771463,3466,G006992E45913N,de Talefre,45.913,6.992,0.8945649
1980,574,0.3014753347702062,-4.860449488098141,5.463400098327639,1828.712536315919,1081.37053704834,747.3419992675788,3258,G006994E45896N,de Pierre Joseph,45.896,6.994,0.3849484
1980,575,0.5192993516016124,-4.646842063217152,5.685440746459973,1887.512915802005,1096.2840864562997,791.2288293457054,3619,G006994E45965N,du Trident,45.965,6.994,0.3498815
1980,577,0.27079955846072223,-4.891974782943716,5.433573837280283,1819.930610656741,1076.9002914428718,743.0303192138692,3301,G007000E45895N,de l'Aiguille de l'Eboulement,45.895,7.0,-0.1439061
1980,579,0.4612367995452902,-4.706893989028929,5.629367565765383,1872.8830371093757,1089.868031616211,783.0150054931645,3640,G007003E45960N,du Chardonnet,45.96,7.003,0.0744447
1980,582,0.42004177372265045,-4.750587690368651,5.590671214385988,1863.9471848754886,1086.7877982788089,777.1593865966801,3356,G007008E45954N,du Milieu,45.954,7.008,-0.0752358
1981,423,0.9068135375385277,-5.796340061660767,7.609967092437743,1919.0935387573238,1082.9832189941405,836.1103197631833,3344,G006776E45799N,de la Berangere,45.799,6.776,-0.5939556
1981,424,0.9320984058608942,-5.775577588851934,7.639774347457878,1928.551597412107,1084.970917053222,843.5806803588848,3601,G006778E45809N,d'Armancette,45.809,6.778,-0.2861169
1981,427,0.9382274282045355,-5.772211510604859,7.648666307334899,1932.1678609313963,1083.8234727478025,848.3443881835938,3650,G006783E45817N,de Covagnet,45.817,6.783,-0.183542
1981,429,0.8242599200935335,-5.869104770874025,7.517624580841061,1892.4044992675774,1071.1243066406246,821.2801926269524,3651,G006784E45784N,de Tre la Tete 1,45.784,6.784,-0.1951217
1981,431,0.946607753028878,-5.765868867950433,7.659084310150155,1935.702589111331,1084.0145294189463,851.6880596923851,3276,G006785E45822N,du Miage 1,45.822,6.785,0.1416981
1981,437,0.9011044205837264,-5.807023510604858,7.6092322932434096,1921.7671038208011,1076.5727941894534,845.1943096313479,3388,G006792E45817N,du Miage 2,45.817,6.792,-0.1657418
1981,447,0.8788103709669184,-5.828558178543085,7.58617886112214,1915.9956041564965,1071.655804595948,844.3397995605487,3579,G006799E45819N,du Miage 3,45.819,6.799,-0.5003108
1981,448,0.9051279739866183,-5.806392850296027,7.616648732032768,1925.2675165100075,1074.5455128478993,850.7220036621078,3649,G006799E45827N,du Miage 4,45.827,6.799,-0.1618387
1981,449,0.9380249777612779,-5.778686189987175,7.654736070671093,1936.857406951908,1078.1576481628426,858.6997587890651,3296,G006799E45837N,du Tricot,45.837,6.799,-0.0944199
1981,459,0.9270090389184844,-5.7930901976165865,7.647108192558275,1936.617486053463,1072.8452055358875,863.7722805175756,3648,G006811E45849N,de Bionnassay,45.849,6.811,-0.485861
1981,460,0.916012618940359,-5.805914160400386,7.637939311141975,1935.1964251098652,1068.9498617553718,866.2465633544936,3438,G006819E45856N,de Tete Rousse,45.856,6.819,-0.3753028
1981,462,0.9087918243970912,-5.813808037307735,7.631391597328191,1933.8845162658706,1066.8231898498539,867.061326416017,3280,G006823E45859N,de la Griaz,45.859,6.823,-0.276231
1981,464,0.8877501053914991,-5.835162873184206,7.610662993659969,1928.9368847961416,1061.8478474426265,867.0890373535152,3290,G006831E45863N,du Bourgeat,45.863,6.831,-0.1831559
1981,468,0.8325784782543155,-5.887371685684206,7.5525285546874965,1913.4773508911126,1051.4066729736323,862.07067791748,3647,G006844E45863N,Taconnaz,45.863,6.844,-0.6180462
1981,484,1.1094767722549406,-5.669489830444339,7.8884432077026325,2017.8445667724598,1078.1480731201168,939.696493652343,3449,G006862E45976N,de la Floria,45.976,6.862,0.3173115
1981,488,0.759048504438406,-5.95891785552978,7.477014777755745,1894.0584805297872,1036.3639022827156,857.6945782470718,3646,G006865E45868N,Bossons,45.868,6.865,-0.8527489
1981,489,1.1395280467987114,-5.646813974761959,7.925869892120369,2029.5815185546894,1080.8632049560554,948.7183135986343,3709,G006865E45990N,du Mort 2,45.99,6.865,0.0195044
1981,490,1.1395280467987114,-5.646813974761959,7.925869892120369,2029.5815185546894,1080.8632049560554,948.7183135986343,3710,G006865E45990N,du Mort 1,45.99,6.865,0.0088421
1981,491,1.1395280467987114,-5.646813974761959,7.925869892120369,2029.5815185546894,1080.8632049560554,948.7183135986343,3711,G006865E45990N,du Mort 3,45.99,6.865,0.0276482
1981,497,1.0934709386043584,-5.688596533447264,7.875538241500859,2015.2516924438492,1073.894594421387,941.357098022462,0,G006871E45984N,des Dards 1,45.984,6.871,0.0436164
1981,498,1.0934709386043584,-5.688596533447264,7.875538241500859,2015.2516924438492,1073.894594421387,941.357098022462,0,G006871E45984N,des Dards 1,45.984,6.871,0.0666163
1981,499,1.0934709386043584,-5.688596533447264,7.875538241500859,2015.2516924438492,1073.894594421387,941.357098022462,3812,G006871E45984N,des Dards 2,45.984,6.871,0.1439087
1981,500,1.1182960418071644,-5.668285205200204,7.904877113876331,2024.1034348754847,1076.8151522827134,947.2882825927713,3573,G006871E45992N,de Berard,45.992,6.871,0.2845492
1981,503,0.7535925137996753,-5.968926925659174,7.476111860275278,1895.3726577758816,1032.7183151245126,862.654342651369,3483,G006875E45880N,Rond,45.88,6.875,0.0853986
1981,504,1.0692135300779335,-5.712510117416382,7.850937010383605,2008.6890248107907,1069.4798652648926,939.209159545898,3450,G006877E45985N,du Belvedere,45.985,6.877,0.1274838
1981,506,0.7506313153839201,-5.974221148223869,7.475483683013927,1895.9640948486358,1030.900341796876,865.0637530517599,3265,G006880E45886N,du Telepherique,45.886,6.88,0.1423562
1981,509,0.7143524623565763,-6.004932923751824,7.4336377593231315,1883.666156250003,1026.0055410766613,857.6606151733417,3391,G006882E45877N,Ouest de l'Aiguille du Midi,45.877,6.882,-0.3258876
1981,517,0.7039664203567445,-6.016878687347417,7.424811436920159,1881.9400467529276,1023.0209374999993,858.9191092529281,3644,G006888E45882N,Arete Midi Plan,45.882,6.888,-0.6371452
1981,518,0.7302381900844657,-5.996146120788568,7.456622403182994,1891.6703670043976,1025.8791256713876,865.7912413330099,3389,G006889E45892N,des Pelerins,45.892,6.889,0.2572436
1981,524,0.7056374474401583,-6.0234778140106116,7.434752608375563,1886.9074309387247,1019.5598451232923,867.3475858154322,3518,G006901E45901N,de Blaitiere,45.901,6.901,0.1742877
1981,526,0.6658505863571275,-6.058727247695914,7.390428325271619,1874.337238769535,1013.3525192260756,860.9847195434594,3381,G006906E45895N,du Plan,45.895,6.906,-0.5600007
1981,527,0.6588792711744271,-6.066251228134159,7.384009674873348,1872.8571222228989,1011.6823689270016,861.1747532958974,3317,G006909E45897N,du Fou,45.897,6.909,-0.048392
1981,530,0.6758520697193043,-6.054558255325325,7.406262293548572,1879.980731140133,1012.9509863281237,867.0297448120093,3645,G006912E45907N,des Nantillons,45.907,6.912,0.0592419
1981,531,0.6423674347572308,-6.086046483856203,7.37078125488281,1870.3602388916008,1006.9776708984375,863.3825679931633,3418,G006919E45906N,de la Republique,45.906,6.919,0.0661473
1981,534,0.6354195178203607,-6.09497721620178,7.3658161517334015,1869.596461730958,1004.8128912353518,864.7835704956062,3582,G006924E45911N,de la Thendia,45.911,6.924,0.1836684
1981,535,0.6002134769725835,-6.125792149887083,7.326219008636478,1858.3102944946304,999.4017700195317,858.9085244750985,3313,G006928E45905N,de Trelaporte,45.905,6.928,0.0450502
1981,537,0.509418974269874,-6.202094615066523,7.220932483444222,1827.6600428466822,986.4904971313485,841.1695457153338,3643,G006934E45883N,Mer de Glace ,45.883,6.934,0.3683532
1981,539,0.5988841913576117,-6.14042575102234,7.338194027976989,1864.5622847595212,994.5202561950682,870.042028564453,3519,G006947E45933N,des Drus,45.933,6.947,0.158907
1981,541,0.5985578628950137,-6.143702754837035,7.340818372840884,1865.889921051026,993.5387098693851,872.3512111816408,3263,G006951E45939N,du Nant Blanc,45.939,6.951,0.0828408
1981,542,0.6288360258808152,-6.120625074966429,7.378297012481691,1877.2138639526374,997.172508544922,880.0413554077152,3639,G006952E45951N,de la Pendant,45.951,6.952,0.0303157
1981,543,0.5461684892606721,-6.187967997207643,7.280304876136778,1848.369068756103,985.9074989318846,862.4615698242185,3284,G006955E45927N,de la Charpoua,45.927,6.955,-0.1648152
1981,544,0.6009926411247191,-6.1448657176208545,7.346850889587395,1868.2277362060524,992.9293029785147,875.2984332275377,3475,G006955E45946N,des Grands Montets,45.946,6.955,-0.3240084
1981,547,0.6179972628068882,-6.133073223342898,7.369067634391779,1875.1218626403793,994.6589408874506,880.4629217529287,3585,G006957E45955N,de Lognan,45.955,6.957,0.0421414
1981,548,0.4092184281253829,-6.299176200942992,7.117612981414798,1800.5278378295905,967.1153442382813,833.4124935913089,3534,G006960E45887N,de l'Aiguille du Tacul,45.887,6.96,-0.2632927
1981,549,0.4766606394138295,-6.247038800170902,7.200359989700312,1825.3415421752916,975.560711975097,849.7808302001945,3631,G006961E45912N,du Moine,45.912,6.961,-0.0458631
1981,553,0.37331220446967417,-6.333792534912115,7.080416869888298,1790.7025004272436,960.2687258911124,830.4337745361314,3641,G006969E45888N,du Capucin,45.888,6.969,-0.0109481
1981,557,0.3558130636749207,-6.35337841372681,7.065004466094964,1787.2179179687478,956.0785809326162,831.1393370361316,0,G006977E45894N,des Dards 1,45.894,6.977,-0.3301599
1981,564,0.4812602858018875,-6.262502387466431,7.225022857475281,1835.852075042725,970.8235221862793,865.0285528564455,3638,G006985E45951N,d'Argentiere,45.951,6.985,-0.035508
1981,566,0.5385017293319684,-6.219088984786988,7.296092331161496,1857.0954411621087,978.1921047973631,878.9033363647454,0,G006986E45973N,des Dards 1,45.973,6.986,-0.002625
1981,567,0.5385017293319684,-6.219088984786988,7.296092331161496,1857.0954411621087,978.1921047973631,878.9033363647454,3712,G006986E45973N,du Passon 1,45.973,6.986,-0.1534026
1981,569,0.5686433689327273,-6.197556722854611,7.33484334228516,1868.852260803224,981.7962579345707,887.0560028686532,3698,G006988E45987N,du Tour,45.987,6.988,0.132734
1981,571,0.5092065736961389,-6.245193023910521,7.263606062698368,1847.9390509033215,973.5172286987308,874.4218222045905,3511,G006990E45969N,Adams Reilly,45.969,6.99,-0.146165
1981,572,0.3439511878032593,-6.3742765716400225,7.062178867034901,1788.386650451657,951.115432128905,837.2712183227518,3466,G006992E45913N,de Talefre,45.913,6.992,0.1129151
1981,574,0.28786887158203445,-6.419061737915037,6.994799409790042,1768.6506661376961,943.1962774658208,825.4543886718757,3258,G006994E45896N,de Pierre Joseph,45.896,6.994,-0.1539926
1981,575,0.4799943347168074,-6.2711940630340495,7.231182627487195,1838.8060034179725,968.8406387329115,869.965364685061,3619,G006994E45965N,du Trident,45.965,6.994,-0.1399705
1981,577,0.25912311673165234,-6.4459191226959165,6.964165287017833,1760.35869598389,938.0158996582043,822.3427963256856,3301,G007000E45895N,de l'Aiguille de l'Eboulement,45.895,7.0,-0.940138
1981,579,0.42551782510757624,-6.322738957901,7.173774507980349,1824.5332489013679,961.0615869140628,863.4716619873052,3640,G007003E45960N,du Chardonnet,45.96,7.003,-0.4374198
1981,582,0.3872371693344132,-6.359253072479247,7.133727313873292,1815.7753753662114,956.8878208007815,858.88755456543,3356,G007008E45954N,du Milieu,45.954,7.008,-0.7329984
1982,423,1.5914820046052924,-4.587329169555664,7.770293328460692,1989.5945040588376,1304.3913121643068,685.203191894531,3344,G006776E45799N,de la Berangere,45.799,6.776,-0.3488936
1982,424,1.6156909512309963,-4.5640009014205996,7.795382937271111,1999.5293779602023,1305.7996426696773,693.7297352905251,3601,G006778E45809N,d'Armancette,45.809,6.778,-0.3696893
1982,427,1.6186071173109997,-4.564314007419588,7.80152836377716,2002.4702583618161,1303.4092136535642,699.061044708252,3650,G006783E45817N,de Covagnet,45.817,6.783,-0.1852445
1982,429,1.502776627716062,-4.682574050354007,7.6881274811706515,1958.6216597290029,1290.8469634399414,667.7746962890616,3651,G006784E45784N,de Tre la Tete 1,45.784,6.784,-0.1549691
1982,431,1.6257758876371469,-4.558364091949454,7.809915981597909,2005.950014343265,1303.085133666993,702.8648806762722,3276,G006785E45822N,du Miage 1,45.822,6.785,-0.3125013
1982,437,1.5752267434797302,-4.614315944152831,7.764769555877686,1989.2421142272956,1294.0886562194826,695.1534580078128,3388,G006792E45817N,du Miage 2,45.817,6.792,-0.14835
1982,447,1.5481488899197648,-4.646465464900963,7.742763368888863,1981.5118452758818,1287.5420905456547,693.9697547302268,3579,G006799E45819N,du Miage 3,45.819,6.799,-0.2921581
1982,448,1.5747986387104909,-4.619501966945657,7.769099356620781,1991.7449956665012,1290.3531176452627,701.3918780212384,3649,G006799E45827N,du Miage 4,45.827,6.799,-0.3441965
1982,449,1.6081108246989344,-4.5857975945014875,7.802019341285716,2004.5364336547889,1293.866901519776,710.6695321350127,3296,G006799E45837N,du Tricot,45.837,6.799,-0.1788391
1982,459,1.5894069495043648,-4.613169596057903,7.791983581947315,2002.1190360717735,1285.709446319579,716.4095897521943,3648,G006811E45849N,de Bionnassay,45.849,6.811,-0.148542
1982,460,1.5733009599647578,-4.635206575828546,7.7818085783233695,1999.1810447387718,1279.9392383422858,719.2418063964859,3438,G006819E45856N,de Tete Rousse,45.856,6.819,-0.3204024
1982,462,1.5635168871502916,-4.6479999717979394,7.775033827507023,1997.0623523559589,1276.882618133545,720.1797342224135,3280,G006823E45859N,de la Griaz,45.859,6.823,-0.1799796
1982,464,1.5372688459916082,-4.680351554882053,7.754889329002378,1990.2639800415027,1270.0677337341303,720.1962463073726,3290,G006831E45863N,du Bourgeat,45.863,6.831,-0.1887189
1982,468,1.473303295691487,-4.7543643446807895,7.700971027709959,1970.9548393859855,1256.6878876037592,714.266951782226,3647,G006844E45863N,Taconnaz,45.863,6.844,-0.1306919
1982,484,1.7456275790863003,-4.497267018173222,7.988522174255367,2086.359736389159,1278.8579512329097,807.5017851562491,3449,G006862E45976N,de la Floria,45.976,6.862,-0.131643
1982,488,1.3859102666187342,-4.858057842521662,7.629878478164679,1946.0474966430688,1236.8770846557622,709.1704119873066,3646,G006865E45868N,Bossons,45.868,6.865,-0.2566895
1982,489,1.7747471244573645,-4.4709366134643505,8.02043085250855,2099.385539245608,1280.8652740478522,818.5202651977556,3709,G006865E45990N,du Mort 2,45.99,6.865,-0.2265999
1982,490,1.7747471244573645,-4.4709366134643505,8.02043085250855,2099.385539245608,1280.8652740478522,818.5202651977556,3710,G006865E45990N,du Mort 1,45.99,6.865,-0.2423266
1982,491,1.7747471244573645,-4.4709366134643505,8.02043085250855,2099.385539245608,1280.8652740478522,818.5202651977556,3711,G006865E45990N,du Mort 3,45.99,6.865,-0.2109425
1982,497,1.7245170949897801,-4.526305548149106,7.975339744400028,2082.687392395021,1272.6275928344728,810.0597995605482,0,G006871E45984N,des Dards 1,45.984,6.871,-0.1044304
1982,498,1.7245170949897801,-4.526305548149106,7.975339744400028,2082.687392395021,1272.6275928344728,810.0597995605482,0,G006871E45984N,des Dards 1,45.984,6.871,-0.091015
1982,499,1.7245170949897801,-4.526305548149106,7.975339744400028,2082.687392395021,1272.6275928344728,810.0597995605482,3812,G006871E45984N,des Dards 2,45.984,6.871,-0.0425177
1982,500,1.7499098438720595,-4.501064049461377,8.000883736526479,2092.7261463012655,1275.5187410278306,817.2074052734349,3573,G006871E45992N,de Berard,45.992,6.871,-0.1429374
1982,503,1.3745812559127888,-4.877421488761894,7.626584100723274,1946.2193679809604,1230.9352493286142,715.284118652346,3483,G006875E45880N,Rond,45.88,6.875,-0.2366398
1982,504,1.6965711895394318,-4.559498484020233,7.952640879173279,2074.7832800292963,1266.9154933166506,807.8677867126461,3450,G006877E45985N,du Belvedere,45.985,6.877,-0.0270047
1982,506,1.3687203443241212,-4.887372374267569,7.624813162689218,1946.2749291992225,1227.9768505859386,718.2980786132838,3265,G006880E45886N,du Telepherique,45.886,6.88,-0.2206554
1982,509,1.3304283093891236,-4.926997195487966,7.587853922866831,1932.028581207279,1222.6584987487806,709.3700824584985,3391,G006882E45877N,Ouest de l'Aiguille du Midi,45.877,6.882,-0.2334204
1982,517,1.316407408498758,-4.945886247314459,7.5787011744079535,1929.333854858396,1218.3136605224604,711.0201943359357,3644,G006888E45882N,Arete Midi Plan,45.882,6.888,-0.2863346
1982,518,1.3427936416454398,-4.920622592308037,7.60620997944642,1940.329817443851,1220.9260575561532,719.4037598876978,3389,G006889E45892N,des Pelerins,45.892,6.889,-0.1689506
1982,524,1.3109667046322935,-4.962392966274249,7.58432648564912,1933.5910222168013,1211.9139353332534,721.677086883548,3518,G006901E45901N,de Blaitiere,45.901,6.901,-0.16061
1982,526,1.2673636540699116,-5.009730756263722,7.544458183212291,1918.642114105229,1204.5966975402846,714.0454165649443,3381,G006906E45895N,du Plan,45.895,6.906,-0.2005689
1982,527,1.2585752063126525,-5.021014464275364,7.538164997642513,1916.6377980957016,1202.2557528381344,714.3820452575671,3317,G006909E45897N,du Fou,45.897,6.909,-0.1977163
1982,530,1.2744375283250704,-5.008073131500254,7.556948306793202,1924.557488067623,1202.8532500305164,721.7042380371063,3645,G006912E45907N,des Nantillons,45.907,6.912,-0.2239837
1982,531,1.2362530502996427,-5.051858650833131,7.524364878295897,1912.8176658325187,1195.3234897460939,717.4941760864249,3418,G006919E45906N,de la Republique,45.906,6.919,-0.3225504
1982,534,1.2264738836965585,-5.065984171157836,7.518932068847659,1911.5032973937998,1192.0511302795412,719.4521671142588,3582,G006924E45911N,de la Thendia,45.911,6.924,-0.2748893
1982,535,1.188074957976345,-5.107240023956296,7.483390077056889,1898.0835820007337,1185.745028533936,712.338553466798,3313,G006928E45905N,de Trelaporte,45.905,6.928,-0.2920824
1982,537,1.0911970554428172,-5.207423708427422,7.38981797023011,1861.947815765384,1171.4613190002449,690.486496765139,3643,G006934E45883N,Mer de Glace ,45.883,6.934,-0.2580785
1982,539,1.1770760821356765,-5.135814834598542,7.489967150703429,1904.0106618041991,1176.7158915100097,727.2947702941892,3519,G006947E45933N,des Drus,45.933,6.947,-0.2162999
1982,541,1.174780394466879,-5.141928959041593,7.491489904045107,1905.3419578247076,1174.8730922546392,730.4688655700686,3263,G006951E45939N,du Nant Blanc,45.939,6.951,-0.2546088
1982,542,1.2056620493440646,-5.11289308453369,7.524217338592532,1918.5610765686042,1178.3263714904788,740.2347050781254,3639,G006952E45951N,de la Pendant,45.951,6.952,-0.2427971
1982,543,1.1185458965802177,-5.200459707393648,7.4375516639327985,1884.5801486206049,1166.3215684509275,718.2585801696773,3284,G006955E45927N,de la Charpoua,45.927,6.955,-0.0064099
1982,544,1.1753707379293377,-5.145282520980841,7.496024157409661,1907.8835488891573,1173.410047607421,734.4735012817365,3475,G006955E45946N,des Grands Montets,45.946,6.955,-0.2620157
1982,547,1.1920453725123363,-5.131082625141148,7.51517353244781,1915.8892657470683,1174.7349046325678,741.1543611145005,3585,G006957E45955N,de Lognan,45.955,6.957,-0.2529454
1982,548,0.9740506419229522,-5.345447412567138,7.293548870391847,1828.0532667541509,1146.2690516662599,681.784215087891,3534,G006960E45887N,de l'Aiguille du Tacul,45.887,6.96,-0.1876328
1982,549,1.0435200243453937,-5.279059330299382,7.36609955149841,1857.1715930786117,1154.590982238769,702.5806108398428,3631,G006961E45912N,du Moine,45.912,6.961,-0.2068973
1982,553,0.9322556534843375,-5.394470577705391,7.258982067062371,1815.8342713012669,1137.411151916503,678.4231193847639,3641,G006969E45888N,du Capucin,45.888,6.969,-0.3753757
1982,557,0.9101124038762982,-5.423585076477057,7.243810074432366,1811.1986437377902,1131.4620484619131,679.7365952758773,0,G006977E45894N,des Dards 1,45.894,6.977,-0.1048466
1982,564,1.0369505855822563,-5.3094534510993965,7.383354826698303,1868.5654833984377,1144.7660905456542,723.7993928527835,3638,G006985E45951N,d'Argentiere,45.951,6.985,-0.2257418
1982,566,1.0961469788951854,-5.253559347068787,7.445853513381955,1893.803179107665,1152.0516906433104,741.7514884643547,0,G006986E45973N,des Dards 1,45.973,6.986,-0.0180648
1982,567,1.0961469788951854,-5.253559347068787,7.445853513381955,1893.803179107665,1152.0516906433104,741.7514884643547,3712,G006986E45973N,du Passon 1,45.973,6.986,-0.0876762
1982,569,1.1266887379255328,-5.226327950881955,7.479705640502933,1907.7732977600112,1155.311208282471,752.4620894775403,3698,G006988E45987N,du Tour,45.987,6.988,-0.1525427
1982,571,1.0638474591636682,-5.288845637550351,7.416540770492556,1882.854677886964,1146.48423324585,736.3704446411142,3511,G006990E45969N,Adams Reilly,45.969,6.99,-0.2323259
1982,572,0.8905819245519543,-5.45729909475709,7.238463152252187,1811.8280734558066,1123.2747113952626,688.5533620605441,3466,G006992E45913N,de Talefre,45.913,6.992,-0.1407568
1982,574,0.8311264216766392,-5.516371604629513,7.178624655517581,1788.1970347290053,1114.795637268067,673.4013974609383,3258,G006994E45896N,de Pierre Joseph,45.896,6.994,-0.2881142
1982,575,1.0316177727604023,-5.324036261405934,7.38727202735902,1871.9169764709518,1140.9123246765153,731.0046517944365,3619,G006994E45965N,du Trident,45.965,6.994,-0.268226
1982,577,0.7982791882753463,-5.553892822265617,7.150451412200937,1778.0069923400918,1108.2685279846203,669.7384643554714,3301,G007000E45895N,de l'Aiguille de l'Eboulement,45.895,7.0,-0.3306246
1982,579,0.9718206652116794,-5.39102719566345,7.334668753738406,1853.8973780822762,1131.2830021667482,722.614375915528,3640,G007003E45960N,du Chardonnet,45.96,7.003,-0.2512478
1982,582,0.9313213747577683,-5.435119224365232,7.2977621978454605,1841.9100867919929,1126.2112474365238,715.6988393554692,3356,G007008E45954N,du Milieu,45.954,7.008,-0.1882626
1983,423,1.1715874436154354,-5.153206098052979,7.496381100708008,2028.8354721069331,1064.307951904297,964.5275202026364,3344,G006776E45799N,de la Berangere,45.799,6.776,-0.1082638
1983,424,1.199182221314423,-5.126166525512703,7.524531058013909,2038.5159530639621,1066.2388218383785,972.277131225584,3601,G006778E45809N,d'Armancette,45.809,6.778,-0.0521553
1983,427,1.2078325016162388,-5.116054293258669,7.531719368728637,2041.89680480957,1065.4587227478025,976.4380820617677,3650,G006783E45817N,de Covagnet,45.817,6.783,0.0153982
1983,429,1.0873324580345123,-5.229942277496341,7.404607354034421,2000.6162109374989,1054.0158017578124,946.6004091796865,3651,G006784E45784N,de Tre la Tete 1,45.784,6.784,-0.1729732
1983,431,1.2176142915797323,-5.106050131378165,7.541278775100717,2045.4047317504915,1065.7257275390632,979.6790042114282,3276,G006785E45822N,du Miage 1,45.822,6.785,-0.1776729
1983,437,1.1724088540949835,-5.146328508941649,7.4911462963256845,2030.4300308227544,1059.3299636230472,971.1000671997073,3388,G006792E45817N,du Miage 2,45.817,6.792,-0.0185389
1983,447,1.1518765399668294,-5.163262623184197,7.4670157826080406,2023.9031066894556,1055.205508941651,968.6975977478048,3579,G006799E45819N,du Miage 3,45.819,6.799,-0.0104218
1983,448,1.1799541868536394,-5.136812631362923,7.496721064102165,2033.4698181152319,1057.774940826415,975.6948772888165,3649,G006799E45827N,du Miage 4,45.827,6.799,-0.2245475
1983,449,1.2150512454621893,-5.1037501415862945,7.53385266596986,2045.4282073974646,1060.986730682374,984.4414767150906,3296,G006799E45837N,du Tricot,45.837,6.799,-0.1437573
1983,459,1.2093591855504398,-5.105540772811901,7.524259158340442,2044.067367553707,1056.5427192077627,987.5246483459443,3648,G006811E45849N,de Bionnassay,45.849,6.811,-0.1020759
1983,460,1.2018444084205688,-5.110441816894526,7.514130638900764,2041.8104934692403,1053.2127532348638,988.5977402343764,3438,G006819E45856N,de Tete Rousse,45.856,6.819,-0.151389
1983,462,1.196287088783507,-5.11463140077209,7.507205580337529,2040.051177978517,1051.3772994689944,988.6738785095228,3280,G006823E45859N,de la Griaz,45.859,6.823,0.0155702
1983,464,1.178141016949889,-5.1296459831085235,7.485928017837522,2034.1320800781239,1047.0613989562983,987.0706811218256,3290,G006831E45863N,du Bourgeat,45.863,6.831,0.0676719
1983,468,1.1260749684615108,-5.175088423553469,7.427238375061032,2016.911979675292,1038.0117799072264,978.9001997680658,3647,G006844E45863N,Taconnaz,45.863,6.844,0.1178987
1983,484,1.4398832359619105,-4.884795523773197,7.764561784484859,2120.3773956298814,1059.4299342041013,1060.9474614257806,3449,G006862E45976N,de la Floria,45.976,6.862,-0.0983233
1983,488,1.0590209444952075,-5.232909508666986,7.3509514237213205,1994.71154022217,1024.8903652954107,969.8211749267595,3646,G006865E45868N,Bossons,45.868,6.865,-0.1049396
1983,489,1.4751060862898886,-4.852612717437739,7.802824654006964,2131.757698059084,1061.422064208985,1070.3356338500992,3709,G006865E45990N,du Mort 2,45.99,6.865,-0.1744461
1983,490,1.4751060862898886,-4.852612717437739,7.802824654006964,2131.757698059084,1061.422064208985,1070.3356338500992,3710,G006865E45990N,du Mort 1,45.99,6.865,-0.1417824
1983,491,1.4751060862898886,-4.852612717437739,7.802824654006964,2131.757698059084,1061.422064208985,1070.3356338500992,3711,G006865E45990N,du Mort 3,45.99,6.865,-0.1761943
1983,497,1.4295215076484722,-4.894368956176754,7.753411759201055,2116.2723770141615,1055.2095488891605,1061.062828125001,0,G006871E45984N,des Dards 1,45.984,6.871,-0.1389986
1983,498,1.4295215076484722,-4.894368956176754,7.753411759201055,2116.2723770141615,1055.2095488891605,1061.062828125001,0,G006871E45984N,des Dards 1,45.984,6.871,-0.133633
1983,499,1.4295215076484722,-4.894368956176754,7.753411759201055,2116.2723770141615,1055.2095488891605,1061.062828125001,3812,G006871E45984N,des Dards 2,45.984,6.871,-0.1033222
1983,500,1.456733654214848,-4.8695689614257915,7.783036040695178,2125.2062759399378,1057.5892600707996,1067.6170158691382,3573,G006871E45992N,de Berard,45.992,6.871,-0.1385399
1983,503,1.0596411025524226,-5.230945968627922,7.350228185653696,1994.7584915161162,1021.4664077758796,973.2920837402364,3483,G006875E45880N,Rond,45.88,6.875,-0.2300971
1983,504,1.4077926353943337,-4.914339262161256,7.729924329452514,2108.6371765136714,1051.0891621398926,1057.548014373779,3450,G006877E45985N,du Belvedere,45.985,6.877,-0.055556
1983,506,1.0598159471559623,-5.230222010650626,7.349853910369884,1994.6830902099643,1019.724785156251,974.9583050537132,3265,G006880E45886N,du Telepherique,45.886,6.88,-0.1931224
1983,509,1.0212717590131857,-5.264961326782218,7.307504871002209,1982.0414352417024,1015.6728179321298,966.3686173095725,3391,G006882E45877N,Ouest de l'Aiguille du Midi,45.877,6.882,-0.0579831
1983,517,1.0139949265012673,-5.270918877838141,7.298908753875725,1979.4917144775368,1012.927725585937,966.5639888915998,3644,G006888E45882N,Arete Midi Plan,45.882,6.888,0.2499804
1983,518,1.0437060107164475,-5.243984507812492,7.331396533462534,1989.1158370971712,1015.1406941528327,973.9751429443381,3389,G006889E45892N,des Pelerins,45.892,6.889,-0.2750668
1983,524,1.0253300980494144,-5.2598016911773575,7.31046188902284,1982.5920410156286,1009.2608202209485,973.3312207946806,3518,G006901E45901N,de Blaitiere,45.901,6.901,-0.218971
1983,526,0.9849256369543192,-5.295822257385243,7.265673550872815,1969.2904739379924,1004.0020016479504,965.2884722900417,3381,G006906E45895N,du Plan,45.895,6.906,-0.0496578
1983,527,0.9794549836246924,-5.300601683181767,7.259511670028681,1967.3611145019518,1002.4519031066891,964.9092113952627,3317,G006909E45897N,du Fou,45.897,6.909,-0.081601
1983,530,1.0006855912556534,-5.28155507083131,7.282926258178698,1973.9921188354456,1003.1695278320303,970.8225910034153,3645,G006912E45907N,des Nantillons,45.907,6.912,-0.0934459
1983,531,0.9688578311362244,-5.3098688669128435,7.247584545150755,1963.3173751831046,997.913554321289,965.4038208618158,3418,G006919E45906N,de la Republique,45.906,6.919,-0.1380772
1983,534,0.9651187692084343,-5.3132217294616675,7.24345928155518,1961.750602722169,995.7621505126956,965.9884522094735,3582,G006924E45911N,de la Thendia,45.911,6.924,-0.2891378
1983,535,0.9289147273802798,-5.345374328155514,7.203203812561039,1949.9164810180678,991.2422753906253,958.6742056274423,3313,G006928E45905N,de Trelaporte,45.905,6.928,-0.2602559
1983,537,0.831754794160851,-5.431299316040032,7.094808979766855,1918.6463699340845,980.8948350219732,937.7515349121113,3643,G006934E45883N,Mer de Glace ,45.883,6.934,0.6652951
1983,539,0.943664086537122,-5.3333719769744885,7.220700158828734,1952.8026885986326,985.3811434020995,967.421545196533,3519,G006947E45933N,des Drus,45.933,6.947,-0.1659152
1983,541,0.9469108942606467,-5.330931349746702,7.224753143325808,1953.3696594238288,984.1311026916507,969.238556732178,3263,G006951E45939N,du Nant Blanc,45.939,6.951,-0.1547625
1983,542,0.9821493037076016,-5.300229007965086,7.264527602661135,1964.2945175170905,986.6593586425782,977.6351588745122,3639,G006952E45951N,de la Pendant,45.951,6.952,-0.0698961
1983,543,0.8911301855242236,-5.380096968154909,7.162357369461058,1935.4437561035152,978.008918609619,957.4348374938962,3284,G006955E45927N,de la Charpoua,45.927,6.955,0.0306508
1983,544,0.953360876481526,-5.325768847503668,7.232490600509635,1954.9083480834938,983.1350482177727,971.773299865721,3475,G006955E45946N,des Grands Montets,45.946,6.955,-0.1673187
1983,547,0.9745519316232154,-5.307552701644902,7.256656553878779,1961.277023315428,984.1103605651853,977.166662750243,3585,G006957E45955N,de Lognan,45.955,6.957,-0.0833685
1983,548,0.7399124887299554,-5.512293570098875,6.99211864746094,1887.710716247559,963.6969189453126,924.0137973022465,3534,G006960E45887N,de l'Aiguille du Tacul,45.887,6.96,0.0534345
1983,549,0.8175284429569201,-5.444803209777836,7.079860157974238,1911.8062362670885,969.6883903198237,942.1178459472646,3631,G006961E45912N,du Moine,45.912,6.961,-0.1799398
1983,553,0.7067964632911609,-5.541553199401862,6.955146235244743,1876.5608749389626,957.625837829589,918.9350371093735,3641,G006969E45888N,du Capucin,45.888,6.969,-0.2234319
1983,557,0.6939087504439287,-5.553312569488531,6.941130180618279,1871.7458572387673,953.5662663574212,918.1795908813461,0,G006977E45894N,des Dards 1,45.894,6.977,-0.064769
1983,564,0.8456180780446533,-5.423901630477905,7.1151378267669685,1917.3915252685547,962.7307402038574,954.6607850646974,3638,G006985E45951N,d'Argentiere,45.951,6.985,0.1886436
1983,566,0.9125125812845206,-5.36669668310547,7.191721856719967,1937.758903503417,967.7165144653319,970.0423890380853,0,G006986E45973N,des Dards 1,45.973,6.986,-0.0858329
1983,567,0.9125125812845206,-5.36669668310547,7.191721856719967,1937.758903503417,967.7165144653319,970.0423890380853,3712,G006986E45973N,du Passon 1,45.973,6.986,-0.1238283
1983,569,0.9493318368945164,-5.335610223358151,7.234273892272954,1948.702720642091,969.8767789306642,978.8259417114268,3698,G006988E45987N,du Tour,45.987,6.988,0.3442386
1983,571,0.8829402791595489,-5.392975845031736,7.158856426849369,1928.0330123901376,963.7540182495119,964.2789941406259,3511,G006990E45969N,Adams Reilly,45.969,6.99,-0.0695835
1983,572,0.6943081892905131,-5.554763861358651,6.943380343078601,1870.0578994750945,947.8658164062492,922.1920830688452,3466,G006992E45913N,de Talefre,45.913,6.992,0.0618236
1983,574,0.6314639025344884,-5.608751619598385,6.871679553466801,1850.6114959716808,942.0724691162113,908.5390268554695,3258,G006994E45896N,de Pierre Joseph,45.896,6.994,-0.0784174
1983,575,0.853416060385716,-5.419163340454091,7.125995496978773,1918.342277526859,959.8020620727549,958.5402154541041,3619,G006994E45965N,du Trident,45.965,6.994,-0.0821179
1983,577,0.6039282205700974,-5.633022708892813,6.840879287719739,1841.4712142944368,937.5755310058602,903.8956832885765,3301,G007000E45895N,de l'Aiguille de l'Eboulement,45.895,7.0,0.2586069
1983,579,0.7989439771842979,-5.4701388029479965,7.068026811828616,1902.5925787353524,953.1862335205079,949.4063452148444,3640,G007003E45960N,du Chardonnet,45.96,7.003,0.0448277
1983,582,0.7581864772539159,-5.50977847024536,7.026151489959719,1893.0784444580083,950.0488891601564,943.029555297852,3356,G007008E45954N,du Milieu,45.954,7.008,0.1331747
1984,423,0.41848353073143857,-4.977010434799195,5.813977531753539,1788.2764037170407,990.9881087341308,797.2882949829099,3344,G006776E45799N,de la Berangere,45.799,6.776,1.4238321
1984,424,0.4453961647839475,-4.954048960342413,5.844841331603996,1796.149317352293,991.866806976318,804.2825103759747,3601,G006778E45809N,d'Armancette,45.809,6.778,1.6012717
1984,427,0.45182599717891114,-4.9495053038787855,5.853157342628478,1798.3326075134278,989.8696932373044,808.462914276123,3650,G006783E45817N,de Covagnet,45.817,6.783,1.8058331
1984,429,0.3297729549202889,-5.055505292816164,5.7150512248840295,1763.3615636596671,980.886804748535,782.4747589111321,3651,G006784E45784N,de Tre la Tete 1,45.784,6.784,2.359916
1984,431,0.46078122052670434,-4.942169983291619,5.8637324707794285,1801.0344714355494,989.5204791259771,811.5139923095724,3276,G006785E45822N,du Miage 1,45.822,6.785,0.7744253
1984,437,0.4119571225383296,-4.985966879348754,5.809881163497926,1787.4814320983892,982.7128972473147,804.7685348510744,3388,G006792E45817N,du Miage 2,45.817,6.792,1.8834062
1984,447,0.388036362141736,-5.008200454635614,5.784273214897164,1781.071652008059,977.64648034668,803.4251716613788,3579,G006799E45819N,du Miage 3,45.819,6.799,1.9219483
1984,448,0.4163898194371381,-4.983698743209846,5.816478422233573,1789.1917440490702,979.646400268554,809.5453437805162,3649,G006799E45827N,du Miage 4,45.827,6.799,0.8190798
1984,449,0.4518316410564284,-4.9530716039276035,5.856734931404126,1799.341859100345,982.1463001708989,817.1955589294457,3296,G006799E45837N,du Tricot,45.837,6.799,1.3153336
1984,459,0.4406873277076367,-4.965616472702036,5.8469911692581045,1796.844325775143,975.6518674316399,821.1924583435034,3648,G006811E45849N,de Bionnassay,45.849,6.811,1.2354083
1984,460,0.42952547839666017,-4.977291079025263,5.836342072387702,1794.0879346313493,971.0897855224614,822.9981491088879,3438,G006819E45856N,de Tete Rousse,45.856,6.819,1.5199387
1984,462,0.42213215017807926,-4.984713020553585,5.8289773546676695,1792.1858710021986,968.6875059814455,823.4983650207531,3280,G006823E45859N,de la Griaz,45.859,6.823,1.7697824
1984,464,0.4002463794218268,-5.0056965398407005,5.806189325706478,1786.3473574523914,963.3839686279292,822.9633888244624,3290,G006831E45863N,du Bourgeat,45.863,6.831,1.8009179
1984,468,0.34185444279741944,-5.059425335922244,5.743134235580441,1770.3472821350088,953.1212521667476,817.2260299682612,3647,G006844E45863N,Taconnaz,45.863,6.844,1.6013949
1984,484,0.6519305013008081,-4.800376056518558,6.10423705136108,1859.0068568725574,968.0516017456051,890.9552551269525,3449,G006862E45976N,de la Floria,45.976,6.862,0.8653998
1984,488,0.26480648021817843,-5.131490532302851,5.661103485565193,1749.3960787963883,937.8342883300785,811.5617904663101,3646,G006865E45868N,Bossons,45.868,6.865,1.161224
1984,489,0.6863768337726652,-4.772140161514278,6.144893814468391,1868.8358398437517,969.3412872314457,899.494552612306,3709,G006865E45990N,du Mort 2,45.99,6.865,0.8820881
1984,490,0.6863768337726652,-4.772140161514278,6.144893814468391,1868.8358398437517,969.3412872314457,899.494552612306,3710,G006865E45990N,du Mort 1,45.99,6.865,1.0169829
1984,491,0.6863768337726652,-4.772140161514278,6.144893814468391,1868.8358398437517,969.3412872314457,899.494552612306,3711,G006865E45990N,du Mort 3,45.99,6.865,0.8381811
1984,497,0.6377181789019148,-4.815900446395871,6.0913367775878955,1855.1811353149426,963.1460294189453,892.035105895997,0,G006871E45984N,des Dards 1,45.984,6.871,0.6202646
1984,498,0.6377181789019148,-4.815900446395871,6.0913367775878955,1855.1811353149426,963.1460294189453,892.035105895997,0,G006871E45984N,des Dards 1,45.984,6.871,0.6223951
1984,499,0.6377181789019148,-4.815900446395871,6.0913367775878955,1855.1811353149426,963.1460294189453,892.035105895997,3812,G006871E45984N,des Dards 2,45.984,6.871,0.6187267
1984,500,0.6652976365406401,-4.79242173789979,6.123016983459459,1862.9870711059539,965.2180723876943,897.7689987182596,3573,G006871E45992N,de Berard,45.992,6.871,0.7578837
1984,503,0.26112710490823676,-5.1377763652801445,5.660030555725108,1748.7437820434593,933.0602264404303,815.6835556030292,3483,G006875E45880N,Rond,45.88,6.875,1.1079738
1984,504,0.613231861947178,-4.839063579940797,6.065527264671324,1848.3729869079589,958.7600527954102,889.6129341125486,3450,G006877E45985N,du Belvedere,45.985,6.877,0.6924909
1984,506,0.2591664798069101,-5.141079125976554,5.659412059326184,1748.3685467529326,930.6844647216806,817.684082031252,3265,G006880E45886N,du Telepherique,45.886,6.88,1.0581106
1984,509,0.21922743381644286,-5.175664511184683,5.614119352050793,1737.1542256774928,926.767900604249,810.386325073244,3391,G006882E45877N,Ouest de l'Aiguille du Midi,45.877,6.882,1.8529192
1984,517,0.2092873765954904,-5.186088376159674,5.604663094543449,1734.5561110839824,923.347450195312,811.2086608886705,3644,G006888E45882N,Arete Midi Plan,45.882,6.888,1.9390094
1984,518,0.2390026050798985,-5.161226408157341,5.639231579620372,1742.9742191772486,925.1729816894536,817.8012374877949,3389,G006889E45892N,des Pelerins,45.892,6.889,0.6808453
1984,524,0.2152988086000804,-5.185506269760121,5.616103829826369,1736.649533172611,918.1081353149425,818.5413978576685,3518,G006901E45901N,de Blaitiere,45.901,6.901,0.8881505
1984,526,0.17218265319586998,-5.223744701766957,5.568109946899428,1724.652114410404,912.6044001770031,812.0477142334007,3381,G006906E45895N,du Plan,45.895,6.906,1.8806561
1984,527,0.16537133041011853,-5.230579457626346,5.561322052452082,1722.817462738036,910.7756284790037,812.0418342590322,3317,G006909E45897N,du Fou,45.897,6.909,1.6811223
1984,530,0.18568259046577248,-5.214539360885629,5.585904467178331,1728.603307403561,911.0614723815909,817.5418350219702,3645,G006912E45907N,des Nantillons,45.907,6.912,1.1281923
1984,531,0.1504439713873841,-5.2468668618011485,5.547754720779416,1718.8703336181634,905.3089444580078,813.5613891601556,3418,G006919E45906N,de la Republique,45.906,6.919,0.9584255
1984,534,0.14457769553447058,-5.253710093002317,5.542865390487675,1717.3333714904793,902.7168752136231,814.6164962768562,3582,G006924E45911N,de la Thendia,45.911,6.924,0.6350154
1984,535,0.10612791498542241,-5.287584654617306,5.4998403890228325,1706.6376310729993,897.986302032471,808.6513290405281,3313,G006928E45905N,de Trelaporte,45.905,6.928,0.7783594
1984,537,0.004858093707092899,-5.374934971847527,5.384651070220957,1678.4051526184105,887.4095532531744,790.9955993652361,3643,G006934E45883N,Mer de Glace ,45.883,6.934,0.7940218
1984,539,0.11338214474475296,-5.289132589645387,5.515896735633849,1708.9778107604977,890.60547265625,818.3723381042479,3519,G006947E45933N,des Drus,45.933,6.947,1.1065398
1984,541,0.11507873869621946,-5.289405291061399,5.519562613578799,1709.4946507873542,889.0969083251956,820.3977424621585,3263,G006951E45939N,du Nant Blanc,45.939,6.951,1.1815078
1984,542,0.1505479883463402,-5.2601815096282944,5.56127731983948,1719.4011896057136,891.5467569274905,827.854432678223,3639,G006952E45951N,de la Pendant,45.951,6.952,1.2386801
1984,543,0.05668880208790139,-5.33990495414734,5.453282407035825,1693.2466157531735,882.7429345703124,810.5036811828611,3284,G006955E45927N,de la Charpoua,45.927,6.955,1.3798735
1984,544,0.12004538993119478,-5.286977592086798,5.5270682044219885,1710.9152386474589,887.863877563476,823.051361083983,3475,G006955E45946N,des Grands Montets,45.946,6.955,1.5907121
1984,547,0.1408257804697702,-5.270499497604375,5.55215087970733,1716.7226808166492,888.7337472534176,827.9889335632314,3585,G006957E45955N,de Lognan,45.955,6.957,1.1970514
1984,548,-0.09931317520022225,-5.472209026718138,5.273582553176881,1649.830190582276,868.0298289489747,781.800361633301,3534,G006960E45887N,de l'Aiguille du Tacul,45.887,6.96,1.9999599
1984,549,-0.02067474365640143,-5.4070097772979775,5.36566014294433,1671.7527022094714,874.0002592773433,797.7524429321281,3631,G006961E45912N,du Moine,45.912,6.961,0.9409905
1984,553,-0.1367128672020511,-5.507028725662238,5.233602856262198,1639.5576985473613,861.2231938476555,778.3345046997056,3641,G006969E45888N,du Capucin,45.888,6.969,1.015321
1984,557,-0.15308514793587413,-5.523968343887335,5.217797896987907,1635.1099873046855,856.5663868408196,778.5436004638659,0,G006977E45894N,des Dards 1,45.894,6.977,1.3431926
1984,564,-0.0015799452000854336,-5.401727631759643,5.398567516365052,1677.201742706299,865.8588662719726,811.3428764343264,3638,G006985E45951N,d'Argentiere,45.951,6.985,1.1339805
1984,566,0.06625393993425142,-5.345943858108522,5.478451486389157,1696.0094073181144,871.0953539733885,824.914053344726,0,G006986E45973N,des Dards 1,45.973,6.986,1.1625094
1984,567,0.06625393993425142,-5.345943858108522,5.478451486389157,1696.0094073181144,871.0953539733885,824.914053344726,3712,G006986E45973N,du Passon 1,45.973,6.986,1.162648
1984,569,0.10303792954421459,-5.3164219817352265,5.522497569259648,1706.194872833253,873.375196624756,832.819676208497,3698,G006988E45987N,du Tour,45.987,6.988,1.4938153
1984,571,0.03454583636284169,-5.37415121192932,5.443242629852299,1687.202974090577,866.8970658874514,820.3059082031257,3511,G006990E45969N,Adams Reilly,45.969,6.99,1.5901165
1984,572,-0.15867337088609823,-5.535110169143686,5.21776323484801,1633.679945770261,849.9919834289542,783.6879623413065,3466,G006992E45913N,de Talefre,45.913,6.992,1.6858386
1984,574,-0.22358768817042937,-5.5897322842407196,5.142556732879642,1615.716693786622,843.760712341309,771.9559814453131,3258,G006994E45896N,de Pierre Joseph,45.896,6.994,1.6128663
1984,575,0.0028807327723625598,-5.402301732254019,5.408062940063491,1678.4139939880406,862.6947709655773,815.7192230224632,3619,G006994E45965N,du Trident,45.965,6.994,1.5687989
1984,577,-0.2540779636800187,-5.617587575912467,5.109431467056286,1607.3186683654812,838.7737083435068,768.5449600219747,3301,G007000E45895N,de l'Aiguille de l'Eboulement,45.895,7.0,1.8571457
1984,579,-0.05528142788052337,-5.456370221405028,5.345807105712893,1664.0897967529304,855.4311718750001,808.6586248779302,3640,G007003E45960N,du Chardonnet,45.96,7.003,1.5998284
1984,582,-0.09733807369327353,-5.49608534259033,5.301408947326662,1655.2183942871097,851.6928862304688,803.525508056641,3356,G007008E45954N,du Milieu,45.954,7.008,1.9361988
1985,423,1.0491672188434593,-5.313252582412721,7.411587061676024,1524.2038092651364,722.0245314331054,802.179277832031,3344,G006776E45799N,de la Berangere,45.799,6.776,1.3561739
1985,424,1.0750166957073142,-5.286873196685797,7.436906615859978,1534.5801164550755,724.8983950195305,809.6817214355449,3601,G006778E45809N,d'Armancette,45.809,6.778,1.3205886
1985,427,1.08199091250801,-5.2798622522201555,7.443844093299865,1539.5296106872559,725.4782629089354,814.0513477783203,3650,G006783E45817N,de Covagnet,45.817,6.783,1.3783491
1985,429,0.966895867542264,-5.39740076452637,7.331192558380124,1498.2916066894518,712.3972358398433,785.8943708496085,3651,G006784E45784N,de Tre la Tete 1,45.784,6.784,0.8329303
1985,431,1.0907860936451044,-5.27093594444274,7.452508140869149,1543.6741275024447,726.3808389282235,817.2932885742209,3276,G006785E45822N,du Miage 1,45.822,6.785,-0.0504641
1985,437,1.0458807559261336,-5.316963201156615,7.4087247270813,1530.756959289551,720.9765169067384,809.7804423828128,3388,G006792E45817N,du Miage 2,45.817,6.792,1.3515736
1985,447,1.0244609635868145,-5.339025630439751,7.3879475676498485,1526.3349851379423,718.2182967834481,808.1166883544943,3579,G006799E45819N,du Miage 3,45.819,6.799,1.5526679
1985,448,1.0511245035953447,-5.31185017310334,7.414099180381768,1535.9397817687964,721.1908482971182,814.748933471678,3649,G006799E45827N,du Miage 4,45.827,6.799,0.7734153
1985,449,1.0844539286060428,-5.2778808514327915,7.446788696296701,1547.9457775573767,724.90653768921,823.0392398681666,3296,G006799E45837N,du Tricot,45.837,6.799,1.0136548
1985,459,1.0754523634204756,-5.287607598320019,7.438512296699513,1550.1569203796348,723.1155252380358,827.0413951415987,3648,G006811E45849N,de Bionnassay,45.849,6.811,1.1906631
1985,460,1.065808481718069,-5.2978616329345645,7.429478558944707,1550.2484219970725,721.4597093505865,828.7887126464859,3438,G006819E45856N,de Tete Rousse,45.856,6.819,1.2026601
1985,462,1.0592536633853953,-5.304766960151668,7.423274245750432,1549.6548742980972,720.426680084229,829.2281942138685,3280,G006823E45859N,de la Griaz,45.859,6.823,1.4521029
1985,464,1.0394604333896604,-5.325392770606998,7.4043135912399265,1546.0561800842277,717.6123271789547,828.4438529052728,3290,G006831E45863N,du Bourgeat,45.863,6.831,1.517768
1985,468,0.9859776207904788,-5.380574583786013,7.3525297786254855,1532.6071980590812,710.7243572387692,821.882840820312,3647,G006844E45863N,Taconnaz,45.863,6.844,1.615485
1985,484,1.2727887996749845,-5.092073776367191,7.6376512147827125,1640.39888720703,738.5858229980465,901.8130642089836,3449,G006862E45976N,de la Floria,45.976,6.862,0.2892284
1985,488,0.915516552095419,-5.453608057098383,7.284641108627325,1516.4559313964864,701.2427758789067,815.2131555175796,3646,G006865E45868N,Bossons,45.868,6.865,1.383936
1985,489,1.3043121048450523,-5.060612415695186,7.669236451721197,1652.4618240356467,741.3841751098639,911.0776489257827,3709,G006865E45990N,du Mort 2,45.99,6.865,0.6002229
1985,490,1.3043121048450523,-5.060612415695186,7.669236451721197,1652.4618240356467,741.3841751098639,911.0776489257827,3710,G006865E45990N,du Mort 1,45.99,6.865,0.563256
1985,491,1.3043121048450523,-5.060612415695186,7.669236451721197,1652.4618240356467,741.3841751098639,911.0776489257827,3711,G006865E45990N,du Mort 3,45.99,6.865,0.6349481
1985,497,1.258899606252674,-5.107340819946286,7.62513986723328,1638.622018188478,735.7629930419926,902.8590251464855,0,G006871E45984N,des Dards 1,45.984,6.871,0.512765
1985,498,1.258899606252674,-5.107340819946286,7.62513986723328,1638.622018188478,735.7629930419926,902.8590251464855,0,G006871E45984N,des Dards 1,45.984,6.871,0.5050257
1985,499,1.258899606252674,-5.107340819946286,7.62513986723328,1638.622018188478,735.7629930419926,902.8590251464855,3812,G006871E45984N,des Dards 2,45.984,6.871,0.4772761
1985,500,1.2842881466274156,-5.081698364074717,7.650274484359731,1647.4780394287077,738.3642769775379,909.1137624511696,3573,G006871E45992N,de Berard,45.992,6.871,0.1741164
1985,503,0.9122418105602346,-5.457852745056144,7.282336301803596,1519.2671966552762,699.7830963134775,819.4841003417989,3483,G006875E45880N,Rond,45.88,6.875,0.6871061
1985,504,1.2357684867191305,-5.13155223148346,7.603089041252136,1632.570229644775,732.4372712707519,900.1329583740231,3450,G006877E45985N,du Belvedere,45.985,6.877,0.5927759
1985,506,0.9104052210998628,-5.460214620513907,7.281024992828378,1520.555833129886,698.9952459716807,821.5605871582054,3265,G006880E45886N,du Telepherique,45.886,6.88,0.6735435
1985,509,0.8737323058376403,-5.497410835662833,7.244875385879525,1508.592632812503,695.0432756347666,813.5493571777365,3391,G006882E45877N,Ouest de l'Aiguille du Midi,45.877,6.882,1.5288941
1985,517,0.8645416800918517,-5.507302616790778,7.236385911041253,1507.7007308349587,693.3810841064446,814.319646728514,3644,G006888E45882N,Arete Midi Plan,45.882,6.888,1.5195442
1985,518,0.8917227983875359,-5.480023932525627,7.263469454391488,1517.4775288085968,695.9745773925789,821.5029514160178,3389,G006889E45892N,des Pelerins,45.892,6.889,0.2138341
1985,524,0.8695481878605,-5.503758010810841,7.242854304710399,1514.2227341613807,692.1445565490734,822.0781776123074,3518,G006901E45901N,de Blaitiere,45.901,6.901,0.2007082
1985,526,0.8299807408619035,-5.544160397796619,7.204121803207409,1502.4340319824255,687.5572656250012,814.8767663574245,3381,G006906E45895N,du Plan,45.895,6.906,1.5523413
1985,527,0.8236049593753776,-5.550941819679265,7.198151660697933,1501.3208334045396,686.5071904602047,814.813642944335,3317,G006909E45897N,du Fou,45.897,6.909,1.1415733
1985,530,0.8418651143131151,-5.532985682388317,7.216715825408924,1508.621670593258,687.8392482299794,820.7824223632786,3645,G006912E45907N,des Nantillons,45.907,6.912,0.9649394
1985,531,0.8093175885448436,-5.566596253219606,7.185231346343992,1499.934919494628,683.6375947875974,816.2973247070306,3418,G006919E45906N,de la Republique,45.906,6.919,0.6152535
1985,534,0.8035526140460995,-5.573070993820188,7.180176134704593,1499.6732678833018,682.3047883911136,817.3684794921884,3582,G006924E45911N,de la Thendia,45.911,6.924,-0.1517707
1985,535,0.7683869898891486,-5.6088826360321,7.145656533660892,1489.0880972290051,678.3311343383793,810.7569628906258,3313,G006928E45905N,de Trelaporte,45.905,6.928,0.1452616
1985,537,0.6763942843418196,-5.701849822204583,7.054638325454719,1460.0009678955103,668.7294735107428,791.2714943847675,3643,G006934E45883N,Mer de Glace ,45.883,6.934,1.3422308
1985,539,0.7726028724994651,-5.607571817344667,7.152777463356017,1496.6242920837399,675.4826073913573,821.1416846923826,3519,G006947E45933N,des Drus,45.933,6.947,0.4727508
1985,541,0.7735057365665454,-5.607341705146787,7.154353076194766,1498.14019216919,674.8243280334475,823.3158641357425,3263,G006951E45939N,du Nant Blanc,45.939,6.951,0.905131
1985,542,0.8051546936206835,-5.575911987197874,7.186221264678958,1509.0273317260749,677.5209093627932,831.5064223632817,3639,G006952E45951N,de la Pendant,45.951,6.952,0.9036933
1985,543,0.7205250088596329,-5.6609107399368295,7.101960664329527,1481.6331819152826,669.2567982482908,812.3763836669918,3284,G006955E45927N,de la Charpoua,45.927,6.955,1.2891659
1985,544,0.7772899807643826,-5.6042575988006655,7.1588374546813895,1500.5915005493143,674.4061270141594,826.1853735351547,3475,G006955E45946N,des Grands Montets,45.946,6.955,1.2664913
1985,547,0.7955432351016954,-5.58640111888886,7.177487478218074,1507.2634904479964,675.6669956970211,831.5964947509755,3585,G006957E45955N,de Lognan,45.955,6.957,0.9580916
1985,548,0.5801838673877731,-5.801723660354613,6.962091327972413,1436.3922518920904,655.6895394897463,780.7027124023441,3534,G006960E45887N,de l'Aiguille du Tacul,45.887,6.96,1.4986943
1985,549,0.6503754012470204,-5.73188790264893,7.032638622390743,1460.0766783447252,661.8229744873042,798.253703857421,3631,G006961E45912N,du Moine,45.912,6.961,0.6578792
1985,553,0.5456358204822472,-5.837556845825202,6.9288284194488465,1427.7802342529276,651.0437130126946,776.7365212402328,3641,G006969E45888N,du Capucin,45.888,6.969,0.6980566
1985,557,0.5299142054004607,-5.854508024093634,6.914336364562981,1425.0591892700177,648.2170715942377,776.84211767578,0,G006977E45894N,des Dards 1,45.894,6.977,1.2197514
1985,564,0.6629625077152254,-5.723717779960633,7.0496426951980595,1471.112532196045,658.1642552185058,812.9482769775393,3638,G006985E45951N,d'Argentiere,45.951,6.985,0.6618173
1985,566,0.7228718808193187,-5.664413485748293,7.110157135818479,1491.0287653808587,663.1004794921873,827.9282858886712,0,G006986E45973N,des Dards 1,45.973,6.986,0.9946555
1985,567,0.7228718808193187,-5.664413485748293,7.110157135818479,1491.0287653808587,663.1004794921873,827.9282858886712,3712,G006986E45973N,du Passon 1,45.973,6.986,1.1074494
1985,569,0.754960942224506,-5.632973692001339,7.142895458312991,1502.0424077758803,665.3954429321291,836.646964843751,3698,G006988E45987N,du Tour,45.987,6.988,0.7997398
1985,571,0.6938010480785396,-5.694117920532224,7.08171990867615,1482.5094049072275,659.7036663818361,822.8057385253913,3511,G006990E45969N,Adams Reilly,45.969,6.99,1.2109768
1985,572,0.5223828237666989,-5.864634792160044,6.909400360809317,1426.9811016235321,644.6658945922843,782.3152070312477,3466,G006992E45913N,de Talefre,45.913,6.992,2.1853964
1985,574,0.46461121064758626,-5.92231555200195,6.8515379031982455,1408.681197265626,639.361801025391,769.319396240235,3258,G006994E45896N,de Pierre Joseph,45.896,6.994,1.2079656
1985,575,0.6648010486507524,-5.723737188568104,7.053339181289683,1474.0316430664097,656.3274792480479,817.7041638183618,3619,G006994E45965N,du Trident,45.965,6.994,1.1540517
1985,577,0.4366005337238402,-5.951173028945914,6.824374027252206,1401.2772750854522,635.8131027221687,765.4641723632835,3301,G007000E45895N,de l'Aiguille de l'Eboulement,45.895,7.0,1.5577906
1985,579,0.6111123518750091,-5.780040676650999,7.0022652772521985,1460.457213439942,650.756299133301,809.7009143066412,3640,G007003E45960N,du Chardonnet,45.96,7.003,1.5016837
1985,582,0.5727548425716178,-5.8210168849792465,6.9665264647521985,1451.781985717774,648.0240211181642,803.7579645996097,3356,G007008E45954N,du Milieu,45.954,7.008,1.8890873
1986,423,1.1360195679302207,-5.391107052825929,7.663146139526367,1578.392384155273,871.0566749267578,707.3357092285154,3344,G006776E45799N,de la Berangere,45.799,6.776,-1.5278903
1986,424,1.1595054027328429,-5.367685834075934,7.686696580123894,1586.4705364074684,871.9846214904782,714.4859149169904,3601,G006778E45809N,d'Armancette,45.809,6.778,-1.2533661
1986,427,1.1653750132017127,-5.361751474700928,7.692501432991026,1589.7244629974361,870.7301230926512,718.9943399047851,3650,G006783E45817N,de Covagnet,45.817,6.783,-1.2655203
1986,429,1.059718497875211,-5.46683124032593,7.58626820144653,1556.1742457885732,863.2105806274412,692.963665161132,3651,G006784E45784N,de Tre la Tete 1,45.784,6.784,-0.9427569
1986,431,1.1732335555648883,-5.35390305282592,7.700370090484627,1592.78714355469,870.606056823731,722.181086730959,3276,G006785E45822N,du Miage 1,45.822,6.785,-1.5092089
1986,437,1.1313224348850264,-5.395475177825927,7.658119978332522,1581.2870905761722,865.445576904297,715.8415136718753,3388,G006792E45817N,du Miage 2,45.817,6.792,-1.2184097
1986,447,1.1109541798143454,-5.415628505950921,7.637536793327338,1576.6791945953391,861.7550268096926,714.9241677856464,3579,G006799E45819N,du Miage 3,45.819,6.799,-1.1726605
1986,448,1.1354225142946175,-5.391323630950935,7.662168578910821,1584.4972137603738,863.4336367950434,721.0635769653304,3649,G006799E45827N,du Miage 4,45.827,6.799,-1.0999115
1986,449,1.1660079323949901,-5.36094253720092,7.692958310890207,1594.2697377166778,865.531899276734,728.7378384399437,3296,G006799E45837N,du Tricot,45.837,6.799,-1.4144536
1986,459,1.1565769962377448,-5.370284162200937,7.683438048744192,1594.4650244598356,860.9974655609125,733.4675588989232,3648,G006811E45849N,de Bionnassay,45.849,6.811,-0.8751153
1986,460,1.1469650177784017,-5.379854084075923,7.673784004592901,1593.515182769777,857.7623913269045,735.7527914428723,3438,G006819E45856N,de Tete Rousse,45.856,6.819,-1.4981278
1986,462,1.1405727263841667,-5.386223255950924,7.667368589591985,1592.529611343385,856.0394499053956,736.4901614379894,3280,G006823E45859N,de la Griaz,45.859,6.823,-1.1732657
1986,464,1.1216558516397446,-5.40505519345093,7.64836677150726,1588.5980905303945,852.1737835845944,736.4243069458004,3290,G006831E45863N,du Bourgeat,45.863,6.831,-1.2208772
1986,468,1.0713319709644291,-5.45506599032593,7.597729804229733,1575.9717554321282,844.5307593383786,731.4409960937496,3647,G006844E45863N,Taconnaz,45.863,6.844,-0.8636864
1986,484,1.333734458213803,-5.196466927825931,7.863935580444333,1663.6922720947255,857.5419193115231,806.1503527832024,3449,G006862E45976N,de la Floria,45.976,6.862,-1.5062424
1986,488,1.0047049135303552,-5.5213788340759224,7.530788522720343,1560.2193617248554,833.2280638122561,726.9912979125991,3646,G006865E45868N,Bossons,45.868,6.865,-0.9089406
1986,489,1.362539824295049,-5.168217427825923,7.893296794891363,1673.5328094482438,858.6950332641604,814.8377761840834,3709,G006865E45990N,du Mort 2,45.99,6.865,-1.9942075
1986,490,1.362539824295049,-5.168217427825923,7.893296794891363,1673.5328094482438,858.6950332641604,814.8377761840834,3710,G006865E45990N,du Mort 1,45.99,6.865,-2.0167992
1986,491,1.362539824295049,-5.168217427825923,7.893296794891363,1673.5328094482438,858.6950332641604,814.8377761840834,3711,G006865E45990N,du Mort 3,45.99,6.865,-1.9106759
1986,497,1.3203348231143985,-5.2102447090759245,7.850914078140263,1661.5994875793467,853.9031231384279,807.6963644409191,0,G006871E45984N,des Dards 1,45.984,6.871,-1.9460011
1986,498,1.3203348231143985,-5.2102447090759245,7.850914078140263,1661.5994875793467,853.9031231384279,807.6963644409191,0,G006871E45984N,des Dards 1,45.984,6.871,-1.9237126
1986,499,1.3203348231143985,-5.2102447090759245,7.850914078140263,1661.5994875793467,853.9031231384279,807.6963644409191,3812,G006871E45984N,des Dards 2,45.984,6.871,-1.8360019
1986,500,1.3437081574115657,-5.187190834075937,7.874606862258901,1668.9946385803194,855.572302459716,813.4223361206034,3573,G006871E45992N,de Berard,45.992,6.871,-1.604303
1986,503,1.0008679354190901,-5.525480709075921,7.527216424942024,1561.5275764465355,829.8509788513189,731.6765975952167,3483,G006875E45880N,Rond,45.88,6.875,-1.6653744
1986,504,1.298638520703315,-5.232034693450929,7.829311453819274,1656.1589472198484,850.5722360992431,805.5867111206052,3450,G006877E45985N,du Belvedere,45.985,6.877,-1.794584
1986,506,0.9987783525848473,-5.527727115325919,7.525283657073983,1562.115610656741,828.1609628295905,733.9546478271504,3265,G006880E45886N,du Telepherique,45.886,6.88,-1.4935105
1986,509,0.9648419712371911,-5.561241584075919,7.49092537345887,1551.892462432864,825.1081539611823,726.7843084716816,3391,G006882E45877N,Ouest de l'Aiguille du Midi,45.877,6.882,-1.2063719
1986,517,0.9559026226119938,-5.570281865325933,7.482086949920649,1550.5628218383772,822.621074401855,727.9417474365221,3644,G006888E45882N,Arete Midi Plan,45.882,6.888,-1.2960008
1986,518,0.9808699153843004,-5.5457437090759205,7.507483366775521,1558.689408966067,824.1163654479985,734.5730435180684,3389,G006889E45892N,des Pelerins,45.892,6.889,-1.2586221
1986,524,0.9595372595911129,-5.567314130950917,7.486388462638866,1554.900172988895,818.9289745635995,735.9711984252954,3518,G006901E45901N,de Blaitiere,45.901,6.901,-1.1077851
1986,526,0.9226899409866434,-5.603796021575918,7.449175722122202,1544.512209930423,814.7377928161629,729.7744171142601,3381,G006906E45895N,du Plan,45.895,6.906,-1.218909
1986,527,0.9165930921068155,-5.609947068450931,7.443133067893978,1543.3209549102771,813.3884967193602,729.932458190917,3317,G006909E45897N,du Fou,45.897,6.909,-1.4981617
1986,530,0.9332232232494256,-5.593782677825937,7.460228926086415,1549.2752412109344,813.7028132324211,735.5724279785132,3645,G006912E45907N,des Nantillons,45.907,6.912,-1.3136857
1986,531,0.9027098113365155,-5.62415799032593,7.429577413940428,1541.3611735229485,809.3744343261719,731.9867391967766,3418,G006919E45906N,de la Republique,45.906,6.919,-1.5464097
1986,534,0.8970503063983941,-5.630026740325926,7.424127146148685,1540.7744700317392,807.4701878051759,733.3042822265634,3582,G006924E45911N,de la Thendia,45.911,6.924,-1.5768014
1986,535,0.8643211909961734,-5.662379302825924,7.391021484375004,1531.4532025146495,803.8690594482425,727.584143066407,3313,G006928E45905N,de Trelaporte,45.905,6.928,-1.5187168
1986,537,0.77897389682389,-5.746396459075921,7.304344079208381,1506.1215196838402,795.7698332824712,710.3516864013689,3643,G006934E45883N,Mer de Glace ,45.883,6.934,-1.0595052
1986,539,0.8670151250486366,-5.661138349700929,7.3951683565139765,1536.7342451019285,798.4927067108154,738.2415383911132,3519,G006947E45933N,des Drus,45.933,6.947,-1.3384143
1986,541,0.8676160628862397,-5.660886505950927,7.396118379020693,1537.8376311187749,797.3804481964114,740.4571829223635,3263,G006951E45939N,du Nant Blanc,45.939,6.951,-1.4153306
1986,542,0.8968127045879379,-5.632428802825927,7.426053942871095,1547.1897159423834,799.2791336669923,747.910582275391,3639,G006952E45951N,de la Pendant,45.951,6.952,-1.4512347
1986,543,0.818410124020575,-5.709326255950929,7.34614626598358,1523.3767173004146,792.5365058135985,730.8402114868161,3284,G006955E45927N,de la Charpoua,45.927,6.955,-1.57786
1986,544,0.8708877299690186,-5.658039615325933,7.399814811706536,1539.7685037231427,796.4746759033198,743.2938278198228,3475,G006955E45946N,des Grands Montets,45.946,6.955,-1.4068419
1986,547,0.8876536160993536,-5.641839537200932,7.417146492958064,1545.4554381561268,797.1612624359128,748.2941757202138,3585,G006957E45955N,de Lognan,45.955,6.957,-1.5366906
1986,548,0.6883474898433699,-5.836793677825927,7.213488471984865,1483.9233129882816,781.304031982422,702.6192810058598,3534,G006960E45887N,de l'Aiguille du Tacul,45.887,6.96,-1.4528252
1986,549,0.7531951223049125,-5.773536146575932,7.279926171493527,1504.3924550476063,785.8950609436031,718.4973941040032,3631,G006961E45912N,du Moine,45.912,6.961,-1.6489562
1986,553,0.6558326197490629,-5.8692167715759345,7.180881821823114,1475.8758760681133,776.2162138977045,699.6596621704089,3641,G006969E45888N,du Capucin,45.888,6.969,-1.4965442
1986,557,0.6408048074188175,-5.884517927825932,7.166127342987055,1473.0384407958966,772.7510112915033,700.2874295043933,0,G006977E45894N,des Dards 1,45.894,6.977,-1.098776
1986,564,0.7635468431043626,-5.765686412200928,7.292779816627503,1513.0062895965577,779.8300643157959,733.176225280762,3638,G006985E45951N,d'Argentiere,45.951,6.985,-1.251609
1986,566,0.8189755167617779,-5.7118212090759295,7.349771929550169,1530.4497037658684,783.7895188293455,746.6601849365229,0,G006986E45973N,des Dards 1,45.973,6.986,-1.8159202
1986,567,0.8189755167617779,-5.7118212090759295,7.349771929550169,1530.4497037658684,783.7895188293455,746.6601849365229,3712,G006986E45973N,du Passon 1,45.973,6.986,-1.7966628
1986,569,0.8486045802860293,-5.683206240325925,7.3804150672912625,1540.0846614379893,785.5043123168946,754.5803491210947,3698,G006988E45987N,du Tour,45.987,6.988,-2.232393
1986,571,0.7918730161476158,-5.738657896575926,7.322403619766239,1522.8935313415536,780.6038188171389,742.2897125244148,3511,G006990E45969N,Adams Reilly,45.969,6.99,-1.3876519
1986,572,0.6329959801654728,-5.893472802825936,7.159464532470695,1474.003896362302,767.8511839599603,706.1527124023418,3466,G006992E45913N,de Talefre,45.913,6.992,-1.778697
1986,574,0.5793704838867217,-5.945832052825924,7.10457281341553,1457.808372314454,763.1609260253908,694.647446289063,3258,G006994E45896N,de Pierre Joseph,45.896,6.994,-1.3771403
1986,575,0.7648313488769631,-5.765425084075918,7.295087476730357,1515.3608515930207,777.4186427307137,737.9422088623069,3619,G006994E45965N,du Trident,45.965,6.994,-1.5929242
1986,577,0.5530912387371147,-5.97194555282592,7.078127822875985,1451.0057830810574,759.4235992431647,691.5821838378926,3301,G007000E45895N,de l'Aiguille de l'Eboulement,45.895,7.0,-1.4006844
1986,579,0.7143641082906741,-5.817261332473754,7.245989251937869,1503.134181823731,771.8800009155275,731.2541809082037,3640,G007003E45960N,du Chardonnet,45.96,7.003,-1.1130846
1986,582,0.6780554147968307,-5.855918111175535,7.212028657318116,1495.2436773071295,769.008048034668,726.2356292724613,3356,G007008E45954N,du Milieu,45.954,7.008,-1.3058822
1987,423,0.9868748778367965,-5.219265106567384,7.193015012573242,1801.480446960449,925.693337890625,875.7871090698239,3344,G006776E45799N,de la Berangere,45.799,6.776,0.3687138
1987,424,1.0120659914663739,-5.1959952530212465,7.220127399017326,1812.3233330688445,927.4871889648432,884.8361441040015,3601,G006778E45809N,d'Armancette,45.809,6.778,0.5624426
1987,427,1.0188569123078037,-5.190377360702516,7.228091353927611,1816.2283097534175,926.1796613769529,890.0486483764647,3650,G006783E45817N,de Covagnet,45.817,6.783,0.6888604
1987,429,0.9070534513084563,-5.29493971109009,7.109046727996824,1770.0440058593738,914.0328193359372,856.0111865234364,3651,G006784E45784N,de Tre la Tete 1,45.784,6.784,0.9303969
1987,431,1.0273828596680508,-5.182715195007316,7.237481088180552,1820.216858825687,926.281221923829,893.9356369018581,3276,G006785E45822N,du Miage 1,45.822,6.785,0.3047618
1987,437,0.9837260209665274,-5.2245273065795885,7.191979504455568,1803.6552229614263,918.9004960937502,884.7547268676761,3388,G006792E45817N,du Miage 2,45.817,6.792,0.7147123
1987,447,0.9628473275422095,-5.245082166763299,7.170776971298225,1796.570225036624,913.9336799316412,882.6365451049828,3579,G006799E45819N,du Miage 3,45.819,6.799,0.7821467
1987,448,0.9886286602399891,-5.221057331436165,7.198314814804069,1807.346503356931,916.7127072753898,890.6337960815408,3649,G006799E45827N,du Miage 4,45.827,6.799,0.4808532
1987,449,1.020855326112248,-5.1910262872772135,7.232737119186411,1820.8168512573284,920.186491455079,900.6303598022491,3296,G006799E45837N,du Tricot,45.837,6.799,0.5271168
1987,459,1.0114821367041196,-5.201814293502817,7.224778751815784,1819.9571608276322,914.7467912597644,905.2103695678677,3648,G006811E45849N,de Bionnassay,45.849,6.811,0.562884
1987,460,1.0015717188449258,-5.212480443023676,7.2156240681304995,1817.9422102661156,910.8084245605475,907.133785705568,3438,G006819E45856N,de Tete Rousse,45.856,6.819,0.384551
1987,462,0.9949111141217261,-5.219416007339474,7.2092384235687295,1816.2409057006853,908.6731545410158,907.5677511596695,3280,G006823E45859N,de la Griaz,45.859,6.823,0.7356519
1987,464,0.9751194881675456,-5.239320261428835,7.189559423568722,1810.1388104858386,903.7098850097651,906.4289254760736,3290,G006831E45863N,du Bourgeat,45.863,6.831,0.7772387
1987,468,0.9224998881749596,-5.290659978820803,7.135659925720212,1791.5728014526358,893.3470791015621,898.2257223510736,3647,G006844E45863N,Taconnaz,45.863,6.844,0.8541617
1987,484,1.1914822736036745,-5.04634737490845,7.4293122975463834,1913.2609395751938,920.0564223632808,993.2045172119131,3449,G006862E45976N,de la Floria,45.976,6.862,0.3383075
1987,488,0.8525776413155775,-5.3596881571960395,7.0648435958099425,1768.0932992553735,878.4276818847661,889.6656173706073,3646,G006865E45868N,Bossons,45.868,6.865,0.7442512
1987,489,1.2204965899619324,-5.020401002502437,7.461394584274299,1926.9798324584985,922.8483703613288,1004.1314620971698,3709,G006865E45990N,du Mort 2,45.99,6.865,0.3897014
1987,490,1.2204965899619324,-5.020401002502437,7.461394584274299,1926.9798324584985,922.8483703613288,1004.1314620971698,3710,G006865E45990N,du Mort 1,45.99,6.865,0.3366753
1987,491,1.2204965899619324,-5.020401002502437,7.461394584274299,1926.9798324584985,922.8483703613288,1004.1314620971698,3711,G006865E45990N,du Mort 3,45.99,6.865,0.6928085
1987,497,1.1758399337114427,-5.063225194000242,7.414905447830204,1910.1052656860368,916.0648942871096,994.040371398927,0,G006871E45984N,des Dards 1,45.984,6.871,0.531732
1987,498,1.1758399337114427,-5.063225194000242,7.414905447830204,1910.1052656860368,916.0648942871096,994.040371398927,0,G006871E45984N,des Dards 1,45.984,6.871,0.5242743
1987,499,1.1758399337114427,-5.063225194000242,7.414905447830204,1910.1052656860368,916.0648942871096,994.040371398927,3812,G006871E45984N,des Dards 2,45.984,6.871,0.5050247
1987,500,1.1998152664095807,-5.041138355743417,7.440769291336048,1920.4915557250938,918.989890380858,1001.5016653442356,3573,G006871E45992N,de Berard,45.992,6.871,0.3393285
1987,503,0.8477567541506218,-5.366379718780511,7.061893396377572,1769.3248367309604,874.8686218261729,894.4562149047875,3483,G006875E45880N,Rond,45.88,6.875,0.5925686
1987,504,1.1522557560718145,-5.086622464675903,7.391134361953735,1902.3390145874018,911.8331872558595,990.5058273315426,3450,G006877E45985N,du Belvedere,45.985,6.877,0.5274284
1987,506,0.8450641230681998,-5.370028311614982,7.060156734161386,1769.8796697998087,873.1118994140636,896.7677703857448,3265,G006880E45886N,du Telepherique,45.886,6.88,0.5553526
1987,509,0.8101627277902972,-5.4025961000671305,7.022921711029062,1755.3746687622108,868.2135698242199,887.1610989379907,3391,G006882E45877N,Ouest de l'Aiguille du Midi,45.877,6.882,0.6889341
1987,517,0.8003314560827183,-5.413055694061285,7.013718765655511,1753.182749145505,865.3016865234368,887.8810626220684,3644,G006888E45882N,Arete Midi Plan,45.882,6.888,0.6602811
1987,518,0.8256290125009869,-5.390065906341546,7.041324111068734,1764.602721618656,868.2112229003915,896.3914987182643,3389,G006889E45892N,des Pelerins,45.892,6.889,0.3386465
1987,524,0.8020916358320986,-5.414688031021109,7.018871489883434,1758.7310184936568,862.0927888183608,896.6382296752961,3518,G006901E45901N,de Blaitiere,45.901,6.901,0.4190437
1987,526,0.7639345369523494,-5.45093191329955,6.978801156158458,1743.8140695190475,855.9082788085952,887.9057907104523,3381,G006906E45895N,du Plan,45.895,6.906,0.7033934
1987,527,0.7572460938466398,-5.457836538284305,6.97232889637756,1742.0097235717758,854.2916989746091,887.7180245971667,3317,G006909E45897N,du Fou,45.897,6.909,0.4896833
1987,530,0.7734669417726336,-5.443798281616219,6.990732355102528,1750.3614662475543,855.6862773437488,894.6751889038055,3645,G006912E45907N,des Nantillons,45.907,6.912,0.6654809
1987,531,0.7413211860869622,-5.475078389953615,6.957720943130491,1738.8900618286125,849.8065690917967,889.0834927368156,3418,G006919E45906N,de la Republique,45.906,6.919,0.2925506
1987,534,0.7345624613341526,-5.48263515875244,6.951760269226077,1737.9157301635753,847.7706376953126,890.1450924682626,3582,G006924E45911N,de la Thendia,45.911,6.924,0.3876169
1987,535,0.7008606281588821,-5.51449243682861,6.916213863220218,1724.5149539184586,842.3503222656254,882.1646316528331,3313,G006928E45905N,de Trelaporte,45.905,6.928,0.3420496
1987,537,0.6141980565109172,-5.5951110644836355,6.823507289764412,1688.1515184936557,829.2363735351571,858.9151449584983,3643,G006934E45883N,Mer de Glace ,45.883,6.934,1.032581
1987,539,0.6986944942176241,-5.522068230453492,6.919457438827514,1731.7509464721677,838.1836701660155,893.567276306152,3519,G006947E45933N,des Drus,45.933,6.947,0.3540557
1987,541,0.6981024309234805,-5.523857017349242,6.920062110580447,1733.3134779663092,837.381459228516,895.9320187377932,3263,G006951E45939N,du Nant Blanc,45.939,6.951,0.8170377
1987,542,0.7267318517668002,-5.498202046997069,6.951666010620119,1746.7551964721688,841.2373964843753,905.5177999877935,3639,G006952E45951N,de la Pendant,45.951,6.952,0.5470685
1987,543,0.6481561190575813,-5.570415447769166,6.866727884445188,1712.4980770874017,829.6270031738279,882.8710739135738,3284,G006955E45927N,de la Charpoua,45.927,6.955,1.0225452
1987,544,0.7000934092166775,-5.523329073791508,6.9235161377716,1736.084923400876,836.9783239746084,899.1065994262677,3475,G006955E45946N,des Grands Montets,45.946,6.955,0.5000541
1987,547,0.7160230437602342,-5.509542502365116,6.941588856277462,1744.2767514038067,838.9128796386714,905.3638717651354,3585,G006957E45955N,de Lognan,45.955,6.957,0.6145561
1987,548,0.5181998978753588,-5.689694450683593,6.726094340820314,1655.6195382690435,810.1952539062502,845.4242843627933,3534,G006960E45887N,de l'Aiguille du Tacul,45.887,6.96,0.7491647
1987,549,0.5819452135205976,-5.632273341094974,6.796163924057003,1685.1088988647443,819.11500024414,865.9938986206045,3631,G006961E45912N,du Moine,45.912,6.961,0.3003626
1987,553,0.4837833397884604,-5.723532954742438,6.691099721786492,1643.8518358764622,803.4662014160147,840.3856344604475,3641,G006969E45888N,du Capucin,45.888,6.969,0.5534581
1987,557,0.46676233867613026,-5.741374285705572,6.674899057662957,1639.650292419431,799.4946945800773,840.1555978393538,0,G006977E45894N,des Dards 1,45.894,6.977,0.9999332
1987,564,0.5840537710181903,-5.638296680221558,6.806404458389282,1697.6599057006838,815.6677380371093,881.9921676635745,3638,G006985E45951N,d'Argentiere,45.951,6.985,0.5497736
1987,566,0.637729753568506,-5.590315549896241,6.865775350311277,1723.0214978637687,823.5777866210935,899.443711242675,0,G006986E45973N,des Dards 1,45.973,6.986,0.7415686
1987,567,0.637729753568506,-5.590315549896241,6.865775350311277,1723.0214978637687,823.5777866210935,899.443711242675,3712,G006986E45973N,du Passon 1,45.973,6.986,0.8137795
1987,569,0.6657656585489802,-5.5658133873901345,6.897345033508303,1737.0832133178726,827.5731025390629,909.5101107788098,3698,G006988E45987N,du Tour,45.987,6.988,0.8428753
1987,571,0.6096643160678469,-5.617034680328367,6.836363592681888,1712.1401089477552,818.9176098632815,893.2224990844736,3511,G006990E45969N,Adams Reilly,45.969,6.99,0.4857219
1987,572,0.4543225391009178,-5.757455874572761,6.666101082702628,1641.0240110473596,795.1849238281238,845.8390872192357,3466,G006992E45913N,de Talefre,45.913,6.992,1.2128015
1987,574,0.40152224862367214,-5.805589948638913,6.6086345285644565,1617.4448680419935,786.8704741210943,830.5743939208992,3258,G006994E45896N,de Pierre Joseph,45.896,6.994,0.4646713
1987,575,0.5816992119005049,-5.643646144256582,6.807044835052501,1701.2803860473678,814.2493237304703,887.0310623168974,3619,G006994E45965N,du Trident,45.965,6.994,0.3709262
1987,577,0.3740230190591036,-5.832278213500969,6.5803243255615325,1607.5309371948279,781.7395019531263,825.7914352417017,3301,G007000E45895N,de l'Aiguille de l'Eboulement,45.895,7.0,0.2790893
1987,579,0.5293154882647858,-5.695459331665038,6.754090551452639,1683.7261874389658,806.4205621337894,877.3056253051764,3640,G007003E45960N,du Chardonnet,45.96,7.003,0.8251634
1987,582,0.4927940675078272,-5.732328177093504,6.717916529571534,1672.3140577392587,801.9724204101565,870.341637329102,3356,G007008E45954N,du Milieu,45.954,7.008,1.1478612
1988,423,2.0914272210388174,-3.7485292642822277,7.931383477661132,1893.4804138793943,1209.288147277832,684.1922666015622,3344,G006776E45799N,de la Berangere,45.799,6.776,-0.5627801
1988,424,2.118137658065789,-3.7219763217468333,7.958251412063591,1901.1864302368144,1210.8492120361323,690.3372182006821,3601,G006778E45809N,d'Armancette,45.809,6.778,0.1915549
1988,427,2.1254637605590814,-3.715494697128297,7.9664219966964716,1902.8044381103512,1209.137543182373,693.6668949279784,3650,G006783E45817N,de Covagnet,45.817,6.783,0.2700139
1988,429,2.0062424566574064,-3.8358102320251493,7.848294915740963,1867.4176387939444,1197.3641491699218,670.0534896240227,3651,G006784E45784N,de Tre la Tete 1,45.784,6.784,-0.4283719
1988,431,2.1346524943733303,-3.7065951008987335,7.97589987045289,1905.2960269165064,1209.0478302001961,696.2481967163104,3276,G006785E45822N,du Miage 1,45.822,6.785,0.4228612
1988,437,2.0883554445343036,-3.7545064667358385,7.931217138854982,1890.810077575684,1201.3000216674807,689.5100559082034,3388,G006792E45817N,du Miage 2,45.817,6.792,0.0305473
1988,447,2.0664445356674275,-3.7778437151489186,7.910732573860177,1883.5287624511739,1195.865266876221,687.6634955749528,3579,G006799E45819N,du Miage 3,45.819,6.799,-0.1618936
1988,448,2.094248994499199,-3.749822758911141,7.938320538276665,1891.7192902832012,1198.5096479797355,693.2096423034654,3649,G006799E45827N,du Miage 4,45.827,6.799,0.0735657
1988,449,2.12900456803895,-3.7147965636138816,7.972805493797313,1901.9574500732451,1201.8151243591317,700.1423257141134,3296,G006799E45837N,du Tricot,45.837,6.799,0.1609821
1988,459,2.120919502075184,-3.725086819137585,7.966925630943287,1898.042729858395,1195.33594467163,702.7067851867654,3648,G006811E45849N,de Bionnassay,45.849,6.811,-0.1188902
1988,460,2.1119394217567504,-3.735561170448297,7.95943983134461,1894.3332556762712,1190.6875033569343,703.645752319337,3438,G006819E45856N,de Tete Rousse,45.856,6.819,-0.4402625
1988,462,2.1056870717086835,-3.742573561889644,7.953947527595525,1891.950358154298,1188.198343048096,703.7520151062022,3280,G006823E45859N,de la Griaz,45.859,6.823,0.1977431
1988,464,2.0862247152481044,-3.763609958770755,7.9360592206802325,1885.132597167968,1182.5590162658686,702.573580902099,3290,G006831E45863N,du Bourgeat,45.863,6.831,0.4574755
1988,468,2.0321348255004854,-3.8204368193359404,7.884706312957761,1867.4834443969717,1171.2448129272457,696.2386314697261,3647,G006844E45863N,Taconnaz,45.863,6.844,0.097872
1988,484,2.34415785643005,-3.508997056686405,8.19731272424316,1954.8806572265614,1193.010173950195,761.8704832763665,3449,G006862E45976N,de la Floria,45.976,6.862,0.1844666
1988,488,1.9618667931938234,-3.8949839242172173,7.818717375717169,1843.9135775756854,1154.6244369506842,689.2891406250012,3646,G006865E45868N,Bossons,45.868,6.865,-0.5941974
1988,489,2.3793006131172243,-3.4740807176589907,8.232681916046149,1964.4569717407246,1195.0409393310551,769.4160324096692,3709,G006865E45990N,du Mort 2,45.99,6.865,-0.0527177
1988,490,2.3793006131172243,-3.4740807176589907,8.232681916046149,1964.4569717407246,1195.0409393310551,769.4160324096692,3710,G006865E45990N,du Mort 1,45.99,6.865,0.0008621
1988,491,2.3793006131172243,-3.4740807176589907,8.232681916046149,1964.4569717407246,1195.0409393310551,769.4160324096692,3711,G006865E45990N,du Mort 3,45.99,6.865,-0.0592564
1988,497,2.3332128611640974,-3.521587182868953,8.188012882797246,1949.9895361938488,1187.839389343262,762.1501468505869,0,G006871E45984N,des Dards 1,45.984,6.871,-0.2073037
1988,498,2.3332128611640974,-3.521587182868953,8.188012882797246,1949.9895361938488,1187.839389343262,762.1501468505869,0,G006871E45984N,des Dards 1,45.984,6.871,-0.194801
1988,499,2.3332128611640974,-3.521587182868953,8.188012882797246,1949.9895361938488,1187.839389343262,762.1501468505869,3812,G006871E45984N,des Dards 2,45.984,6.871,-0.1383221
1988,500,2.360546320728291,-3.4940252222366444,8.215117848678577,1957.8680171508756,1190.4901864624012,767.3778306884745,3573,G006871E45992N,de Berard,45.992,6.871,0.2973896
1988,503,1.9611792397499173,-3.8974320459365757,7.819790410995493,1842.1019363403345,1149.8984909057624,692.2034454345719,3483,G006875E45880N,Rond,45.88,6.875,0.2368026
1988,504,2.311066417541503,-3.5449530265045173,8.167085850868222,1942.4320239257809,1182.9569526672362,759.4750712585446,3450,G006877E45985N,du Belvedere,45.985,6.877,-0.0845258
1988,506,1.960761869392405,-3.8987278248596087,7.820251460113536,1841.1473583984405,1147.5365203857432,693.6108380126972,3265,G006880E45886N,du Telepherique,45.886,6.88,0.2092905
1988,509,1.9217335443573096,-3.938435390533437,7.781902368728647,1829.5975256958036,1142.8131365966808,686.7843890991229,3391,G006882E45877N,Ouest de l'Aiguille du Midi,45.877,6.882,0.098475
1988,517,1.9137141995925837,-3.9475716175232,7.77499991726684,1826.284258056639,1139.2498272705072,687.0344307861316,3644,G006888E45882N,Arete Midi Plan,45.882,6.888,-0.0120884
1988,518,1.9435575395927525,-3.917649040306082,7.804764031661996,1834.6669242553737,1141.6952169799813,692.9717072753924,3389,G006889E45892N,des Pelerins,45.892,6.889,0.2646262
1988,524,1.9238732096405151,-3.939589862228381,7.787336217048657,1826.9038894043006,1134.2403675842297,692.6635218200706,3518,G006901E45901N,de Blaitiere,45.901,6.901,0.2753085
1988,526,1.882585665359509,-3.9821018801879764,7.74727314506532,1814.217727966312,1127.9004302978528,686.3172976684591,3381,G006906E45895N,du Plan,45.895,6.906,-0.036412
1988,527,1.8767961023864703,-3.988462342117314,7.7420544867935135,1812.0212861328114,1125.9540754699703,686.0672106628409,3317,G006909E45897N,du Fou,45.897,6.909,0.0952998
1988,530,1.8980619785766484,-3.9675317783203243,7.763655691101063,1817.519130920407,1126.6623049926748,690.8568259277322,3645,G006912E45907N,des Nantillons,45.907,6.912,0.299344
1988,531,1.8653073670463538,-4.001783287681582,7.732397984497068,1806.89007635498,1120.2415881347656,686.6484882202143,3418,G006919E45906N,de la Republique,45.906,6.919,0.267745
1988,534,1.8611944761352572,-4.006796043457029,7.729184971038821,1804.7659522094737,1117.552066345215,687.2138858642585,3582,G006924E45911N,de la Thendia,45.911,6.924,0.303046
1988,535,1.824173994522099,-4.044833171691891,7.693181132812503,1793.5078451538097,1112.0810043334966,681.4268408203131,3313,G006928E45905N,de Trelaporte,45.905,6.928,0.2457876
1988,537,1.7249696960296712,-4.145952697631827,7.595892037979134,1764.3106019897484,1099.556740722657,664.7538612670915,3643,G006934E45883N,Mer de Glace ,45.883,6.934,-0.5612993
1988,539,1.8383940378875723,-4.033752585769655,7.7105406981735225,1793.7024581298826,1104.8552433776854,688.847214752197,3519,G006947E45933N,des Drus,45.933,6.947,0.4273658
1988,541,1.841629632194521,-4.03117192236328,7.714431238166811,1793.7690817871098,1103.3705134582524,690.3985683288577,3263,G006951E45939N,du Nant Blanc,45.939,6.951,0.3489157
1988,542,1.8776121037902853,-3.9950353953857403,7.750259674316409,1803.6614241333014,1106.4880593872072,697.1733647460942,3639,G006952E45951N,de la Pendant,45.951,6.952,0.2857285
1988,543,1.7845620656204206,-4.0894390565490735,7.658563226203917,1776.9022424316402,1095.9051826477048,680.9970597839354,3284,G006955E45927N,de la Charpoua,45.927,6.955,0.46423
1988,544,1.8481739716148304,-4.025251200370795,7.7215992117309495,1794.7490048217753,1102.2186035156242,692.530401306151,3475,G006955E45946N,des Grands Montets,45.946,6.955,-0.3147059
1988,547,1.8698339474868724,-4.003735643920903,7.743403624229426,1800.3877984619128,1103.470574188232,696.9172242736807,3585,G006957E45955N,de Lognan,45.955,6.957,0.3127653
1988,548,1.6297403349304216,-4.246523494262694,7.506004145202638,1732.4769656372077,1078.2634902954103,654.2134753417972,3534,G006960E45887N,de l'Aiguille du Tacul,45.887,6.96,-0.1589196
1988,549,1.7091371694602921,-4.166575740653997,7.584850101943966,1754.5076564331043,1085.7022378540032,668.8054185791009,3631,G006961E45912N,du Moine,45.912,6.961,0.1679459
1988,553,1.5954534106101916,-4.282670138237007,7.473576951614373,1721.073022644041,1070.7654275512687,650.3075950927721,3641,G006969E45888N,du Capucin,45.888,6.969,0.1871625
1988,557,1.581983816181176,-4.297635224617011,7.4616028679504325,1715.6679649047833,1065.8002508544914,649.8677140502919,0,G006977E45894N,des Dards 1,45.894,6.977,-0.0440434
1988,564,1.737932377738953,-4.14160229812622,7.617467175559998,1757.2864923095703,1077.7997367858886,679.4867555236817,3638,G006985E45951N,d'Argentiere,45.951,6.985,-0.1129368
1988,566,1.8067978737030004,-4.072264402130129,7.685860312637326,1776.1763914184564,1084.248267211914,691.9281242065424,0,G006986E45973N,des Dards 1,45.973,6.986,0.1514252
1988,567,1.8067978737030004,-4.072264402130129,7.685860312637326,1776.1763914184564,1084.248267211914,691.9281242065424,3712,G006986E45973N,du Passon 1,45.973,6.986,0.1989201
1988,569,1.844790606719975,-4.034254144531245,7.723835549896244,1786.2419109497082,1087.1672116088869,699.0746993408211,3698,G006988E45987N,du Tour,45.987,6.988,0.2934071
1988,571,1.7765175383758578,-4.103501883087155,7.656537122421268,1766.8261453247078,1079.4411743164064,687.3849710083014,3511,G006990E45969N,Adams Reilly,45.969,6.99,0.2274125
1988,572,1.5822292290801894,-4.29994756402589,7.464406084716787,1712.517558532712,1059.0718319702137,653.4457265624981,3466,G006992E45913N,de Talefre,45.913,6.992,-0.328985
1988,574,1.5174521607666054,-4.365672761367794,7.400577116271975,1694.1391525878917,1051.6760638427738,642.4630887451178,3258,G006994E45896N,de Pierre Joseph,45.896,6.994,0.25622
1988,575,1.7462633696746948,-4.134713864288318,7.627240765457165,1757.4932351684606,1074.6337249755873,682.8595101928731,3619,G006994E45965N,du Trident,45.965,6.994,0.2334306
1988,577,1.4890144920349224,-4.395400772094716,7.373429794311534,1684.9711990356473,1046.1235427856454,638.8476562500018,3301,G007000E45895N,de l'Aiguille de l'Eboulement,45.895,7.0,-0.4301694
1988,579,1.6909704240703605,-4.193220796813962,7.575161800842288,1742.3658483886727,1066.5454214477543,675.8204269409183,3640,G007003E45960N,du Chardonnet,45.96,7.003,0.1466384
1988,582,1.6498815627059957,-4.237428278289793,7.537191538116457,1733.483574462891,1062.502126098633,670.9814483642582,3356,G007008E45954N,du Milieu,45.954,7.008,-0.4452447
1989,423,1.9660124020118708,-3.3898517103347787,7.321876752777098,1355.3448934326168,678.0728771972655,677.2720162353512,3344,G006776E45799N,de la Berangere,45.799,6.776,-1.2508634
1989,424,1.9894151613197266,-3.3665253217392026,7.345355882797235,1364.7488773803684,681.4459356689443,683.3029417114242,3601,G006778E45809N,d'Armancette,45.809,6.778,-0.8659529
1989,427,1.9979320357589714,-3.3537858764877324,7.349650186424254,1369.755918182373,682.5517062377928,687.2042119445802,3650,G006783E45817N,de Covagnet,45.817,6.783,-0.7066581
1989,429,1.899161596954343,-3.442206902603152,7.240530334930416,1333.3766721191396,667.8827899169918,665.4938822021478,3651,G006784E45784N,de Tre la Tete 1,45.784,6.784,-2.1945062
1989,431,2.006483415565498,-3.344073775939934,7.35704084548951,1373.6853642272977,683.7671989440929,689.9181652832049,3276,G006785E45822N,du Miage 1,45.822,6.785,-1.3890841
1989,437,1.9711720365257275,-3.3691023296127316,7.311446641082766,1363.1511763916021,678.3402539062502,684.8109224853517,3388,G006792E45817N,du Miage 2,45.817,6.792,-0.8069521
1989,447,1.9560645890121522,-3.3759005112686093,7.288029927711494,1360.1525838317896,675.9235919189462,684.2289919128433,3579,G006799E45819N,du Miage 3,45.819,6.799,-0.8887879
1989,448,1.9788881299056944,-3.3554420503921563,7.313218548622124,1368.7062991638163,679.3592401123038,689.3470590515125,3649,G006799E45827N,du Miage 4,45.827,6.799,-0.6395956
1989,449,2.0074175560226526,-3.3298689742965624,7.344704324760446,1379.3984433288608,683.6538003540052,695.7446429748557,3296,G006799E45837N,du Tricot,45.837,6.799,-0.8669129
1989,459,2.0046928688735868,-3.321409220481881,7.330795196647634,1383.1424048767055,683.1695614624009,699.9728434143045,3648,G006811E45849N,de Bionnassay,45.849,6.811,-0.7793469
1989,460,1.999556801673894,-3.318985129714962,7.318098971481328,1384.4669761047383,682.4090977478033,702.0578783569347,3438,G006819E45856N,de Tete Rousse,45.856,6.819,-1.1205922
1989,462,1.995462296806339,-3.3191928318862876,7.310117663917545,1384.5727569274918,681.8123846435552,702.7603722839365,3280,G006823E45859N,de la Griaz,45.859,6.823,-0.7131951
1989,464,1.9815407351913428,-3.324760476448061,7.287842185249325,1382.6400503845207,679.7595788574214,702.8804715270993,3290,G006831E45863N,du Bourgeat,45.863,6.831,-0.6929995
1989,468,1.9408940703926065,-3.349696710823061,7.231485090026853,1372.6633759765618,673.6414221191402,699.0219538574215,3647,G006844E45863N,Taconnaz,45.863,6.844,-0.8263673
1989,484,2.1832665971527074,-3.1287295915679953,7.495263024291988,1474.4744517211902,713.2826162719722,761.1918354492182,3449,G006862E45976N,de la Floria,45.976,6.862,-1.4269898
1989,488,1.8883987868881276,-3.3787438134002645,7.155541625595099,1361.6524082946798,665.8862403869637,695.766167907716,3646,G006865E45868N,Bossons,45.868,6.865,-0.7933578
1989,489,2.2096177957534837,-3.104621847534176,7.523857677459723,1486.2192558288593,717.8093070983895,768.4099487304699,3709,G006865E45990N,du Mort 2,45.99,6.865,-1.7466352
1989,490,2.2096177957534837,-3.104621847534176,7.523857677459723,1486.2192558288593,717.8093070983895,768.4099487304699,3710,G006865E45990N,du Mort 1,45.99,6.865,-1.8434026
1989,491,2.2096177957534837,-3.104621847534176,7.523857677459723,1486.2192558288593,717.8093070983895,768.4099487304699,3711,G006865E45990N,du Mort 3,45.99,6.865,-1.653455
1989,497,2.1726401413650542,-3.1330267556915254,7.478307276840213,1474.9584769592298,712.3895207214362,762.5689562377938,0,G006871E45984N,des Dards 1,45.984,6.871,-1.6973643
1989,498,2.1726401413650542,-3.1330267556915254,7.478307276840213,1474.9584769592298,712.3895207214362,762.5689562377938,0,G006871E45984N,des Dards 1,45.984,6.871,-1.6919305
1989,499,2.1726401413650542,-3.1330267556915254,7.478307276840213,1474.9584769592298,712.3895207214362,762.5689562377938,3812,G006871E45984N,des Dards 2,45.984,6.871,-1.6675359
1989,500,2.1935436829910193,-3.1152772948150704,7.502364899215689,1483.0917586975065,715.7915068054186,767.3002518920881,3573,G006871E45992N,de Berard,45.992,6.871,-1.5008197
1989,503,1.8881607675552434,-3.3717622470855657,7.148084020614632,1366.106433868411,666.2772178649914,699.8292160034196,3483,G006875E45880N,Rond,45.88,6.875,-1.1687368
1989,504,2.1540530858612055,-3.1457597918319706,7.453866201972961,1470.8362171936033,709.9482254028319,760.8879917907713,3450,G006877E45985N,du Belvedere,45.985,6.877,-1.5024054
1989,506,1.8877417580032425,-3.3686947451782165,7.14417849960328,1368.267753906253,666.4674468994153,701.8003070068376,3265,G006880E45886N,du Telepherique,45.886,6.88,-1.1125356
1989,509,1.858148607227333,-3.3922499667892394,7.108547419662485,1357.621624694827,661.7020550537121,695.9195696411148,3391,G006882E45877N,Ouest de l'Aiguille du Midi,45.877,6.882,-0.7846597
1989,517,1.8518899884872386,-3.3934604131164594,7.097240628509516,1357.976950439451,660.9946551513664,696.9822952880847,3644,G006888E45882N,Arete Midi Plan,45.882,6.888,-0.9392563
1989,518,1.8742294159164496,-3.374127680770868,7.122586751022347,1367.2308621521024,664.7648805236828,702.4659816284196,3389,G006889E45892N,des Pelerins,45.892,6.889,-1.1559614
1989,524,1.8581659027557462,-3.3800841310348435,7.096416174964916,1366.7204759826695,662.9084689331069,703.8120070495625,3518,G006901E45901N,de Blaitiere,45.901,6.901,-1.1726164
1989,526,1.8269215805626002,-3.402893023567193,7.056736423110973,1356.7979306030306,658.0050109863296,698.792919616701,3381,G006906E45895N,du Plan,45.895,6.906,-0.9863491
1989,527,1.8221941332855192,-3.405019111473086,7.0494076164627035,1356.4033954162585,657.4335733032221,698.9698221130363,3317,G006909E45897N,du Fou,45.897,6.909,-0.9059267
1989,530,1.8372368947334201,-3.3909948010025093,7.06546882888793,1363.893969360348,660.2442517089829,703.6497176513652,3645,G006912E45907N,des Nantillons,45.907,6.912,-0.6068926
1989,531,1.8118706200332624,-3.407863499237062,7.031604977722166,1357.3154746398918,656.5094166564938,700.806057983398,3418,G006919E45906N,de la Republique,45.906,6.919,-0.6574781
1989,534,1.8077020015449543,-3.4086184455642683,7.0240226870727565,1358.2112319335947,656.254468994141,701.9567629394537,3582,G006924E45911N,de la Thendia,45.911,6.924,-1.5708559
1989,535,1.7800176790428193,-3.4288977599716164,6.988933356475833,1349.1510125732434,651.8292358398443,697.321776733399,3313,G006928E45905N,de Trelaporte,45.905,6.928,-1.5040505
1989,537,1.7075529389915525,-3.483884464881892,6.8989905812835755,1323.007597473147,639.7162817382823,683.2913157348646,3643,G006934E45883N,Mer de Glace ,45.883,6.934,-0.8578226
1989,539,1.7840200811843867,-3.416981256278992,6.985021657066344,1360.9004610290526,654.6232669067382,706.2771941223143,3519,G006947E45933N,des Drus,45.933,6.947,-1.0665329
1989,541,1.784657738945009,-3.4149162231216423,6.984231939430238,1363.375937591553,655.2478314208987,708.1281061706545,3263,G006951E45939N,du Nant Blanc,45.939,6.951,-0.896142
1989,542,1.8093930528602613,-3.395139078681945,7.013925422821047,1374.0434681396491,659.8189367675784,714.2245313720706,3639,G006952E45951N,de la Pendant,45.951,6.952,-0.5925463
1989,543,1.7431424261856066,-3.4459021019363414,6.932187192726134,1348.6201322937009,648.3034851074217,700.316647186279,3284,G006955E45927N,de la Charpoua,45.927,6.955,-0.572265
1989,544,1.7874683395767161,-3.41125331985474,6.986190237426752,1366.7717250061014,656.2899299621572,710.4817950439442,3475,G006955E45946N,des Grands Montets,45.946,6.955,-1.0517088
1989,547,1.8015981587219203,-3.399542457618716,7.002739013481136,1373.7006697082504,659.1209747314447,714.5796949768059,3585,G006957E45955N,de Lognan,45.955,6.957,-0.670365
1989,548,1.6337913813209546,-3.5290021406936636,6.796585141754152,1306.4814801025395,629.1297668457033,677.3517132568361,3534,G006960E45887N,de l'Aiguille du Tacul,45.887,6.96,-0.9420445
1989,549,1.6884082852706876,-3.4861481535797143,6.862964962539669,1329.4707122497546,639.1574507141108,690.313261535644,3631,G006961E45912N,du Moine,45.912,6.961,-0.9853823
1989,553,1.6072176590499825,-3.5455237862091105,6.7599593427276545,1300.3620171813945,625.3010176086416,675.0609995727528,3641,G006969E45888N,du Capucin,45.888,6.969,-0.9919971
1989,557,1.5950953174819897,-3.551488878051761,6.7416797514343205,1299.7122738952617,624.0386308288565,675.6736430664052,0,G006977E45894N,des Dards 1,45.894,6.977,-0.9114593
1989,564,1.6965330612945557,-3.472096625556946,6.865162986564636,1346.598377838135,644.1185180664063,702.4798597717287,3638,G006985E45951N,d'Argentiere,45.951,6.985,-0.7211259
1989,566,1.7421644709053024,-3.4375165612716683,6.921845741500853,1366.286537048339,652.8503533935544,713.4361836547846,0,G006986E45973N,des Dards 1,45.973,6.986,-1.2815708
1989,567,1.7421644709053024,-3.4375165612716683,6.921845741500853,1366.286537048339,652.8503533935544,713.4361836547846,3712,G006986E45973N,du Passon 1,45.973,6.986,-1.0465541
1989,569,1.7662990047340417,-3.419029754737852,6.951628002624515,1377.6287167968762,657.7539904785162,719.8747263183602,3698,G006988E45987N,du Tour,45.987,6.988,-0.2610883
1989,571,1.7193260339546221,-3.4538946667098984,6.892546973037723,1359.1764273071299,649.2689544677739,709.907472839356,3511,G006990E45969N,Adams Reilly,45.969,6.99,-0.8732384
1989,572,1.5886279011802602,-3.5511059240951597,6.728361964874259,1305.4997733154266,624.8974047851549,680.6023685302717,3466,G006992E45913N,de Talefre,45.913,6.992,-1.3045145
1989,574,1.5445912063140894,-3.58329595033264,6.672478601379398,1288.1349462280282,616.8432858276371,671.291660400391,3258,G006994E45896N,de Pierre Joseph,45.896,6.994,-0.8188354
1989,575,1.6965942636299216,-3.470122272148126,6.8633110378265485,1352.0896749877961,645.6894256591812,706.4002493286151,3619,G006994E45965N,du Trident,45.965,6.994,-1.004902
1989,577,1.5229882645607065,-3.5973481798171947,6.643324947357186,1282.4633026123076,613.590240478517,668.8730621337907,3301,G007000E45895N,de l'Aiguille de l'Eboulement,45.895,7.0,-1.1240987
1989,579,1.6526391606616988,-3.5053031078720083,6.810581665496827,1341.0233862304694,639.9809423828128,701.0424438476566,3640,G007003E45960N,du Chardonnet,45.96,7.003,-0.9338828
1989,582,1.620126728050233,-3.535067642303466,6.7753213309021,1333.2384963378913,636.2114754638675,697.0270208740237,3356,G007008E45954N,du Milieu,45.954,7.008,-1.0181503
1990,423,1.8365273942394247,-4.010628960174562,7.683683676879882,1510.5523424682613,812.6906970825196,697.8616453857418,3344,G006776E45799N,de la Berangere,45.799,6.776,-1.8445491
1990,424,1.8649384619865343,-3.978789639579781,7.708666482986444,1519.5745531921361,812.9432815856932,706.6312716064431,3601,G006778E45809N,d'Armancette,45.809,6.778,-1.6922754
1990,427,1.8758256366853705,-3.9636138840827946,7.715265067436218,1522.960385116577,811.3454393157957,711.6149458007812,3650,G006783E45817N,de Covagnet,45.817,6.783,-1.7619277
1990,429,1.7572621605377166,-4.089148442779544,7.603672693817136,1484.9507340087882,806.4158730468749,678.5348609619132,3651,G006784E45784N,de Tre la Tete 1,45.784,6.784,-3.3804944
1990,431,1.886354087266931,-3.951020161743154,7.723728241577157,1526.3059986877472,810.950840301514,715.355158386233,3276,G006785E45822N,du Miage 1,45.822,6.785,-1.2024016
1990,437,1.84481255127144,-3.9903573863830557,7.679982391784669,1512.88285333252,806.5664301147463,706.3164232177738,3388,G006792E45817N,du Miage 2,45.817,6.792,-1.5576164
1990,447,1.8275372261266787,-4.003930449138633,7.659004797737129,1507.2546208038357,803.1217251739504,704.1328956298851,3579,G006799E45819N,du Miage 3,45.819,6.799,-0.6124276
1990,448,1.8549210801687164,-3.975020693004616,7.684862745796197,1516.0940117950415,804.2109340362543,711.8830777587872,3649,G006799E45827N,du Miage 4,45.827,6.799,-1.404691
1990,449,1.8891508977213005,-3.938883497837056,7.717185180870066,1527.143250534061,805.572445114136,721.5708054199249,3296,G006799E45837N,du Tricot,45.837,6.799,-1.8019885
1990,459,1.8872008981103785,-3.9337448681678886,7.708146540306081,1526.6340400848353,800.907494186401,725.7265458984343,3648,G006811E45849N,de Bionnassay,45.849,6.811,-1.5465015
1990,460,1.8818672394867,-3.93486908510589,7.69860343403626,1525.0687511596698,797.6880808105471,727.3806703491227,3438,G006819E45856N,de Tete Rousse,45.856,6.819,-1.8912864
1990,462,1.8773580599126858,-3.9374386784477187,7.6921546657791176,1523.7077394561782,796.0160210723876,727.6917183837904,3280,G006823E45859N,de la Griaz,45.859,6.823,-1.7559884
1990,464,1.8614588414182633,-3.949858804195407,7.672776350685116,1518.768960220336,792.4011253814695,726.3678348388665,3290,G006831E45863N,du Bourgeat,45.863,6.831,-1.6796223
1990,468,1.8140536987552616,-3.9924874347991968,7.620594691375729,1503.6961463623038,785.6121806640623,718.0839656982415,3647,G006844E45863N,Taconnaz,45.863,6.844,-1.5102329
1990,484,2.104159815307614,-3.6907697268219026,7.899089223083493,1601.5351655273425,792.9551286621092,808.5800368652335,3449,G006862E45976N,de la Floria,45.976,6.862,-1.4339973
1990,488,1.7531516161537228,-4.045487347526544,7.551790432205205,1484.5874157714863,775.3891268920901,709.1982888793963,3646,G006865E45868N,Bossons,45.868,6.865,-0.8577242
1990,489,2.1356327314853725,-3.6584613471984806,7.929726679992681,1612.43514480591,793.5354820251466,818.8996627807635,3709,G006865E45990N,du Mort 2,45.99,6.865,-1.6956229
1990,490,2.1356327314853725,-3.6584613471984806,7.929726679992681,1612.43514480591,793.5354820251466,818.8996627807635,3710,G006865E45990N,du Mort 1,45.99,6.865,-1.7050434
1990,491,2.1356327314853725,-3.6584613471984806,7.929726679992681,1612.43514480591,793.5354820251466,818.8996627807635,3711,G006865E45990N,du Mort 3,45.99,6.865,-1.8438232
1990,497,2.0917760911102334,-3.7020252931442226,7.885577349136355,1598.5639598999037,789.6481638183594,808.9157960815442,0,G006871E45984N,des Dards 1,45.984,6.871,-1.8569261
1990,498,2.0917760911102334,-3.7020252931442226,7.885577349136355,1598.5639598999037,789.6481638183594,808.9157960815442,0,G006871E45984N,des Dards 1,45.984,6.871,-1.8430618
1990,499,2.0917760911102334,-3.7020252931442226,7.885577349136355,1598.5639598999037,789.6481638183594,808.9157960815442,3812,G006871E45984N,des Dards 2,45.984,6.871,-1.8123512
1990,500,2.1166474449691672,-3.6769675392074688,7.910262304519643,1606.9059690551726,790.847244750976,816.0587243041964,3573,G006871E45992N,de Berard,45.992,6.871,-1.5410595
1990,503,1.7535656785965044,-4.041347346305839,7.5484785556793295,1485.421333312991,771.9841766357425,713.4371566772484,3483,G006875E45880N,Rond,45.88,6.875,-1.3306469
1990,504,2.0698127447462076,-3.723463079280854,7.863088447608947,1592.0179383087154,786.8043189239502,805.2136193847653,3450,G006877E45985N,du Belvedere,45.985,6.877,-1.6943424
1990,506,1.7533801316642852,-4.0398792210388095,7.5466393373108005,1485.760576171878,770.2988690185551,715.4617071533229,3265,G006880E45886N,du Telepherique,45.886,6.88,-1.5052615
1990,509,1.7183379446144191,-4.074273007377616,7.510948746536263,1474.1026874694853,767.8953401794439,706.2073472900415,3391,G006882E45877N,Ouest de l'Aiguille du Midi,45.877,6.882,-0.5643764
1990,517,1.711266069629663,-4.079416851898199,7.501948841583245,1472.2138266601542,765.5436434326168,706.6701832275373,3644,G006888E45882N,Arete Midi Plan,45.882,6.888,-0.5409767
1990,518,1.7378406786003193,-4.052704598167411,7.528385809341439,1481.310052368167,766.5582273559573,714.7518250122096,3389,G006889E45892N,des Pelerins,45.892,6.889,-1.5791476
1990,524,1.7193666551427946,-4.067997007518757,7.506730175239573,1476.247796768192,761.7583587799079,714.4894379882842,3518,G006901E45901N,de Blaitiere,45.901,6.901,-1.5013974
1990,526,1.6825676321601972,-4.103052200050344,7.468187318649303,1464.2113240051303,758.2441004943854,705.967223510745,3381,G006906E45895N,du Plan,45.895,6.906,-1.166957
1990,527,1.6770955618467294,-4.107775388515476,7.461966367469784,1462.6699608917224,757.0100001983642,705.6599606933582,3317,G006909E45897N,du Fou,45.897,6.909,-1.9000007
1990,530,1.6950117723674674,-4.08971457434083,7.479737980163564,1469.177013488766,757.0398358764643,712.1371776123017,3645,G006912E45907N,des Nantillons,45.907,6.912,-1.6423994
1990,531,1.6652428924198133,-4.117539422592165,7.448025068328857,1459.793619171142,753.2839601745607,706.5096589965813,3418,G006919E45906N,de la Republique,45.906,6.919,-1.1134355
1990,534,1.6604609912509942,-4.121483955368039,7.44240580258179,1458.7956539306651,751.5138132324219,707.2818406982431,3582,G006924E45911N,de la Thendia,45.911,6.924,-1.6903121
1990,535,1.627875575037006,-4.152390646972653,7.408141657714848,1448.030884704591,748.4969839477542,699.5339007568368,3313,G006928E45905N,de Trelaporte,45.905,6.928,-1.5538318
1990,537,1.5425465400466987,-4.233390593559259,7.318483516983038,1419.1128966980004,741.8498416442874,677.2630550537131,3643,G006934E45883N,Mer de Glace ,45.883,6.934,-1.402967
1990,539,1.6328777222948068,-4.1465595275459295,7.412314859611511,1452.6717889251706,743.3295982513426,709.3421906738279,3519,G006947E45933N,des Drus,45.933,6.947,-1.2430861
1990,541,1.6336299355382935,-4.145965216716765,7.413224982307437,1453.6342392120368,742.2849729766848,711.3492662353518,3263,G006951E45939N,du Nant Blanc,45.939,6.951,-1.2314821
1990,542,1.6627190623912829,-4.118666215240477,7.444104246582032,1464.082847106934,743.7612739868166,720.3215731201176,3639,G006952E45951N,de la Pendant,45.951,6.952,-1.4997878
1990,543,1.5848075405645357,-4.191960346660615,7.361575311775207,1437.0913477325435,738.2631574249267,698.8281903076168,3284,G006955E45927N,de la Charpoua,45.927,6.955,-1.8761574
1990,544,1.6369152867221772,-4.143121437149053,7.41695191360473,1455.525457305906,741.4154118347165,714.1100454711897,3475,G006955E45946N,des Grands Montets,45.946,6.955,-1.8106086
1990,547,1.6535022002267796,-4.127775968418125,7.4347802819442705,1461.7796236419663,741.8992299652098,719.8803936767565,3585,G006957E45955N,de Lognan,45.955,6.957,-1.6610135
1990,548,1.4563508376216903,-4.311977231140135,7.224678749694826,1392.3818386840826,729.0385897827149,663.3432489013676,3534,G006960E45887N,de l'Aiguille du Tacul,45.887,6.96,-1.8379568
1990,549,1.5205081276473962,-4.252158259193424,7.293174384140011,1415.3275480346667,732.6972569580075,682.6302910766592,3631,G006961E45912N,du Moine,45.912,6.961,-1.3396724
1990,553,1.4252711503753601,-4.340457016975408,7.190999161056512,1382.7184226684549,724.5483317871089,658.1700908813459,3641,G006969E45888N,du Capucin,45.888,6.969,-1.0011033
1990,557,1.4111056554355565,-4.353487458160405,7.175698618713373,1378.9774573059062,721.4292974548334,657.5481598510727,0,G006977E45894N,des Dards 1,45.894,6.977,-1.8853353
1990,564,1.5297157425928118,-4.246297865543365,7.305729273338319,1423.3134554290773,727.0817372894287,696.2317181396487,3638,G006985E45951N,d'Argentiere,45.951,6.985,-2.1096952
1990,566,1.5830457539787273,-4.198176052635194,7.364267512222288,1442.8338638610833,730.3563671569823,712.4774967041009,0,G006986E45973N,des Dards 1,45.973,6.986,-1.6512339
1990,567,1.5830457539787273,-4.198176052635194,7.364267512222288,1442.8338638610833,730.3563671569823,712.4774967041009,3712,G006986E45973N,du Passon 1,45.973,6.986,-2.0213735
1990,569,1.611172966478351,-4.173308616195675,7.3956545205993685,1453.5090836181653,731.7647194824219,721.7443641357434,3698,G006988E45987N,du Tour,45.987,6.988,-2.5630803
1990,571,1.5561809105682396,-4.223580681190489,7.33594245140076,1434.0561567687996,727.6610536193849,706.3951031494149,3511,G006990E45969N,Adams Reilly,45.969,6.99,-1.7172236
1990,572,1.403420368021003,-4.3616464345703205,7.168487045166007,1379.0112787475555,716.9709502563471,662.0403284912085,3466,G006992E45913N,de Talefre,45.913,6.992,-2.2378232
1990,574,1.3519603433532743,-4.408137592453,7.112058130615237,1360.6848635253916,712.9986667480472,647.6861967773445,3258,G006994E45896N,de Pierre Joseph,45.896,6.994,-1.6225517
1990,575,1.5294556505012609,-4.248771309623709,7.307682556839,1425.306082000736,724.9596360778816,700.3464459228544,3619,G006994E45965N,du Trident,45.965,6.994,-1.534211
1990,577,1.3266711509227833,-4.431406002044671,7.084748153686533,1352.625846862796,709.7285842895512,642.8972625732446,3301,G007000E45895N,de l'Aiguille de l'Eboulement,45.895,7.0,-0.6376877
1990,579,1.4789726561594023,-4.298857717285155,7.256802976531985,1410.8237002563483,720.124584350586,690.6991159057624,3640,G007003E45960N,du Chardonnet,45.96,7.003,-1.7293928
1990,582,1.4428082346839917,-4.336059232391356,7.2216756472473165,1401.387770507813,717.4610574951172,683.9267130126957,3356,G007008E45954N,du Milieu,45.954,7.008,-1.4984145
1991,423,1.1909546138324727,-5.018391588638307,7.400300911605834,1486.3614309997554,776.7362038269042,709.6252271728513,3344,G006776E45799N,de la Berangere,45.799,6.776,-1.0961833
1991,424,1.2181651128692557,-4.9914542193450995,7.4277845163574145,1495.5545099792457,778.7188605041498,716.8356494750958,3601,G006778E45809N,d'Armancette,45.809,6.778,-0.8670448
1991,427,1.2262839052972785,-4.982301735183717,7.434869598991393,1499.314146240234,778.9395478210448,720.3745984191894,3650,G006783E45817N,de Covagnet,45.817,6.783,-1.1186908
1991,429,1.1069859102973907,-5.097898386871341,7.31187033602905,1461.3765021972647,769.5537441406248,691.8227580566398,3651,G006784E45784N,de Tre la Tete 1,45.784,6.784,-0.3639566
1991,431,1.235756863040933,-4.972597165145865,7.444110933532723,1502.8025651550322,779.5048472595222,723.29771789551,3276,G006785E45822N,du Miage 1,45.822,6.785,-1.5324535
1991,437,1.1903541006984724,-5.014916706588744,7.395624962966921,1489.8854303283695,775.3669768371583,714.5184534912112,3388,G006792E45817N,du Miage 2,45.817,6.792,-0.6897762
1991,447,1.1693176301488952,-5.033577053176873,7.372212365791329,1484.753505676272,773.1166309509283,711.6368747253438,3579,G006799E45819N,du Miage 3,45.819,6.799,-1.065442
1991,448,1.1969533622579498,-5.006749639602669,7.400656400276176,1493.559589904783,775.2299126892085,718.3296772155744,3649,G006799E45827N,du Miage 4,45.827,6.799,-0.9329602
1991,449,1.2314980273943046,-4.973215372634879,7.436211443382275,1504.567195190433,777.8715148620613,726.6956803283717,3296,G006799E45837N,du Tricot,45.837,6.799,-1.1839467
1991,459,1.2240302185716518,-4.977476878860485,7.425537316673267,1504.7664659423792,776.0673415222159,728.6991244201632,3648,G006811E45849N,de Bionnassay,45.849,6.811,-0.8314546
1991,460,1.2152271604480802,-4.984041725662226,7.414496041458136,1503.6387796325705,774.5235930480962,729.115186584474,3438,G006819E45856N,de Tete Rousse,45.856,6.819,-1.5246099
1991,462,1.2090191011877103,-4.989080237258907,7.407118433174137,1502.4903191528338,773.6031802673342,728.8871388854992,3280,G006823E45859N,de la Griaz,45.859,6.823,-1.0722967
1991,464,1.1896729037885634,-5.005885280471805,7.385231083045957,1497.982747253417,771.2296453552243,726.7531018981927,3290,G006831E45863N,du Bourgeat,45.863,6.831,-0.7101389
1991,468,1.1361936447734806,-5.054578000015262,7.326965297378537,1483.6810321960443,765.7411935729978,717.9398386230464,3647,G006844E45863N,Taconnaz,45.863,6.844,-0.9762854
1991,484,1.4336829917449918,-4.761897123168948,7.629263026184079,1580.1401427612295,784.0863167114255,796.0538260498039,3449,G006862E45976N,de la Floria,45.976,6.862,-1.5767771
1991,488,1.066204138727194,-5.117341459884638,7.249749761428839,1465.7054566955585,758.0149913024907,707.6904653930679,3646,G006865E45868N,Bossons,45.868,6.865,-0.7927999
1991,489,1.4663657542228756,-4.729527611923213,7.662259036254889,1590.8090141296404,785.8250938415531,804.9839202880873,3709,G006865E45990N,du Mort 2,45.99,6.865,-1.9151905
1991,490,1.4663657542228756,-4.729527611923213,7.662259036254889,1590.8090141296404,785.8250938415531,804.9839202880873,3710,G006865E45990N,du Mort 1,45.99,6.865,-2.0668628
1991,491,1.4663657542228756,-4.729527611923213,7.662259036254889,1590.8090141296404,785.8250938415531,804.9839202880873,3711,G006865E45990N,du Mort 3,45.99,6.865,-1.7841733
1991,497,1.4200839538517038,-4.772994858291622,7.613162705581669,1577.2270517272962,781.5259581604006,795.7010935668957,0,G006871E45984N,des Dards 1,45.984,6.871,-1.8759135
1991,498,1.4200839538517038,-4.772994858291622,7.613162705581669,1577.2270517272962,781.5259581604006,795.7010935668957,0,G006871E45984N,des Dards 1,45.984,6.871,-1.8600224
1991,499,1.4200839538517038,-4.772994858291622,7.613162705581669,1577.2270517272962,781.5259581604006,795.7010935668957,3812,G006871E45984N,des Dards 2,45.984,6.871,-1.8039573
1991,500,1.4461971846790207,-4.74769144178773,7.640085744461048,1585.3757843933072,783.3232379455558,802.0525464477514,3573,G006871E45992N,de Berard,45.992,6.871,-1.5110866
1991,503,1.0639770567417228,-5.11710156440734,7.2450557041168295,1466.815395355227,756.4352607727055,710.3801345825216,3483,G006875E45880N,Rond,45.88,6.875,-1.424305
1991,504,1.3967305273962012,-4.794242240371705,7.587703252449035,1570.8094674682616,778.8159007263183,791.9935667419431,3450,G006877E45985N,du Belvedere,45.985,6.877,-1.6506407
1991,506,1.0626256249237156,-5.117219741210928,7.2424710198974696,1467.2676535034207,755.5960202026374,711.6716333007835,3265,G006880E45886N,du Telepherique,45.886,6.88,-1.3278271
1991,509,1.0251607531967255,-5.153037043502799,7.203358586853037,1455.9605508728057,752.7587798156744,703.201771057131,3391,G006882E45877N,Ouest de l'Aiguille du Midi,45.877,6.882,-1.0994802
1991,517,1.0163520814285216,-5.160143116027838,7.192847320739739,1454.259848449705,751.256232238769,703.0036162109359,3644,G006888E45882N,Arete Midi Plan,45.882,6.888,-1.2229782
1991,518,1.044353827760705,-5.132785959030143,7.22149365296937,1463.1185265197782,752.971469085694,710.1470574340842,3389,G006889E45892N,des Pelerins,45.892,6.889,-1.1387337
1991,524,1.0227322255811808,-5.150901863052357,7.196366368019117,1458.378984191898,749.588101898194,708.7908822937038,3518,G006901E45901N,de Blaitiere,45.901,6.901,-1.0186052
1991,526,0.9826312213134878,-5.188554477920522,7.1538169836425896,1446.7895997619662,746.1401713562019,700.6494284057644,3381,G006906E45895N,du Plan,45.895,6.906,-1.0946043
1991,527,0.9763635257558783,-5.193920487686161,7.1466476066360425,1445.330094665526,745.2285638122556,700.1015308532703,3317,G006909E45897N,du Fou,45.897,6.909,-0.9785233
1991,530,0.9953103623523605,-5.17488266255189,7.165503458602894,1451.6313022155728,745.9277071228021,705.7035950927708,3645,G006912E45907N,des Nantillons,45.907,6.912,-1.1097258
1991,531,0.9625624442520122,-5.204952661636355,7.130077633636473,1442.6150659484856,742.6050871887206,700.0099787597651,3418,G006919E45906N,de la Republique,45.906,6.919,-1.1829292
1991,534,0.9570455166759518,-5.209135992935178,7.123227119033817,1441.6595712585458,741.3541091003419,700.3054621582039,3582,G006924E45911N,de la Thendia,45.911,6.924,-1.7260334
1991,535,0.9214019216442146,-5.242699056320187,7.085502998428348,1431.3186793518078,738.3996870422366,692.9189923095712,3313,G006928E45905N,de Trelaporte,45.905,6.928,-1.1977043
1991,537,0.8279052263374405,-5.331756645339958,6.987567200531014,1403.6030338439964,731.546164886475,672.0568689575214,3643,G006934E45883N,Mer de Glace ,45.883,6.934,-0.5449995
1991,539,0.9269021405420296,-5.233045074417115,7.086849501335143,1435.5974824218747,735.0633368835449,700.5341455383299,3519,G006947E45933N,des Drus,45.933,6.947,-1.1160524
1991,541,0.928023051184656,-5.231060716751097,7.087106977241518,1436.441165344239,734.3055953063968,702.1355700378422,3263,G006951E45939N,du Nant Blanc,45.939,6.951,-1.2047391
1991,542,0.9603090017719287,-5.199624013809203,7.120242185043337,1446.3681177673345,736.0043783874512,710.3637393798832,3639,G006952E45951N,de la Pendant,45.951,6.952,-1.1157933
1991,543,0.8742588832235321,-5.282135553665162,7.030653479499815,1420.6209683227535,730.3071458435057,690.3138224792476,3284,G006955E45927N,de la Charpoua,45.927,6.955,-1.208937
1991,544,0.9320592091369564,-5.226262681350715,7.090381271514885,1438.1527967834452,733.7000965881343,704.4527001953109,3475,G006955E45946N,des Grands Montets,45.946,6.955,-1.0707585
1991,547,0.9507243779993012,-5.207774603958134,7.1092235429000805,1444.047095947264,734.3619615173338,709.6851344299305,3585,G006957E45955N,de Lognan,45.955,6.957,-1.307361
1991,548,0.7316878530216232,-5.418808121719358,6.882183967819215,1378.0742478942875,720.9873149108887,657.0869329833988,3534,G006960E45887N,de l'Aiguille du Tacul,45.887,6.96,-1.3641009
1991,549,0.8031672020168262,-5.34949715238953,6.955831716903682,1399.8437363586413,724.9340762634274,674.9096600952139,3631,G006961E45912N,du Moine,45.912,6.961,-1.3260846
1991,553,0.6970979298229149,-5.450186329025275,6.844382342208855,1368.8333042297343,717.2400125427241,651.5932916870102,3641,G006969E45888N,du Capucin,45.888,6.969,-1.1381834
1991,557,0.6815627982597289,-5.4633854295501765,6.826511197143548,1365.189725555418,714.7518218688961,650.437903686522,0,G006977E45894N,des Dards 1,45.894,6.977,-0.8689426
1991,564,0.8168780156946185,-5.330912094802856,6.964668376274108,1406.749616699219,720.4789781188965,686.2706385803224,3638,G006985E45951N,d'Argentiere,45.951,6.985,-0.5307016
1991,566,0.8776556315307598,-5.272000071578981,7.0273116134033184,1425.0707454528801,723.56303616333,701.5077092895501,0,G006986E45973N,des Dards 1,45.973,6.986,-1.5763736
1991,567,0.8776556315307598,-5.272000071578981,7.0273116134033184,1425.0707454528801,723.56303616333,701.5077092895501,3712,G006986E45973N,du Passon 1,45.973,6.986,-1.5213209
1991,569,0.91021508324242,-5.240126229202267,7.060556697341922,1435.0103484802257,724.844572845459,710.1657756347666,3698,G006988E45987N,du Tour,45.987,6.988,-0.5778563
1991,571,0.8482390158271815,-5.299538905258176,6.9960172221374535,1416.636935882569,720.9953919982911,695.641543884278,3511,G006990E45969N,Adams Reilly,45.969,6.99,-1.2540853
1991,572,0.6745689925823116,-5.466786791793833,6.815924995376577,1364.886612213132,711.1711618957514,653.7154503173805,3466,G006992E45913N,de Talefre,45.913,6.992,-0.5247987
1991,574,0.6161134724655184,-5.522779895446774,6.755007039916997,1347.6424910278329,707.5998566284181,640.0426343994147,3258,G006994E45896N,de Pierre Joseph,45.896,6.994,-0.9045472
1991,575,0.8189069835281482,-5.326993072433461,6.964807330627453,1408.2396458435092,718.4453034973151,689.7943423461941,3619,G006994E45965N,du Trident,45.965,6.994,-1.0054253
1991,577,0.5879842007160279,-5.548598947525015,6.724567556381235,1339.9443626403836,704.8042106628423,635.1401519775413,3301,G007000E45895N,de l'Aiguille de l'Eboulement,45.895,7.0,-1.3221658
1991,579,0.7642514875125903,-5.380083178329466,6.908586448669435,1394.7330378723152,714.2076597595216,680.5253781127935,3640,G007003E45960N,du Chardonnet,45.96,7.003,-1.1763828
1991,582,0.7248102280406968,-5.420835486145018,6.870456221008302,1386.5058787231449,712.3261614379884,674.1797172851567,3356,G007008E45954N,du Milieu,45.954,7.008,-0.8137175
1992,423,1.2387473844404207,-5.624527449218751,8.102022379760742,1567.8196199951167,763.6778897705078,804.1417302246091,3344,G006776E45799N,de la Berangere,45.799,6.776,-1.6178082
1992,424,1.2681180656680984,-5.596792728820807,8.133029012908928,1574.909085357664,765.8118374938958,809.0972478637681,3601,G006778E45809N,d'Armancette,45.809,6.778,-1.1572381
1992,427,1.2806623918824191,-5.581250572479249,8.142575498886107,1577.0763625946042,765.7282516632079,811.3481109313964,3650,G006783E45817N,de Covagnet,45.817,6.783,-1.2615365
1992,429,1.1602205823211638,-5.686018004272464,8.006459330291744,1546.0858307495107,754.6363250122068,791.4495057373041,3651,G006784E45784N,de Tre la Tete 1,45.784,6.784,-2.4373364
1992,431,1.2920140084123706,-5.569526128921501,8.153554283523569,1579.5626362609885,766.2740336608895,813.2886026000991,3276,G006785E45822N,du Miage 1,45.822,6.785,-0.7256324
1992,437,1.2518637982912075,-5.598519507324219,8.102247237854007,1567.8478542480473,760.9786350097659,806.8692192382813,3388,G006792E45817N,du Miage 2,45.817,6.792,-1.0520332
1992,447,1.2364946845202525,-5.6058445240478445,8.07883401939393,1562.46747633362,757.928446517945,804.5390298156752,3579,G006799E45819N,du Miage 3,45.819,6.799,-1.1711448
1992,448,1.2646138539423866,-5.581419015869148,8.11064684654235,1569.6568795318583,760.5042776947014,809.152601837157,3649,G006799E45827N,du Miage 4,45.827,6.799,-1.1672341
1992,449,1.2997628157200918,-5.550887130645743,8.150412880477917,1578.643633529666,763.7240666656503,814.9195668640155,3296,G006799E45837N,du Tricot,45.837,6.799,-1.1689107
1992,459,1.3025734440274122,-5.538898116790782,8.144045110397325,1576.8834648284883,761.3023994293202,815.5810653991681,3648,G006811E45849N,de Bionnassay,45.849,6.811,-1.2906948
1992,460,1.3005786538429318,-5.534550713455195,8.135708120040901,1574.7239910278336,759.383259948731,815.3407310791026,3438,G006819E45856N,de Tete Rousse,45.856,6.819,-1.4416134
1992,462,1.2977480293307353,-5.534030481201167,8.129526635971075,1573.176198013307,758.2664045257571,814.9097934875496,3280,G006823E45859N,de la Griaz,45.859,6.823,-1.2880211
1992,464,1.2850367795958488,-5.539130227111819,8.109203877792355,1568.2782696075428,755.3897235565182,812.8885460510248,3290,G006831E45863N,du Bourgeat,45.863,6.831,-1.1204511
1992,468,1.2419282365426991,-5.566603288818362,8.050459847106932,1554.5750816040031,748.6029945678708,805.9720870361323,3647,G006844E45863N,Taconnaz,45.863,6.844,-1.2371178
1992,484,1.561439842849728,-5.289740083404544,8.412619870605464,1632.7098771362296,776.4685042114254,856.2413729248041,3449,G006862E45976N,de la Floria,45.976,6.862,-1.0468189
1992,488,1.189032245550162,-5.597112534103388,7.975177101516731,1536.7266369628924,739.2904528808599,797.4361840820322,3646,G006865E45868N,Bossons,45.868,6.865,-1.1638473
1992,489,1.5975098699808181,-5.258676825332637,8.453696672439582,1641.341013336183,779.565969085694,861.7750442504894,3709,G006865E45990N,du Mort 2,45.99,6.865,-1.5898384
1992,490,1.5975098699808181,-5.258676825332637,8.453696672439582,1641.341013336183,779.565969085694,861.7750442504894,3710,G006865E45990N,du Mort 1,45.99,6.865,-1.6726424
1992,491,1.5975098699808181,-5.258676825332637,8.453696672439582,1641.341013336183,779.565969085694,861.7750442504894,3711,G006865E45990N,du Mort 3,45.99,6.865,-1.4652984
1992,497,1.5556906476326033,-5.291071457778926,8.402452863388067,1629.4185100708019,774.5425006713871,854.8760093994147,0,G006871E45984N,des Dards 1,45.984,6.871,-1.5792881
1992,498,1.5556906476326033,-5.291071457778926,8.402452863388067,1629.4185100708019,774.5425006713871,854.8760093994147,0,G006871E45984N,des Dards 1,45.984,6.871,-1.5645108
1992,499,1.5556906476326033,-5.291071457778926,8.402452863388067,1629.4185100708019,774.5425006713871,854.8760093994147,3812,G006871E45984N,des Dards 2,45.984,6.871,-1.5098222
1992,500,1.5823548154983413,-5.269081952529916,8.433791696395861,1636.2485197143528,777.1894441528309,859.0590755615217,3573,G006871E45992N,de Berard,45.992,6.871,-0.9417666
1992,503,1.1956205272674647,-5.585675859451287,7.976916990280162,1536.3695907592796,738.052406311036,798.3171844482434,3483,G006875E45880N,Rond,45.88,6.875,-1.1869982
1992,504,1.5372783534979808,-5.304098397979738,8.378655220413206,1623.4909836578368,771.8314040374755,851.6595796203612,3450,G006877E45985N,du Belvedere,45.985,6.877,-1.4911107
1992,506,1.198687324132929,-5.580338147582999,7.977712873077404,1536.1349124145531,737.4444943237315,798.6904180908218,3265,G006880E45886N,du Telepherique,45.886,6.88,-1.1472901
1992,509,1.1621919320888612,-5.609078819763176,7.933462756805431,1526.3760379943874,733.4160274353037,792.9600105590835,3391,G006882E45877N,Ouest de l'Aiguille du Midi,45.877,6.882,-0.7014816
1992,517,1.158533884866708,-5.608729983642585,7.9257978266906655,1524.2147986450177,731.9588952026361,792.2559034423819,3644,G006888E45882N,Arete Midi Plan,45.882,6.888,-0.9545764
1992,518,1.1880453700962157,-5.584198019699089,7.96028883796693,1531.57405383301,734.7700867919931,796.803967041017,3389,G006889E45892N,des Pelerins,45.892,6.889,-0.8372938
1992,524,1.176688962245476,-5.587433203704824,7.940811209793106,1526.2231187286407,731.559522872926,794.6635958557147,3518,G006901E45901N,de Blaitiere,45.901,6.901,-0.8388652
1992,526,1.1401611483669392,-5.614407311401359,7.894729685211195,1515.8426335144072,726.9615657043469,788.8810678100604,3381,G006906E45895N,du Plan,45.895,6.906,-1.1251533
1992,527,1.1364445853819802,-5.615977289947514,7.888866538772577,1514.2805428619376,726.0783682708736,788.2021745910638,3317,G006909E45897N,du Fou,45.897,6.909,-1.3542122
1992,530,1.1585333351774103,-5.596995681640633,7.914062437133776,1519.336319824216,727.8840903320302,791.4522294921858,3645,G006912E45907N,des Nantillons,45.907,6.912,-1.237815
1992,531,1.1313312502450918,-5.615637141525271,7.8782997261810275,1510.9417026672359,723.9309291687009,787.0107734985348,3418,G006919E45906N,de la Republique,45.906,6.919,-0.9853213
1992,534,1.1302036449975998,-5.614490265380857,7.874897643737796,1509.640507141114,723.034248718262,786.6062584228521,3582,G006924E45911N,de la Thendia,45.911,6.924,-0.9164181
1992,535,1.0973202586603201,-5.638801268310544,7.833441868591313,1500.3952264404306,718.9422979736332,781.4529284667975,3313,G006928E45905N,de Trelaporte,45.905,6.928,-1.1084392
1992,537,1.0069620807037434,-5.707156401611321,7.72108062423707,1475.9957076721212,708.3908645935066,767.6048430786144,3643,G006934E45883N,Mer de Glace ,45.883,6.934,-1.0994327
1992,539,1.1202488466744414,-5.6143654928283695,7.8548632994842515,1502.4468545379636,718.6487753448484,783.7980791931152,3519,G006947E45933N,des Drus,45.933,6.947,-0.710338
1992,541,1.1250630117602363,-5.6095407841796865,7.859666928939822,1502.878796401978,718.6395873870852,784.2392090148928,3263,G006951E45939N,du Nant Blanc,45.939,6.951,-1.0513717
1992,542,1.1590959272871035,-5.583102010742186,7.901294000854495,1511.415822875977,722.2173314208987,789.1984914550784,3639,G006952E45951N,de la Pendant,45.951,6.952,-1.205485
1992,543,1.0735809281039224,-5.6480009548950205,7.795162919235228,1488.8566751861567,712.4940328216551,776.3626423645017,3284,G006955E45927N,de la Charpoua,45.927,6.955,-1.3581178
1992,544,1.1328767599725655,-5.60252563804627,7.868279288864127,1504.0821284484846,718.9775639343254,785.1045645141592,3475,G006955E45946N,des Grands Montets,45.946,6.955,-1.3590472
1992,547,1.1538673835682822,-5.585989490966801,7.893724400711054,1509.0711962127675,721.0273145294184,788.043881683349,3585,G006957E45955N,de Lognan,45.955,6.957,-1.2847842
1992,548,0.9318642636632934,-5.754812526855467,7.6185411132812515,1451.457758789063,696.2490283203127,755.2087304687502,3534,G006960E45887N,de l'Aiguille du Tacul,45.887,6.96,-1.336571
1992,549,1.0061295215759238,-5.697825771957401,7.710084905471797,1470.328591735839,704.2794160766597,766.0491756591791,3631,G006961E45912N,du Moine,45.912,6.961,-1.2790817
1992,553,0.9045597307548454,-5.77241161058045,7.581531130447379,1442.6287681274396,691.9201576538078,750.7086104736318,3641,G006969E45888N,du Capucin,45.888,6.969,-1.0411761
1992,557,0.8959177493753372,-5.776361568740849,7.568197132644646,1438.7969244689925,689.8321282653801,748.9647962036123,0,G006977E45894N,des Dards 1,45.894,6.977,-1.5153247
1992,564,1.0423309159207348,-5.665122835998535,7.749784817886352,1474.8188646698,705.3480054473878,769.4708592224122,3638,G006985E45951N,d'Argentiere,45.951,6.985,-1.3275353
1992,566,1.1057281516208626,-5.617836980651857,7.829293467864987,1490.9138061828608,712.428259246826,778.4855469360348,0,G006986E45973N,des Dards 1,45.973,6.986,-1.6137067
1992,567,1.1057281516208626,-5.617836980651857,7.829293467864987,1490.9138061828608,712.428259246826,778.4855469360348,3712,G006986E45973N,du Passon 1,45.973,6.986,-1.5893099
1992,569,1.1410649714021723,-5.591439772460935,7.873569922180181,1499.5988464965828,716.2456847534183,783.3531617431645,3698,G006988E45987N,du Tour,45.987,6.988,-1.4873847
1992,571,1.079222838191989,-5.637132732849119,7.795578589630131,1483.304897918702,709.0121186828617,774.2927792358403,3511,G006990E45969N,Adams Reilly,45.969,6.99,-1.1202264
1992,572,0.9025225348215005,-5.767525611083992,7.572570773620594,1437.4822366943333,688.6290181884755,748.853218505858,3466,G006992E45913N,de Talefre,45.913,6.992,-1.402464
1992,574,0.8442584488983186,-5.810059653656003,7.498576617126469,1422.1025621948252,681.7143445434574,740.3882176513677,3258,G006994E45896N,de Pierre Joseph,45.896,6.994,-1.0579679
1992,575,1.0527983581829183,-5.656293151550285,7.76189004440309,1475.7159559631377,705.592027435304,770.1239285278336,3619,G006994E45965N,du Trident,45.965,6.994,-1.2325476
1992,577,0.8208548802137469,-5.825780029296868,7.467489852905285,1414.881210327151,678.2596588134777,736.6215515136732,3301,G007000E45895N,de l'Aiguille de l'Eboulement,45.895,7.0,-1.2269609
1992,579,1.0038046593034289,-5.695344561843871,7.702954047241214,1463.696072387696,700.093630371094,763.6024420166019,3640,G007003E45960N,du Chardonnet,45.96,7.003,-1.3027518
1992,582,0.9659498120555894,-5.728591990844726,7.660491764312746,1456.6768069458012,696.799336608887,759.8774703369143,3356,G007008E45954N,du Milieu,45.954,7.008,-1.520237
1993,423,1.476380819369315,-4.663787141021729,7.616548897552489,1793.7660637207025,843.1782874755859,950.5877762451167,3344,G006776E45799N,de la Berangere,45.799,6.776,-0.7423884
1993,424,1.5021891285877158,-4.642591255981451,7.646969606780997,1803.8223891601535,844.9364304199214,958.8859587402322,3601,G006778E45809N,d'Armancette,45.809,6.778,-0.7838624
1993,427,1.5096156802430145,-4.636167898727417,7.655399337005615,1809.143799255371,844.746268798828,964.3975304565429,3650,G006783E45817N,de Covagnet,45.817,6.783,-0.6703504
1993,429,1.3958851415100066,-4.728079164215091,7.5198496086120565,1770.2684843139637,835.4099519653319,934.8585323486319,3651,G006784E45784N,de Tre la Tete 1,45.784,6.784,-1.1077058
1993,431,1.5185161891985026,-4.628852611846917,7.665885057449351,1813.324309692386,845.1516882324224,968.1726214599634,3276,G006785E45822N,du Miage 1,45.822,6.785,-0.4607224
1993,437,1.4748188459978118,-4.6637342394104,7.613372017669679,1802.0138804931646,840.5266926269533,961.4871878662112,3388,G006792E45817N,du Miage 2,45.817,6.792,-0.6342336
1993,447,1.4543353450121952,-4.679914353652948,7.588585131835947,1798.745074279788,837.7795000000004,960.9655742797873,3579,G006799E45819N,du Miage 3,45.819,6.799,-0.5885468
1993,448,1.4806581587214396,-4.6588728618316715,7.620189248657218,1807.8518189086892,839.918299804687,967.9335191040024,3649,G006799E45827N,du Miage 4,45.827,6.799,-0.4553262
1993,449,1.5135616758580301,-4.632570997055047,7.659694394683849,1819.2352496948279,842.5917995605477,976.6434501342801,3296,G006799E45837N,du Tricot,45.837,6.799,-0.6049461
1993,459,1.505655117367257,-4.639355878280648,7.650666146087633,1822.9871364135704,840.1390461425773,982.8480902709932,3648,G006811E45849N,de Bionnassay,45.849,6.811,-0.6347354
1993,460,1.4967309662208612,-4.647089734863277,7.640551695632941,1824.203608276369,838.2238209228519,985.979787353517,3438,G006819E45856N,de Tete Rousse,45.856,6.819,-0.7032804
1993,462,1.4905459804110568,-4.652396131240842,7.633488119506842,1824.2112920532243,837.1298105468752,987.081481506349,3280,G006823E45859N,de la Griaz,45.859,6.823,-0.6829208
1993,464,1.4715745761961905,-4.668302463577273,7.611451646423335,1821.9416052856436,834.4063637695309,987.5352415161128,3290,G006831E45863N,du Bourgeat,45.863,6.831,-0.6439213
1993,468,1.4197629769830675,-4.7105997165222195,7.5501257194519,1811.0173134765619,828.2571463623044,982.7601671142575,3647,G006844E45863N,Taconnaz,45.863,6.844,-0.7138646
1993,484,1.7013872149352995,-4.501468222991946,7.904242536926265,1917.0775188598623,849.3072772827146,1067.7702415771475,3449,G006862E45976N,de la Floria,45.976,6.862,-0.5697342
1993,488,1.3516639971065578,-4.767143239135738,7.470471303939826,1798.7169091796895,819.6305944824223,979.0863146972672,3646,G006865E45868N,Bossons,45.868,6.865,-0.6701175
1993,489,1.7322229986429267,-4.47964269790649,7.944088563919074,1929.1722076416036,851.5164978027349,1077.6557098388687,3709,G006865E45990N,du Mort 2,45.99,6.865,-0.79464
1993,490,1.7322229986429267,-4.47964269790649,7.944088563919074,1929.1722076416036,851.5164978027349,1077.6557098388687,3710,G006865E45990N,du Mort 1,45.99,6.865,-0.8312581
1993,491,1.7322229986429267,-4.47964269790649,7.944088563919074,1929.1722076416036,851.5164978027349,1077.6557098388687,3711,G006865E45990N,du Mort 3,45.99,6.865,-0.6891462
1993,497,1.6877127643928564,-4.516313749145505,7.891739172744756,1916.9549815673843,847.0443470458987,1069.9106345214857,0,G006871E45984N,des Dards 1,45.984,6.871,-0.7648697
1993,498,1.6877127643928564,-4.516313749145505,7.891739172744756,1916.9549815673843,847.0443470458987,1069.9106345214857,0,G006871E45984N,des Dards 1,45.984,6.871,-0.7556584
1993,499,1.6877127643928564,-4.516313749145505,7.891739172744756,1916.9549815673843,847.0443470458987,1069.9106345214857,3812,G006871E45984N,des Dards 2,45.984,6.871,-0.7209707
1993,500,1.7125430780105488,-4.497660254394539,7.922746292495716,1925.4592183837858,849.130869506835,1076.328348876951,3573,G006871E45992N,de Berard,45.992,6.871,-0.5979463
1993,503,1.348800458908089,-4.772105636596674,7.4697066211700545,1802.9674530029324,818.021316528321,984.9461364746114,3483,G006875E45880N,Rond,45.88,6.875,-0.5527006
1993,504,1.6650067889380447,-4.536538617630006,7.86655210494995,1912.2103433227535,844.4006262207031,1067.8097171020504,3450,G006877E45985N,du Belvedere,45.985,6.877,-0.5985709
1993,506,1.3471354866695495,-4.774959959869378,7.469230998992931,1804.9985830688506,817.2085092163094,987.7900738525414,3265,G006880E45886N,du Telepherique,45.886,6.88,-0.5355878
1993,509,1.3113676993236631,-4.80223268225097,7.424968163299572,1793.8060954589873,813.9199482421883,979.8861472167989,3391,G006882E45877N,Ouest de l'Aiguille du Midi,45.877,6.882,-0.4722468
1993,517,1.3025356958713472,-4.810796702056889,7.415868178558343,1793.902485168455,812.370586120605,981.53189904785,3644,G006888E45882N,Arete Midi Plan,45.882,6.888,-0.5796902
1993,518,1.329072442209252,-4.791558488281244,7.44970344505311,1803.4842929687532,814.4876613769537,988.9966315917992,3389,G006889E45892N,des Pelerins,45.892,6.889,-0.5042719
1993,524,1.3075791252246012,-4.81217904664611,7.427337378692641,1802.3211570434605,811.1027092285167,991.218447814944,3518,G006901E45901N,de Blaitiere,45.901,6.901,-0.4332056
1993,526,1.2690806747722732,-4.842354425353996,7.3805158729553355,1791.7622491455113,807.1745489501964,984.587700195315,3381,G006906E45895N,du Plan,45.895,6.906,-0.5752068
1993,527,1.2628860531706771,-4.8481650386505155,7.373937245941157,1791.1874024047838,806.2615187988279,984.925883605956,3317,G006909E45897N,du Fou,45.897,6.909,-0.6969982
1993,530,1.2806407555494204,-4.836731738800056,7.398013344573961,1798.761145507809,807.4041529541007,991.3569925537083,3645,G006912E45907N,des Nantillons,45.907,6.912,-0.4702087
1993,531,1.248964714966772,-4.862916784881593,7.360846323776242,1791.5438395996084,803.8086231689451,987.7352164306633,3418,G006919E45906N,de la Republique,45.906,6.919,-0.4157676
1993,534,1.2433123727426554,-4.869516522430419,7.356141381073002,1792.1552470703136,802.7040516357424,989.4511954345712,3582,G006924E45911N,de la Thendia,45.911,6.924,-0.5820323
1993,535,1.2091362789011038,-4.895899308624265,7.31417199325562,1782.5726519775403,799.2607067871097,983.3119451904306,3313,G006928E45905N,de Trelaporte,45.905,6.928,-0.4544672
1993,537,1.1198782302169872,-4.962016859008784,7.2017734779358005,1755.3302071533228,790.7875906982428,964.5426164550802,3643,G006934E45883N,Mer de Glace ,45.883,6.934,-0.1122273
1993,539,1.2127360383858674,-4.904561832443237,7.330034049224853,1793.3105521850584,797.3106560058593,995.999896179199,3519,G006947E45933N,des Drus,45.933,6.947,-0.3735775
1993,541,1.2134474721179027,-4.906737080215453,7.333632168579104,1795.5324336547856,796.9145039062502,998.6179297485354,3263,G006951E45939N,du Nant Blanc,45.939,6.951,-0.4553534
1993,542,1.2439919139127749,-4.886355300933837,7.374339266204836,1806.3522292480475,799.4761551513673,1006.8760740966801,3639,G006952E45951N,de la Pendant,45.951,6.952,-0.3985421
1993,543,1.1620841379427895,-4.944813198623658,7.268981636047361,1780.1511563110346,791.9565478515624,988.1946084594724,3284,G006955E45927N,de la Charpoua,45.927,6.955,-0.5567819
1993,544,1.2169206637811598,-4.907127890472417,7.340969366073599,1798.6792700195292,796.7671868896477,1001.9120831298812,3475,G006955E45946N,des Grands Montets,45.946,6.955,-0.7424043
1993,547,1.2344480741047816,-4.896547057113651,7.3654433517456,1805.5826168823228,798.083177490234,1007.4994393920887,3585,G006957E45955N,de Lognan,45.955,6.957,-0.4357346
1993,548,1.0264003447103516,-5.040916363067626,7.0937172508239765,1736.8174279785162,779.4529119873048,957.3645159912113,3534,G006960E45887N,de l'Aiguille du Tacul,45.887,6.96,-0.587632
1993,549,1.094117301147457,-4.995305440246585,7.183540226364131,1760.1741872558582,785.2938913574214,974.8802958984368,3631,G006961E45912N,du Moine,45.912,6.961,-0.6563228
1993,553,0.9928209453849727,-5.06916917987061,7.054811283493033,1729.9890358886698,775.42807836914,954.5609575195298,3641,G006969E45888N,du Capucin,45.888,6.969,-0.4812776
1993,557,0.9773934214944779,-5.084674049957279,7.039461116409293,1728.7700992431621,773.1329616699213,955.6371375732409,0,G006977E45894N,des Dards 1,45.894,6.977,-0.6371765
1993,564,1.1049454741024973,-5.005764735946656,7.215655899047852,1775.5836911010745,783.6030383300781,991.9806527709964,3638,G006985E45951N,d'Argentiere,45.951,6.985,-0.2881279
1993,566,1.1624597087116222,-4.968575038574219,7.293494664764401,1795.3915305175772,788.6303505859373,1006.76117993164,0,G006986E45973N,des Dards 1,45.973,6.986,-0.4539432
1993,567,1.1624597087116222,-4.968575038574219,7.293494664764401,1795.3915305175772,788.6303505859373,1006.76117993164,3712,G006986E45973N,du Passon 1,45.973,6.986,-0.6095763
1993,569,1.1931273930254016,-4.950141641326903,7.3363966361999555,1806.6497785644544,791.167100708008,1015.4826778564463,3698,G006988E45987N,du Tour,45.987,6.988,-0.545652
1993,571,1.1341958026313808,-4.990767075500488,7.259158901214603,1787.8157482910167,785.6982897949222,1002.1174584960945,3511,G006990E45969N,Adams Reilly,45.969,6.99,-0.6601588
1993,572,0.9694208743371873,-5.100635591827399,7.039477584075915,1733.4715089111298,770.7423430175774,962.7291658935525,3466,G006992E45913N,de Talefre,45.913,6.992,-1.8599517
1993,574,0.9138444143066438,-5.138527193817136,6.9662162750244185,1715.8019722290048,765.5431510620119,950.2588211669929,3258,G006994E45896N,de Pierre Joseph,45.896,6.994,-0.6469197
1993,575,1.1060148132228955,-5.012826445922844,7.224856304168715,1780.2734387207065,782.7691333007822,997.5043054199243,3619,G006994E45965N,du Trident,45.965,6.994,-0.6223459
1993,577,0.8866487902402965,-5.160666751861567,6.93396459579469,1709.6247863769559,762.4379730224616,947.1868133544942,3301,G007000E45895N,de l'Aiguille de l'Eboulement,45.895,7.0,-0.6591421
1993,579,1.0530505163192767,-5.0577133165740955,7.163814594192507,1768.2926968383795,777.8250985717775,990.4675982666021,3640,G007003E45960N,du Chardonnet,45.96,7.003,-0.7363148
1993,582,1.014783598260881,-5.090469966217039,7.120037404144289,1760.0400459594732,774.9657367553712,985.0743092041021,3356,G007008E45954N,du Milieu,45.954,7.008,-0.7072462
1994,423,2.0703231815357195,-3.803429770111085,7.944076140289305,1895.6778638000485,966.3176689758301,929.3601948242183,3344,G006776E45799N,de la Berangere,45.799,6.776,-0.7649586
1994,424,2.099973812385551,-3.7728630466003494,7.972810684432975,1906.1840116271946,967.9673300476069,938.2166815795875,3601,G006778E45809N,d'Armancette,45.809,6.778,-0.4164583
1994,427,2.107983397248267,-3.7636882789001476,7.979655085868835,1910.4008292846677,966.7370957336425,943.6637335510254,3650,G006783E45817N,de Covagnet,45.817,6.783,-0.2685036
1994,429,1.975565729606625,-3.8980058756408726,7.849137316436765,1866.7980424194325,955.6549724731442,911.1430699462879,3651,G006784E45784N,de Tre la Tete 1,45.784,6.784,-0.4837997
1994,431,2.1181238429164986,-3.752980959434499,7.989228659057628,1914.3719766235383,966.8047320556647,947.5672445678737,3276,G006785E45822N,du Miage 1,45.822,6.785,-1.1956661
1994,437,2.0665052564830795,-3.803990705169676,7.937001216583254,1899.4005081481941,959.9995284118655,939.4009797363285,3388,G006792E45817N,du Miage 2,45.817,6.792,-0.1910677
1994,447,2.041947354472169,-3.827523441940299,7.911418140144357,1893.3794450073271,955.3806171569831,937.998827850344,3579,G006799E45819N,du Miage 3,45.819,6.799,-0.3305849
1994,448,2.0727588510312946,-3.796269062850961,7.941786761054984,1903.5184137573215,957.866292694091,945.6521210632304,3649,G006799E45827N,du Miage 4,45.827,6.799,-0.2488995
1994,449,2.1112732217302432,-3.757201088989247,7.979747537193308,1916.192124694828,960.9733871154793,955.2187375793487,3296,G006799E45837N,du Tricot,45.837,6.799,-0.332871
1994,459,2.1016342792482248,-3.764766089691175,7.968034643821704,1916.3011665649374,955.6563445129385,960.6448220519989,3648,G006811E45849N,de Bionnassay,45.849,6.811,-0.2496644
1994,460,2.0911556306572026,-3.7739750754012995,7.956286325149542,1914.9488746948261,951.7782874145513,963.170587280275,3438,G006819E45856N,de Tete Rousse,45.856,6.819,-0.6675094
1994,462,2.083947462855344,-3.7805884357757518,7.94848334583283,1913.605268493654,949.6790500183108,963.9262184753433,3280,G006823E45859N,de la Griaz,45.859,6.823,-0.2720075
1994,464,2.0618167531194653,-3.801643542984012,7.925277023658748,1908.3743073120108,944.8578619079585,963.5164454040521,3290,G006831E45863N,du Bourgeat,45.863,6.831,-0.2139037
1994,468,2.0010442586955994,-3.860963837310794,7.863052307739254,1891.8117118225086,935.0290613098141,956.7826505126948,3647,G006844E45863N,Taconnaz,45.863,6.844,-0.2799495
1994,484,2.3418765611419636,-3.5147942772979777,8.198547406616207,2004.0770800170887,955.378235656738,1048.6988443603507,3449,G006862E45976N,de la Floria,45.976,6.862,-1.127601
1994,488,1.9216561168289252,-3.937865098304741,7.7811772541046205,1871.022083435061,920.6519198608403,950.3701635742204,3646,G006865E45868N,Bossons,45.868,6.865,-0.3470688
1994,489,2.3799566970348423,-3.476123650169366,8.236037055969245,2016.5762222290061,957.255624389649,1059.320597839357,3709,G006865E45990N,du Mort 2,45.99,6.865,-1.4851381
1994,490,2.3799566970348423,-3.476123650169366,8.236037055969245,2016.5762222290061,957.255624389649,1059.320597839357,3710,G006865E45990N,du Mort 1,45.99,6.865,-1.703529
1994,491,2.3799566970348423,-3.476123650169366,8.236037055969245,2016.5762222290061,957.255624389649,1059.320597839357,3711,G006865E45990N,du Mort 3,45.99,6.865,-1.1260694
1994,497,2.3283248563499495,-3.52755318895721,8.18420289772034,2000.9561989135757,950.8016028442385,1050.1545960693372,0,G006871E45984N,des Dards 1,45.984,6.871,-1.4118496
1994,498,2.3283248563499495,-3.52755318895721,8.18420289772034,2000.9561989135757,950.8016028442385,1050.1545960693372,0,G006871E45984N,des Dards 1,45.984,6.871,-1.3843696
1994,499,2.3283248563499495,-3.52755318895721,8.18420289772034,2000.9561989135757,950.8016028442385,1050.1545960693372,3812,G006871E45984N,des Dards 2,45.984,6.871,-1.4147285
1994,500,2.3583083534583924,-3.497363811332715,8.213980520095813,2010.4466930541953,953.1940791625965,1057.252613891599,3573,G006871E45992N,de Berard,45.992,6.871,-1.037836
1994,503,1.9197424149513338,-3.9383932256698513,7.77787796974183,1872.4070358276397,916.6641616821296,955.7428741455101,3483,G006875E45880N,Rond,45.88,6.875,-0.5259998
1994,504,2.3029717006063453,-3.5525115534973155,8.158454940223693,1993.6741326904294,946.4458522033692,1047.2282804870601,3450,G006877E45985N,du Belvedere,45.985,6.877,-0.6835383
1994,506,1.918656189098369,-3.938823695831288,7.776135984039318,1872.9981878662143,914.6557202148447,958.3424676513697,3265,G006880E45886N,du Telepherique,45.886,6.88,-0.8512163
1994,509,1.8756513277740587,-3.9818149498596087,7.733117505722056,1859.8329590148958,910.4606368103036,949.3723222045921,3391,G006882E45877N,Ouest de l'Aiguille du Midi,45.877,6.882,-0.2818911
1994,517,1.8660992325477526,-3.990637660614021,7.72283601943969,1857.9299787597633,907.392220092773,950.5377586669904,3644,G006888E45882N,Arete Midi Plan,45.882,6.888,-0.2784186
1994,518,1.8986177343597515,-3.9578319813613785,7.755067349014292,1868.295011657718,909.5945548706061,958.7004567871118,3389,G006889E45892N,des Pelerins,45.892,6.889,-0.8450998
1994,524,1.8753631070356502,-3.979768784118639,7.730494882698071,1862.9875086669963,903.1133567199719,959.8741519470245,3518,G006901E45901N,de Blaitiere,45.901,6.901,-0.5671862
1994,526,1.82953019786836,-4.025189335937487,7.684249603652967,1849.5219255065956,897.5419276428233,951.9799978637724,3381,G006906E45895N,du Plan,45.895,6.906,-0.4447605
1994,527,1.8227544005193663,-4.031649311492925,7.677157980689998,1847.8787698974593,895.8440316467281,952.0347382507312,3317,G006909E45897N,du Fou,45.897,6.909,-0.4754971
1994,530,1.845473350603091,-4.008548556121839,7.699495126800524,1855.3433282775839,896.4835985412587,958.8597297363251,3645,G006912E45907N,des Nantillons,45.907,6.912,-0.2750429
1994,531,1.8086280128688788,-4.044744655097964,7.6620005375671365,1844.945981628417,890.8500388183593,954.0959428100577,3418,G006919E45906N,de la Republique,45.906,6.919,-0.4324649
1994,534,1.8033036627025636,-4.049579293121335,7.656186469726567,1843.9669159240734,888.4873625793459,955.4795533447275,3582,G006924E45911N,de la Thendia,45.911,6.924,-1.3030221
1994,535,1.7623324356746717,-4.090196380462642,7.614861092376713,1831.9217356872573,883.6930296325687,948.2287060546885,3313,G006928E45905N,de Trelaporte,45.905,6.928,-0.9051744
1994,537,1.6534590989647,-4.1984990446777255,7.505417059555063,1799.4552863464382,872.7608362121589,926.6944501342795,3643,G006934E45883N,Mer de Glace ,45.883,6.934,-0.4915149
1994,539,1.7742472153406135,-4.0766425100097665,7.625136764640807,1837.6374338989253,877.2280875549316,960.409346343994,3519,G006947E45933N,des Drus,45.933,6.947,-0.8269807
1994,541,1.776943109843256,-4.073658085311887,7.627544125251773,1838.8034950561528,875.8752272644047,962.9282677917483,3263,G006951E45939N,du Nant Blanc,45.939,6.951,-0.440417
1994,542,1.815737049242022,-4.034874829437253,7.666348753204348,1850.585326934815,878.5383093566896,972.0470175781255,3639,G006952E45951N,de la Pendant,45.951,6.952,-0.3132826
1994,543,1.714280634455679,-4.135892881546022,7.564453956794737,1820.2641506958003,869.3761766052244,950.8879740905759,3284,G006955E45927N,de la Charpoua,45.927,6.955,-0.1889462
1994,544,1.7831971916103284,-4.06714405124665,7.633538251495353,1841.0072592163062,874.8000683593743,966.2071908569318,3475,G006955E45946N,des Grands Montets,45.946,6.955,-0.595179
1994,547,1.806227762227053,-4.044045223770147,7.656500566673274,1848.0776989746078,875.827385101318,972.2503138732897,3585,G006957E45955N,de Lognan,45.955,6.957,-0.4434794
1994,548,1.5456466095066088,-4.303664634246824,7.394957628631594,1770.0891206359868,854.1577326965335,915.9313879394535,3534,G006960E45887N,de l'Aiguille du Tacul,45.887,6.96,-0.3779826
1994,549,1.631401357875819,-4.218090465766911,7.480892968978877,1795.9127453002916,860.5102168579097,935.4025284423818,3631,G006961E45912N,du Moine,45.912,6.961,-0.5562992
1994,553,1.506869906574241,-4.341539431831368,7.355279005661003,1759.455511413572,847.6014314575189,911.854079956053,3641,G006969E45888N,du Capucin,45.888,6.969,-0.3263116
1994,557,1.4907573220958636,-4.356947926414497,7.338462320861808,1755.439826721189,843.2120277099602,912.227799011229,0,G006977E45894N,des Dards 1,45.894,6.977,-0.2442684
1994,564,1.6572939123201373,-4.190826497421265,7.505414087486267,1805.2724224853516,853.1183976745604,952.1540248107913,3638,G006985E45951N,d'Argentiere,45.951,6.985,-0.0971602
1994,566,1.731310349601743,-4.117209388092043,7.5798298619842495,1827.1498283996573,858.5180425720214,968.631785827636,0,G006986E45973N,des Dards 1,45.973,6.986,-0.547335
1994,567,1.731310349601743,-4.117209388092043,7.5798298619842495,1827.1498283996573,858.5180425720214,968.631785827636,3712,G006986E45973N,du Passon 1,45.973,6.986,-0.4686955
1994,569,1.7717609817867324,-4.07693954568481,7.620461287231449,1839.1183205871594,860.8921207580568,978.2261998291027,3698,G006988E45987N,du Tour,45.987,6.988,0.3200456
1994,571,1.6976711219596896,-4.150489912567136,7.545831921768192,1817.3489277648937,854.3033830261234,963.0455447387703,3511,G006990E45969N,Adams Reilly,45.969,6.99,-0.4280033
1994,572,1.4878727714137916,-4.358805175872814,7.33455045272826,1755.7572857360806,837.106008392333,918.6512773437476,3466,G006992E45913N,de Talefre,45.913,6.992,-0.1282646
1994,574,1.4176702861328165,-4.428402521347042,7.263742815856938,1735.2834096069348,830.83202520752,904.4513843994148,3258,G006994E45896N,de Pierre Joseph,45.896,6.994,-0.4043933
1994,575,1.6640778942871226,-4.183711270294176,7.51186681480409,1807.5840534973183,850.0939012146007,957.4901522827176,3619,G006994E45965N,du Trident,45.965,6.994,-0.5419914
1994,577,1.3857743179798239,-4.4596823692321665,7.231230716705333,1726.375141143802,825.9854316711435,900.3897094726586,3301,G007000E45895N,de l'Aiguille de l'Eboulement,45.895,7.0,-0.476446
1994,579,1.6030372716951393,-4.245863305130003,7.4519375923156765,1791.6208528137215,843.1184788513185,948.502373962403,3640,G007003E45960N,du Chardonnet,45.96,7.003,-0.3703977
1994,582,1.5588333467597981,-4.2926661463317854,7.410332583160402,1781.4190756835944,839.8605748291018,941.5585008544926,3356,G007008E45954N,du Milieu,45.954,7.008,-0.3579693
1995,423,1.644140694861411,-3.8124756736907974,7.10075709033203,2090.3446629943846,1259.141241973877,831.2034210205076,3344,G006776E45799N,de la Berangere,45.799,6.776,0.8920367
1995,424,1.6745604882144849,-3.7803697879486164,7.12949079904174,2098.3382802124006,1260.6787312622064,837.6595489501937,3601,G006778E45809N,d'Armancette,45.809,6.778,0.8931517
1995,427,1.6830438233685483,-3.7700579912414565,7.136145676162719,2100.4158180389404,1259.00038835144,841.4154296875,3650,G006783E45817N,de Covagnet,45.817,6.783,1.0112176
1995,429,1.5480672566604583,-3.9093479682006875,7.005482488525387,2064.539341674804,1247.401896606445,817.1374450683587,3651,G006784E45784N,de Tre la Tete 1,45.784,6.784,0.6544185
1995,431,1.6934926524400813,-3.7586459337997327,7.145631279907236,2103.1249400329616,1258.916520233155,844.2084197998066,3276,G006785E45822N,du Miage 1,45.822,6.785,0.8743982
1995,437,1.641250074677469,-3.8105465081939682,7.093046688720705,2089.0181270446783,1251.297097381592,837.721029663086,3388,G006792E45817N,du Miage 2,45.817,6.792,1.0434304
1995,447,1.6165763780188644,-3.8339488787689118,7.067101662338265,2082.2387927398704,1245.9585864410406,836.2802062988299,3579,G006799E45819N,du Miage 3,45.819,6.799,1.0142751
1995,448,1.6479065873122127,-3.801594086105356,7.09740729551696,2090.5809386138894,1248.5703368072502,842.0106018066392,3649,G006799E45827N,du Miage 4,45.827,6.799,0.8778287
1995,449,1.6870693489289394,-3.7611505952758675,7.135289336990368,2101.008620956424,1251.8350247650155,849.1735961914086,3296,G006799E45837N,du Tricot,45.837,6.799,0.8517482
1995,459,1.6774896643090123,-3.7676330945739878,7.122612468215929,2098.1707641448943,1245.5055663909902,852.6651977539038,3648,G006811E45849N,de Bionnassay,45.849,6.811,0.7801678
1995,460,1.6668770357894966,-3.7763746303329397,7.11012874667359,2095.1798892822285,1240.9681979980476,854.2116912841809,3438,G006819E45856N,de Tete Rousse,45.856,6.819,0.8797004
1995,462,1.65954617717505,-3.7828480414276076,7.101940439926151,2093.1510244293227,1238.5381521148684,854.6128723144542,3280,G006823E45859N,de la Griaz,45.859,6.823,0.9690517
1995,464,1.6370341992831194,-3.803905020095829,7.077973459762569,2087.0045467071523,1233.0256221466059,853.9789245605464,3290,G006831E45863N,du Bourgeat,45.863,6.831,1.0325313
1995,468,1.5753417527818647,-3.863992442367557,7.014675978332517,2070.301152069091,1221.93597567749,848.3651763916012,3647,G006844E45863N,Taconnaz,45.863,6.844,0.9301091
1995,484,1.916702439727779,-3.5092741815643356,7.342679172302242,2162.1483092041008,1243.9164488525385,918.2318603515619,3449,G006862E45976N,de la Floria,45.976,6.862,0.9000825
1995,488,1.494535635614402,-3.9417201498794485,6.930791438446051,2048.400110168459,1205.674875183106,842.7252349853529,3646,G006865E45868N,Bossons,45.868,6.865,0.6311707
1995,489,1.9544978834390707,-3.4699073537826473,7.378903240966803,2172.3854118347185,1246.0067039489752,926.3787078857436,3709,G006865E45990N,du Mort 2,45.99,6.865,1.0205976
1995,490,1.9544978834390707,-3.4699073537826473,7.378903240966803,2172.3854118347185,1246.0067039489752,926.3787078857436,3710,G006865E45990N,du Mort 1,45.99,6.865,1.0179847
1995,491,1.9544978834390707,-3.4699073537826473,7.378903240966803,2172.3854118347185,1246.0067039489752,926.3787078857436,3711,G006865E45990N,du Mort 3,45.99,6.865,1.0213796
1995,497,1.9017963206100508,-3.522791260124202,7.326384010955815,2158.287067016603,1238.9501926269534,919.3368743896494,0,G006871E45984N,des Dards 1,45.984,6.871,0.8468485
1995,498,1.9017963206100508,-3.522791260124202,7.326384010955815,2158.287067016603,1238.9501926269534,919.3368743896494,0,G006871E45984N,des Dards 1,45.984,6.871,0.8432416
1995,499,1.9017963206100508,-3.522791260124202,7.326384010955815,2158.287067016603,1238.9501926269534,919.3368743896494,3812,G006871E45984N,des Dards 2,45.984,6.871,0.8310947
1995,500,1.9318515294456358,-3.491981465995801,7.355684641204823,2166.397981445309,1241.5978990478504,924.8000823974588,3573,G006871E45992N,de Berard,45.992,6.871,0.9076493
1995,503,1.4919457936287022,-3.9419894170761007,6.925881023406991,2047.6783752441431,1201.1220550537118,846.5563201904314,3483,G006875E45880N,Rond,45.88,6.875,1.0677743
1995,504,1.8754594717860211,-3.5486361279296883,7.299555176315307,2151.2978156280515,1234.2085517120363,917.0892639160154,3450,G006877E45985N,du Belvedere,45.985,6.877,0.8881531
1995,506,1.4904516538143266,-3.9423654566955455,6.923268784179697,2047.2813778686555,1198.8512631225597,848.4301147460957,3265,G006880E45886N,du Telepherique,45.886,6.88,1.0581405
1995,509,1.4472657160091507,-3.9861285325775038,6.880659975311289,2035.6081226196318,1194.1631854858408,841.4449371337909,3391,G006882E45877N,Ouest de l'Aiguille du Midi,45.877,6.882,1.088454
1995,517,1.437202696008675,-3.9950583745422437,6.869463776367181,2032.9003411254862,1190.7102532348626,842.1900878906237,3644,G006888E45882N,Arete Midi Plan,45.882,6.888,1.1649953
1995,518,1.469585639295588,-3.9617020168228048,6.900873312591562,2041.674220397952,1193.1792588500984,848.4949615478536,3389,G006889E45892N,des Pelerins,45.892,6.889,0.9455577
1995,524,1.4450829063010349,-3.984163965972887,6.874329792831435,2035.132388931278,1185.9599096832287,849.1724792480492,3518,G006901E45901N,de Blaitiere,45.901,6.901,1.0622786
1995,526,1.3988579064846167,-4.030328212814318,6.828044030914319,2022.6328494262732,1179.707632751466,842.925216674807,3381,G006906E45895N,du Plan,45.895,6.906,1.0514691
1995,527,1.391754260966773,-4.036953446228032,6.820461972335811,2020.736900222777,1177.82114704895,842.9157531738272,3317,G006909E45897N,du Fou,45.897,6.909,1.0342662
1995,530,1.4139532198476665,-4.0136808638153205,6.841587313110339,2026.8153746643034,1178.6035918273915,848.2117828369118,3645,G006912E45907N,des Nantillons,45.907,6.912,1.0271345
1995,531,1.3764017880487418,-4.050584249092104,6.803387827941892,2016.7029994812005,1172.3175105895996,844.385488891601,3418,G006919E45906N,de la Republique,45.906,6.919,0.918131
1995,534,1.3703959291505847,-4.055726173568722,6.7965180342407265,2015.155245574952,1169.7370418396,845.4182037353523,3582,G006924E45911N,de la Thendia,45.911,6.924,0.9536079
1995,535,1.3292042626619383,-4.096919613418574,6.755328132934574,2003.9927702331556,1164.3296995544438,839.6630706787117,3313,G006928E45905N,de Trelaporte,45.905,6.928,0.9774256
1995,537,1.220589158668527,-4.206337487838736,6.647515777069101,1974.43373339844,1151.859420043946,822.5743133544938,3643,G006934E45883N,Mer de Glace ,45.883,6.934,0.600373
1995,539,1.3377547849965086,-4.084753790649415,6.7602633598785395,2006.7936934051509,1157.5713789520264,849.2223144531249,3519,G006947E45933N,des Drus,45.933,6.947,1.042554
1995,541,1.3396316081213973,-4.082173422409056,6.761436638900759,2007.4322761383062,1156.192401870728,851.2398742675783,3263,G006951E45939N,du Nant Blanc,45.939,6.951,1.153765
1995,542,1.3776490560674688,-4.043391879623411,6.798690000244143,2017.893058502198,1159.3763318176273,858.5167266845706,3639,G006952E45951N,de la Pendant,45.951,6.952,1.0202579
1995,543,1.2771248375296576,-4.144988219680788,6.6992378823089584,1990.4090146636956,1148.7646970367427,841.6443176269529,3284,G006955E45927N,de la Charpoua,45.927,6.955,1.0685495
1995,544,1.3449731447458189,-4.076095892066963,6.766042183532707,2009.0317326354957,1155.1526280212395,853.8791046142564,3475,G006955E45946N,des Grands Montets,45.946,6.955,0.9547577
1995,547,1.3672133791565844,-4.05320044425965,6.787627209548945,2015.2094014739978,1156.483876571655,858.7255249023427,3585,G006957E45955N,de Lognan,45.955,6.957,1.049741
1995,548,1.1102928068876285,-4.313457120590208,6.534042687377932,1944.7307368469242,1131.0586634826664,813.672073364258,3534,G006960E45887N,de l'Aiguille du Tacul,45.887,6.96,1.1360323
1995,549,1.1944361661338756,-4.227898148811345,6.61677045205688,1967.8795854492173,1138.6216478271479,829.2579376220697,3631,G006961E45912N,du Moine,45.912,6.961,0.7642015
1995,553,1.0706445003890912,-4.352047119758614,6.4933360666809,1934.0546593017557,1123.7317802734365,810.322879028319,3641,G006969E45888N,du Capucin,45.888,6.969,0.9191633
1995,557,1.0533708030557558,-4.368159043113716,6.474900593017571,1929.5232262878396,1118.9453484802239,810.577877807616,0,G006977E45894N,des Dards 1,45.894,6.977,0.8680796
1995,564,1.214617026102543,-4.203710857620239,6.632944888381958,1974.3263417816163,1131.4069692230223,842.9193725585939,3638,G006985E45951N,d'Argentiere,45.951,6.985,0.7874189
1995,566,1.2867282234287236,-4.130628266098025,6.704084706634519,1994.2955009155266,1137.9985374145506,856.296963500976,0,G006986E45973N,des Dards 1,45.973,6.986,0.9895736
1995,567,1.2867282234287236,-4.130628266098025,6.704084706634519,1994.2955009155266,1137.9985374145506,856.296963500976,3712,G006986E45973N,du Passon 1,45.973,6.986,1.0045711
1995,569,1.3257209313821834,-4.09093903837585,6.742380903137211,2005.173966156007,1141.041907440186,864.1320587158212,3698,G006988E45987N,du Tour,45.987,6.988,1.0529221
1995,571,1.2527980153083833,-4.164425038375851,6.670021056060794,1985.1149896240245,1133.2602380371095,851.8547515869147,3511,G006990E45969N,Adams Reilly,45.969,6.99,0.929695
1995,572,1.0474501005601768,-4.371731270278943,6.466631416137684,1928.4039106140108,1112.6104444274893,815.7934661865213,3466,G006992E45913N,de Talefre,45.913,6.992,0.9463673
1995,574,0.9784987992095986,-4.441105863967891,6.398103393127446,1909.3977384033215,1105.1536832275394,804.2440551757818,3258,G006994E45896N,de Pierre Joseph,45.896,6.994,0.9178998
1995,575,1.218938640546812,-4.19813597740172,6.636013238983168,1975.9473245239294,1128.5199411010756,847.4273834228538,3619,G006994E45965N,du Trident,45.965,6.994,0.9362106
1995,577,0.946115726828586,-4.472874822616566,6.365106201171885,1900.646915435794,1099.7087287902843,800.9381866455099,3301,G007000E45895N,de l'Aiguille de l'Eboulement,45.895,7.0,1.1860409
1995,579,1.157095151240828,-4.260849988021849,6.575040264968875,1961.0541146850592,1120.1975836181641,840.8565310668951,3640,G007003E45960N,du Chardonnet,45.96,7.003,0.9192797
1995,582,1.112871036737444,-4.307125489288328,6.532867537719728,1951.763205627442,1115.5433452758791,836.2198603515628,3356,G007008E45954N,du Milieu,45.954,7.008,1.231612
1996,423,1.4792524871177664,-4.111573878173829,7.070078727386473,1341.056039489746,580.3529149169922,760.7031245727537,3344,G006776E45799N,de la Berangere,45.799,6.776,-0.3777618
1996,424,1.5023747513160643,-4.093747243156438,7.098496640304558,1348.966140624998,581.6823171386715,767.2838234863264,3601,G006778E45809N,d'Armancette,45.809,6.778,-0.0443982
1996,427,1.5059137473564137,-4.094172568149568,7.105999975273132,1351.8491547546384,581.2961784057616,770.5529763488769,3650,G006783E45817N,de Covagnet,45.817,6.783,0.021984
1996,429,1.3968925922470066,-4.185142496795656,6.978927535736081,1318.361803833007,573.8137452392576,744.5480585937493,3651,G006784E45784N,de Tre la Tete 1,45.784,6.784,-0.537854
1996,431,1.5129911554908833,-4.089659094238275,7.115641327896128,1354.7539508056666,581.5175683593754,773.236382446291,3276,G006785E45822N,du Miage 1,45.822,6.785,-0.8111553
1996,437,1.466460817005159,-4.132911567382812,7.065833120086672,1342.7932044067388,577.487844116211,765.3053602905277,3388,G006792E45817N,du Miage 2,45.817,6.792,0.1185578
1996,447,1.4420602303581305,-4.157843502254481,7.041963889991768,1337.6933139953637,574.9422288208011,762.7510851745623,3579,G006799E45819N,du Miage 3,45.819,6.799,0.0944857
1996,448,1.4672003337516712,-4.13704991079331,7.0714505190811074,1345.4678200988749,576.6079187622065,768.8599013366684,3649,G006799E45827N,du Miage 4,45.827,6.799,-0.4810581
1996,449,1.4986254629936306,-4.111057921466821,7.108308805442821,1355.1859527282743,578.6900311889653,776.4959215393089,3296,G006799E45837N,du Tricot,45.837,6.799,-0.0928039
1996,459,1.4830067114372152,-4.132211532764443,7.098224941184986,1354.4540450134245,575.9647011108392,778.4893439025853,3648,G006811E45849N,de Bionnassay,45.849,6.811,-0.4369042
1996,460,1.4691873747367914,-4.1491654307174635,7.087540181854255,1352.8779669799821,573.8863426513676,778.9916243286145,3438,G006819E45856N,de Tete Rousse,45.856,6.819,-0.2737469
1996,462,1.4606498093376197,-4.158996041622158,7.0802956690444985,1351.5790942688,572.731644836426,778.8474494323741,3280,G006823E45859N,de la Griaz,45.859,6.823,-0.0699184
1996,464,1.43727454853439,-4.183870077953342,7.058419194465634,1347.0310751037591,570.0027832641599,777.0282918395991,3290,G006831E45863N,du Bourgeat,45.863,6.831,-0.0445961
1996,468,1.3791579467735262,-4.240904055252077,6.999219975036618,1333.453378479003,564.2743575439451,769.1790209350581,3647,G006844E45863N,Taconnaz,45.863,6.844,-0.3768344
1996,484,1.640351955047604,-4.038993720474246,7.319697833465573,1418.5531975097647,577.1622652587889,841.3909322509758,3449,G006862E45976N,de la Floria,45.976,6.862,-0.9664074
1996,488,1.3003668005561884,-4.320634557151791,6.921368202819831,1316.1050448608414,555.9362603759769,760.1687844848647,3646,G006865E45868N,Bossons,45.868,6.865,-0.5282483
1996,489,1.6685510437965445,-4.018042652130123,7.355144963455206,1427.9758392334002,578.274792480469,849.701046752931,3709,G006865E45990N,du Mort 2,45.99,6.865,-1.3111056
1996,490,1.6685510437965445,-4.018042652130123,7.355144963455206,1427.9758392334002,578.274792480469,849.701046752931,3710,G006865E45990N,du Mort 1,45.99,6.865,-1.546556
1996,491,1.6685510437965445,-4.018042652130123,7.355144963455206,1427.9758392334002,578.274792480469,849.701046752931,3711,G006865E45990N,du Mort 3,45.99,6.865,-1.0614989
1996,497,1.6222498728294403,-4.0605559069442725,7.305055867889408,1415.6041327514658,574.2560936279299,841.3480391235362,0,G006871E45984N,des Dards 1,45.984,6.871,-1.3673149
1996,498,1.6222498728294403,-4.0605559069442725,7.305055867889408,1415.6041327514658,574.2560936279299,841.3480391235362,0,G006871E45984N,des Dards 1,45.984,6.871,-1.349115
1996,499,1.6222498728294403,-4.0605559069442725,7.305055867889408,1415.6041327514658,574.2560936279299,841.3480391235362,3812,G006871E45984N,des Dards 2,45.984,6.871,-1.2776563
1996,500,1.6463024769554035,-4.04080031475068,7.3334054955139045,1422.9000392456023,575.7026546630852,847.1973845825173,3573,G006871E45992N,de Berard,45.992,6.871,-0.9088381
1996,503,1.2915556025505144,-4.335050063133234,6.918161334991464,1316.5230941772484,553.6623382568364,762.860755920412,3483,G006875E45880N,Rond,45.88,6.875,-0.5536956
1996,504,1.597051371059417,-4.085728956127167,7.279831915321349,1409.6412715148924,571.5145486450195,838.1267228698728,3450,G006877E45985N,du Belvedere,45.985,6.877,-0.9036435
1996,506,1.2869800817871182,-4.342420003509514,6.916380244598399,1316.6573376464871,552.4911383056645,764.1661993408223,3265,G006880E45886N,du Telepherique,45.886,6.88,-0.6287925
1996,509,1.2510799515266506,-4.3733239924240035,6.875483961227427,1306.4046042480495,550.0026237792974,756.4019804687521,3391,G006882E45877N,Ouest de l'Aiguille du Midi,45.877,6.882,-0.0578949
1996,517,1.23897070683288,-4.387604673309331,6.865546162445062,1304.557494140623,548.1985426025387,756.3589515380845,3644,G006888E45882N,Arete Midi Plan,45.882,6.888,-0.127011
1996,518,1.2641902382698138,-4.367656026420587,6.8960365926513765,1312.4675895385767,549.4903897705083,762.9771997680684,3389,G006889E45892N,des Pelerins,45.892,6.889,-0.8621731
1996,524,1.2364365278892626,-4.399191420192709,6.872064582588209,1307.6287284240752,545.5948862915045,762.033842132571,3518,G006901E45901N,de Blaitiere,45.901,6.901,-0.7608949
1996,526,1.1960822960472213,-4.435908217811575,6.828072910537733,1296.9512255859406,542.3143334960945,754.6368920898461,3381,G006906E45895N,du Plan,45.895,6.906,-0.0348798
1996,527,1.1883591842308008,-4.444440964946749,6.821159437843319,1295.498972442626,541.2885950317382,754.2103774108876,3317,G006909E45897N,du Fou,45.897,6.909,-0.0201183
1996,530,1.2040467498893639,-4.433830827789315,6.841924446075428,1301.060119079587,541.5800706787104,759.4800484008764,3645,G006912E45907N,des Nantillons,45.907,6.912,-0.4857755
1996,531,1.169255734493254,-4.467479421310426,6.805991010025022,1292.621028808593,538.2158012695313,754.4052275390618,3418,G006919E45906N,de la Republique,45.906,6.919,-0.0761017
1996,534,1.1610298235435508,-4.477933320693968,6.799993095520023,1291.5599463500985,536.7340538330079,754.8258925170906,3582,G006924E45911N,de la Thendia,45.911,6.924,-1.2497672
1996,535,1.1253915420722997,-4.510028618621823,6.760811824493413,1282.0348989868176,533.94360534668,748.0912936401376,3313,G006928E45905N,de Trelaporte,45.905,6.928,-0.8289462
1996,537,1.034564847942359,-4.588636310234064,6.657766103500375,1256.646769897463,527.7530837402347,728.8936861572283,3643,G006934E45883N,Mer de Glace ,45.883,6.934,-0.0074616
1996,539,1.1191116625480644,-4.529514289493561,6.767737775566101,1285.2950263366697,529.5211100463866,755.7739162902831,3519,G006947E45933N,des Drus,45.933,6.947,-0.563276
1996,541,1.117834189464571,-4.533616093807218,6.769284641578676,1285.9577178039556,528.5543098754885,757.4034079284671,3263,G006951E45939N,du Nant Blanc,45.939,6.951,-0.4656329
1996,542,1.1474639433250444,-4.510258516540526,6.805186585906984,1294.9863539428716,529.8848104248048,765.1015435180668,3639,G006952E45951N,de la Pendant,45.951,6.952,-0.2086158
1996,543,1.065202417736052,-4.579529732418061,6.709934724159239,1271.4210603332515,524.889700012207,746.5313603210445,3284,G006955E45927N,de la Charpoua,45.927,6.955,-0.1289752
1996,544,1.1193140733146605,-4.535486323928838,6.774114648208611,1287.4227185058576,527.7181127929684,759.7046057128891,3475,G006955E45946N,des Grands Montets,45.946,6.955,-0.0525306
1996,547,1.1356574989128072,-4.523729697895053,6.795044883842463,1292.760688934325,528.1065914916991,764.6540974426258,3585,G006957E45955N,de Lognan,45.955,6.957,-0.4330839
1996,548,0.9287040413475052,-4.694405092620848,6.551813288726809,1232.411459655762,516.686254272461,715.725205383301,3534,G006960E45887N,de l'Aiguille du Tacul,45.887,6.96,0.0255318
1996,549,0.995104564929958,-4.641154030647281,6.631363301910396,1252.277257873534,519.9010067138669,732.3762511596672,3631,G006961E45912N,du Moine,45.912,6.961,-0.2197909
1996,553,0.89088320827102,-4.731986558570868,6.513753093475334,1223.6626008911114,512.7817855224605,710.8808153686509,3641,G006969E45888N,du Capucin,45.888,6.969,-0.2185979
1996,557,0.8715802143897949,-4.75377423721314,6.496934794021599,1220.0843909912091,510.0234799804683,710.0609110107408,0,G006977E45894N,des Dards 1,45.894,6.977,-0.3488146
1996,564,0.9944543762016297,-4.660270320606232,6.649179261894226,1258.1069535827637,514.2386471557617,743.8683064270022,3638,G006985E45951N,d'Argentiere,45.951,6.985,-0.1002421
1996,566,1.051185694507597,-4.61504752193451,6.717419122177121,1274.9509565429682,516.7800705566406,758.1708859863274,0,G006986E45973N,des Dards 1,45.973,6.986,-1.0866053
1996,567,1.051185694507597,-4.61504752193451,6.717419122177121,1274.9509565429682,516.7800705566406,758.1708859863274,3712,G006986E45973N,du Passon 1,45.973,6.986,-0.4139245
1996,569,1.0808287957267793,-4.592597962112424,6.754255778991703,1284.0861004028332,517.7234132080079,766.3626871948252,3698,G006988E45987N,du Tour,45.987,6.988,0.3605714
1996,571,1.0213453298378015,-4.6424093591690045,6.685100226516727,1267.155162963868,514.3078930664063,752.8472698974617,3511,G006990E45969N,Adams Reilly,45.969,6.99,0.0908647
1996,572,0.8564290457038789,-4.777644095916756,6.490502340118398,1219.4489824829075,505.79782604980426,713.6511564331033,3466,G006992E45913N,de Talefre,45.913,6.992,-0.1300475
1996,574,0.8001352932281527,-4.824811241989133,6.425081965301517,1203.5106308593759,502.6000279541018,700.9106029052741,3258,G006994E45896N,de Pierre Joseph,45.896,6.994,0.0869631
1996,575,0.9915653817939863,-4.6697135297775185,6.652844497604383,1259.3859582519563,511.84788940429746,747.5380688476587,3619,G006994E45965N,du Trident,45.965,6.994,0.0887531
1996,577,0.7701753973960963,-4.85372840881347,6.394079341888438,1196.274681091311,499.74906921386764,696.5256118774435,3301,G007000E45895N,de l'Aiguille de l'Eboulement,45.895,7.0,-0.1211449
1996,579,0.9358352770376223,-4.723823585968017,6.595494340286257,1246.51372833252,507.55977996826186,738.9539483642584,3640,G007003E45960N,du Chardonnet,45.96,7.003,-0.1603563
1996,582,0.8969949263687149,-4.762062477752685,6.556052525238039,1238.3343457031256,505.5368673095704,732.7974783935551,3356,G007008E45954N,du Milieu,45.954,7.008,-0.0766016
1997,423,2.061940849050521,-3.513061346076966,7.6369429441986085,1722.3103795776362,946.4647746582032,775.8456049194331,3344,G006776E45799N,de la Berangere,45.799,6.776,-0.9758186
1997,424,2.085991637928003,-3.4941813193817186,7.666164514053338,1732.3916279296848,948.1289925537104,784.2626353759744,3601,G006778E45809N,d'Armancette,45.809,6.778,-0.7055024
1997,427,2.0909553917894352,-3.4922305734977734,7.67414129560852,1736.2791786804198,947.4366013793945,788.8425773010254,3650,G006783E45817N,de Covagnet,45.817,6.783,-0.586136
1997,429,1.9804599532089207,-3.5834159514007586,7.544335749877926,1693.9709470214832,937.5417872314451,756.429159790038,3651,G006784E45784N,de Tre la Tete 1,45.784,6.784,-1.2161361
1997,431,2.0986899786663136,-3.4867199349594054,7.684099841003427,1740.0563626098665,947.6593713378912,792.3969912719751,3276,G006785E45822N,du Miage 1,45.822,6.785,-1.0082821
1997,437,2.053320694803239,-3.526944037498473,7.6335853790435815,1725.2807708129887,942.1037382812501,783.1770325317386,3388,G006792E45817N,du Miage 2,45.817,6.792,-0.464971
1997,447,2.030430727835662,-3.5486917102394053,7.60955313078309,1719.193094390872,938.5102213745122,780.6828730163597,3579,G006799E45819N,du Miage 3,45.819,6.799,-0.5862791
1997,448,2.055956583922379,-3.5276849576454232,7.639598100387566,1729.0596576232883,940.7272833862299,788.3323742370586,3649,G006799E45827N,du Miage 4,45.827,6.799,-0.7493252
1997,449,2.087863904030809,-3.5014265169029164,7.677154312393199,1741.3928616638223,943.4986109008796,797.8942507629424,3296,G006799E45837N,du Tricot,45.837,6.799,-0.7402021
1997,459,2.0751820915689363,-3.51672500912095,7.667089207473742,1741.2282447204548,939.5920088500968,801.6362358703582,3648,G006811E45849N,de Bionnassay,45.849,6.811,-0.6821811
1997,460,2.0632484322776845,-3.5297408905639602,7.65623778573609,1739.7758345947286,936.666100952149,803.1097336425796,3438,G006819E45856N,de Tete Rousse,45.856,6.819,-0.8707887
1997,462,2.055624439703945,-3.5376026910133334,7.648851607711796,1738.4095382385271,935.0550719604495,803.3544662780776,3280,G006823E45859N,de la Griaz,45.859,6.823,-0.5993122
1997,464,2.033978511355397,-3.5585888967781094,7.626545967514034,1733.204056427001,931.2762128295894,801.9278435974114,3290,G006831E45863N,du Bourgeat,45.863,6.831,-0.6415687
1997,468,1.9783854637165044,-3.6095465916366605,7.5663175784759495,1716.8504075317376,923.3836489257809,793.4667586059563,3647,G006844E45863N,Taconnaz,45.863,6.844,-0.6852438
1997,484,2.2472987821502652,-3.3930975335235622,7.887695219543453,1828.0119013671863,941.5150777587887,886.4968236083976,3449,G006862E45976N,de la Floria,45.976,6.862,-1.0986129
1997,488,1.9038552037429866,-3.6791839621734574,7.4868944493103085,1696.341834716799,911.9151910400394,784.4266436767596,3646,G006865E45868N,Bossons,45.868,6.865,-0.6985999
1997,489,2.276538215017324,-3.3698186613082846,7.922895216369636,1840.5180191040058,943.1732604980473,897.3447586059589,3709,G006865E45990N,du Mort 2,45.99,6.865,-1.2675163
1997,490,2.276538215017324,-3.3698186613082846,7.922895216369636,1840.5180191040058,943.1732604980473,897.3447586059589,3710,G006865E45990N,du Mort 1,45.99,6.865,-1.5058402
1997,491,2.276538215017324,-3.3698186613082846,7.922895216369636,1840.5180191040058,943.1732604980473,897.3447586059589,3711,G006865E45990N,du Mort 3,45.99,6.865,-0.7160593
1997,497,2.231055727123264,-3.409542976440427,7.871654549041752,1825.3125167236344,937.7631468505862,887.5493698730481,0,G006871E45984N,des Dards 1,45.984,6.871,-1.1394666
1997,498,2.231055727123264,-3.409542976440427,7.871654549041752,1825.3125167236344,937.7631468505862,887.5493698730481,0,G006871E45984N,des Dards 1,45.984,6.871,-1.1267475
1997,499,2.231055727123264,-3.409542976440427,7.871654549041752,1825.3125167236344,937.7631468505862,887.5493698730481,3812,G006871E45984N,des Dards 2,45.984,6.871,-1.2615503
1997,500,2.255395082294454,-3.3893222275085533,7.900112512786854,1834.729203002926,939.7976424560538,894.9315605468722,3573,G006871E45992N,de Berard,45.992,6.871,-1.1055042
1997,503,1.897398483753212,-3.6881847953796325,7.482981853485116,1697.8105926513704,908.8646697998054,788.9459228515648,3483,G006875E45880N,Rond,45.88,6.875,-0.7115068
1997,504,2.2069319719266884,-3.431533198566437,7.84539725654602,1818.3700459289548,934.1427255249023,884.2273204040523,3450,G006877E45985N,du Belvedere,45.985,6.877,-0.7090343
1997,506,1.893984732990274,-3.6928080250549242,7.480777585906992,1698.4746783447301,907.3108831787117,791.1637951660183,3265,G006880E45886N,du Telepherique,45.886,6.88,-0.9809158
1997,509,1.858159356426248,-3.723323689712517,7.439642497268687,1685.4063552246128,903.8246336669929,781.5817215576196,3391,G006882E45877N,Ouest de l'Aiguille du Midi,45.877,6.882,-0.7228618
1997,517,1.8473650010642948,-3.7344352733764694,7.429165374664299,1683.6119510498024,901.3999061279293,782.2120449218731,3644,G006888E45882N,Arete Midi Plan,45.882,6.888,-0.6262044
1997,518,1.873102887161263,-3.713350713241571,7.459556587860117,1693.9694096679718,903.2728311767585,790.6965784912135,3389,G006889E45892N,des Pelerins,45.892,6.889,-0.990259
1997,524,1.8478949857626072,-3.7384835592994596,7.434273636001599,1688.9848253479045,898.0803165893565,790.9045087585481,3518,G006901E45901N,de Blaitiere,45.901,6.901,-0.8359932
1997,526,1.8082997259330855,-3.773220942611686,7.389820502548229,1675.6480664062542,893.5251824951181,782.1228839111359,3381,G006906E45895N,du Plan,45.895,6.906,-0.650744
1997,527,1.8012010975294077,-3.7801599328498874,7.382562236892696,1674.0939807434067,892.1579291381834,781.9360516052233,3317,G006909E45897N,du Fou,45.897,6.909,-0.6565996
1997,530,1.8177414591731922,-3.767342134651192,7.402825160690297,1681.6910289916952,892.7174064941398,788.9736224975554,3645,G006912E45907N,des Nantillons,45.907,6.912,-0.7582443
1997,531,1.7842287484874706,-3.7976632803573622,7.366120887390133,1671.505062805175,888.1308439941406,783.3742188110343,3418,G006919E45906N,de la Republique,45.906,6.919,-0.5396044
1997,534,1.7770701533069637,-3.805279428733824,7.359419844833377,1670.7257293090831,886.2146635742188,784.5110657348644,3582,G006924E45911N,de la Thendia,45.911,6.924,-1.2690481
1997,535,1.7420190684223211,-3.8359195927047702,7.319957842788701,1658.7484780883801,882.3078540039066,776.4406240844737,3313,G006928E45905N,de Trelaporte,45.905,6.928,-0.9513921
1997,537,1.6517634356994702,-3.913498143646234,7.2170251422576985,1626.19044812012,873.4296968994146,752.7607512207055,3643,G006934E45883N,Mer de Glace ,45.883,6.934,-0.1662735
1997,539,1.739928174344062,-3.84361639182663,7.323472839492797,1665.5200807800288,876.9658909301756,788.5541898498534,3519,G006947E45933N,des Drus,45.933,6.947,-0.8482445
1997,541,1.7395116155614871,-3.8451672090187055,7.324190534225465,1666.9571158752447,875.8223952026369,791.1347206726077,3263,G006951E45939N,du Nant Blanc,45.939,6.951,-0.8392223
1997,542,1.7695854875392931,-3.8201859982986432,7.359357057846072,1679.0056461791999,877.9348488769533,801.0707973022467,3639,G006952E45951N,de la Pendant,45.951,6.952,-0.566935
1997,543,1.6873471974706635,-3.8902169519996654,7.264911450424193,1648.3500440978996,870.5653073120116,777.7847367858883,3284,G006955E45927N,de la Charpoua,45.927,6.955,-0.745707
1997,544,1.7418655697154934,-3.8443705584335377,7.328101785583488,1669.4681399536107,874.891373291015,794.5767666625958,3475,G006955E45946N,des Grands Montets,45.946,6.955,-0.7884639
1997,547,1.758758264145847,-3.8307445755577123,7.348261183395381,1676.811791839598,875.6680020141598,801.143789825438,3585,G006957E45955N,de Lognan,45.955,6.957,-0.7393994
1997,548,1.5509425478649153,-4.006498539466857,7.108383774642946,1597.5073056030278,858.3841638183595,739.1231417846684,3534,G006960E45887N,de l'Aiguille du Tacul,45.887,6.96,-0.5371373
1997,549,1.6180424377555807,-3.950331598693851,7.186416591461176,1623.900400512694,863.4140853271481,760.4863151855458,3631,G006961E45912N,du Moine,45.912,6.961,-0.6197918
1997,553,1.5148506649513178,-4.039677831146246,7.06937930447387,1587.1173890380835,853.0748690185542,734.0425200195294,3641,G006969E45888N,du Capucin,45.888,6.969,-0.7236851
1997,557,1.4971720008449494,-4.057011647880559,7.051355790588372,1583.4631734008767,849.4788034667963,733.9843699340804,0,G006977E45894N,des Dards 1,45.894,6.977,-0.6786192
1997,564,1.6224827321863176,-3.9535029152488708,7.198468454208374,1635.2244078063968,856.9794400024413,778.2449678039553,3638,G006985E45951N,d'Argentiere,45.951,6.985,-0.3591986
1997,566,1.679746759174345,-3.9053881741790786,7.264881739456174,1657.8175688476554,861.1373929443358,796.6801759033195,0,G006986E45973N,des Dards 1,45.973,6.986,-0.9153064
1997,567,1.679746759174345,-3.9053881741790786,7.264881739456174,1657.8175688476554,861.1373929443358,796.6801759033195,3712,G006986E45973N,du Passon 1,45.973,6.986,-0.8389426
1997,569,1.7099605647525817,-3.880376916557309,7.3002980740203895,1670.3296582641615,862.8946162109376,807.4350420532239,3698,G006988E45987N,du Tour,45.987,6.988,-0.3377337
1997,571,1.6505456847763087,-3.931128714141844,7.232220133438114,1648.1054510498059,857.7030743408204,790.4023767089852,3511,G006990E45969N,Adams Reilly,45.969,6.99,-0.6818574
1997,572,1.485138588701239,-4.071556435295113,7.041833735488882,1584.7994238891565,844.3278608398431,740.4715630493135,3466,G006992E45913N,de Talefre,45.913,6.992,-0.9412697
1997,574,1.42896593817139,-4.119648274063108,6.977580296569828,1563.8280629882825,839.4213756103519,724.4066873779304,3258,G006994E45896N,de Pierre Joseph,45.896,6.994,-0.644823
1997,575,1.6214105270958052,-3.956825587234488,7.199646694412243,1638.4183264160195,854.2788983154305,784.139428100589,3619,G006994E45965N,du Trident,45.965,6.994,-0.6200512
1997,577,1.4001230561733333,-4.145788960456841,6.946035223007212,1555.0492477417024,835.5024719238288,719.5467758178738,3301,G007000E45895N,de l'Aiguille de l'Eboulement,45.895,7.0,-0.5604722
1997,579,1.5669048742246645,-4.007567301597594,7.141377108154299,1622.8423468017586,848.57549407959,774.2668527221687,3640,G007003E45960N,du Chardonnet,45.96,7.003,-0.7808446
1997,582,1.5284474220542923,-4.044969490600585,7.10186440237427,1612.8500740966801,845.9658128662111,766.8842612304693,3356,G007008E45954N,du Milieu,45.954,7.008,-0.5753514
1998,423,1.9847933227500905,-3.754172058578492,7.723758657348632,1513.9727396850583,718.0691582641601,795.9035814208981,3344,G006776E45799N,de la Berangere,45.799,6.776,-2.0404706
1998,424,2.0109584011154102,-3.7316630561904964,7.753579802154534,1522.9790186157202,719.5388273315425,803.4401912841778,3601,G006778E45809N,d'Armancette,45.809,6.778,-1.7104868
1998,427,2.0188152894916525,-3.726312879032136,7.763943394119262,1526.5358131713865,718.6528546752928,807.8829584960938,3650,G006783E45817N,de Covagnet,45.817,6.783,-1.7049153
1998,429,1.903983192466733,-3.828042995666506,7.636009348175045,1489.0567137451162,709.2540750732419,779.8026386718741,3651,G006784E45784N,de Tre la Tete 1,45.784,6.784,-2.500205
1998,431,2.027965797500619,-3.7188793679046555,7.774810894241343,1529.9196264648467,718.7743359375006,811.145290527346,3276,G006785E45822N,du Miage 1,45.822,6.785,-1.9322746
1998,437,1.9843524383125317,-3.7596484152374257,7.728353227966311,1516.9580344848637,713.2073229370119,803.7507115478518,3388,G006792E45817N,du Miage 2,45.817,6.792,-1.6827956
1998,447,1.964217243360527,-3.7797013245811404,7.708135745498666,1511.684409973147,709.5001672973638,802.1842426757833,3579,G006799E45819N,du Miage 3,45.819,6.799,-1.6310822
1998,448,1.9908942227764057,-3.7562024048729015,7.73799077699279,1520.3874456176736,711.6131990356439,808.7742465820296,3649,G006799E45827N,du Miage 4,45.827,6.799,-1.4912665
1998,449,2.0242404470462896,-3.7268287552375714,7.775309566360484,1531.266240173343,714.2544887084968,817.0117514648464,3296,G006799E45837N,du Tricot,45.837,6.799,-1.8058599
1998,459,2.0175604481754195,-3.736875756793985,7.771996558731066,1531.151000183102,710.1032335815421,821.0477666015597,3648,G006811E45849N,de Bionnassay,45.849,6.811,-1.6895874
1998,460,2.0095008786735593,-3.7468202892837477,7.765821945541388,1529.840671508791,707.049692016602,822.7909794921889,3438,G006819E45856N,de Tete Rousse,45.856,6.819,-2.0227659
1998,462,2.0037455796031995,-3.753327487972256,7.760818543228154,1528.6103626098645,705.3861619262697,823.224200683595,3280,G006823E45859N,de la Griaz,45.859,6.823,-1.6988562
1998,464,1.985550215780255,-3.7722342819328336,7.743334605728147,1523.9656646118156,701.5295918579097,822.4360727539057,3290,G006831E45863N,du Bourgeat,45.863,6.831,-1.6684761
1998,468,1.9346103599433873,-3.8217061945800803,7.690926806701658,1509.5090790405266,693.5702402954099,815.9388387451166,3647,G006844E45863N,Taconnaz,45.863,6.844,-1.7342519
1998,484,2.2270789890747036,-3.5740046410064727,8.028162403625483,1605.0177396240224,711.2820911865232,893.7356484374992,3449,G006862E45976N,de la Floria,45.976,6.862,-1.5560443
1998,488,1.8683557784843503,-3.887664285926814,7.624375730361946,1491.2522772216817,681.98182800293,809.2704492187515,3646,G006865E45868N,Bossons,45.868,6.865,-1.4875621
1998,489,2.2595580009460505,-3.5470872501373245,8.06620302314759,1615.5981933593769,712.9454711914066,902.6527221679703,3709,G006865E45990N,du Mort 2,45.99,6.865,-1.8097336
1998,490,2.2595580009460505,-3.5470872501373245,8.06620302314759,1615.5981933593769,712.9454711914066,902.6527221679703,3710,G006865E45990N,du Mort 1,45.99,6.865,-1.9269537
1998,491,2.2595580009460505,-3.5470872501373245,8.06620302314759,1615.5981933593769,712.9454711914066,902.6527221679703,3711,G006865E45990N,du Mort 3,45.99,6.865,-1.6800421
1998,497,2.2153993295249976,-3.588273379951474,8.019071815841679,1602.0553931884779,707.6355074462892,894.4198857421886,0,G006871E45984N,des Dards 1,45.984,6.871,-1.7930323
1998,498,2.2153993295249976,-3.588273379951474,8.019071815841679,1602.0553931884779,707.6355074462892,894.4198857421886,0,G006871E45984N,des Dards 1,45.984,6.871,-1.7890257
1998,499,2.2153993295249976,-3.588273379951474,8.019071815841679,1602.0553931884779,707.6355074462892,894.4198857421886,3812,G006871E45984N,des Dards 2,45.984,6.871,-1.7013264
1998,500,2.240958809307088,-3.5660464595108126,8.047963847335803,1610.1592960205044,709.6583985595694,900.5008974609352,3573,G006871E45992N,de Berard,45.992,6.871,-1.5123814
1998,503,1.867320363521584,-3.892595639228814,7.627236242294321,1492.1857452392605,678.878250122071,813.3074951171894,3483,G006875E45880N,Rond,45.88,6.875,-1.8633238
1998,504,2.1936634060192097,-3.609944704418183,7.997271292343138,1595.6347128295895,704.1002682495118,891.5344445800779,3450,G006877E45985N,du Belvedere,45.985,6.877,-1.6279716
1998,506,1.8666280467224214,-3.895260065765372,7.628516029510509,1492.5588647460968,677.3123767089852,815.2464880371115,3265,G006880E45886N,du Telepherique,45.886,6.88,-1.7393407
1998,509,1.8301395565567107,-3.927759373146049,7.5880383651428325,1481.2730125122098,673.8204027709969,807.452609741213,3391,G006882E45877N,Ouest de l'Aiguille du Midi,45.877,6.882,-1.6966797
1998,517,1.8222756512298521,-3.937073946441656,7.58162512301635,1479.4898942871073,671.3847153320309,808.1051789550766,3644,G006888E45882N,Arete Midi Plan,45.882,6.888,-1.7164834
1998,518,1.8499204699058618,-3.9135352857131886,7.613376090103159,1488.3007357177762,673.2699290771491,815.0308066406271,3389,G006889E45892N,des Pelerins,45.892,6.889,-1.5488197
1998,524,1.8304544952907675,-3.9355611303367515,7.596469976913465,1483.4302662963903,668.1018744506846,815.3283918457057,3518,G006901E45901N,de Blaitiere,45.901,6.901,-1.3589308
1998,526,1.7917314352798572,-3.9712148127365015,7.5546775450134405,1471.8129171752962,663.5265469360361,808.2863702392603,3381,G006906E45895N,du Plan,45.895,6.906,-1.7522368
1998,527,1.7860322560710866,-3.9774545109672577,7.5495188829193065,1470.3238500366201,662.1685792846677,808.1552707519521,3317,G006909E45897N,du Fou,45.897,6.909,-1.852331
1998,530,1.8052329214439284,-3.962218121658334,7.572683814819324,1476.585030944821,662.7802947387686,813.8047362060522,3645,G006912E45907N,des Nantillons,45.907,6.912,-1.6374795
1998,531,1.7741044064102152,-3.9922093752441423,7.54041803929138,1467.5172858886713,658.2009401855469,809.3163457031244,3418,G006919E45906N,de la Republique,45.906,6.919,-1.5643823
1998,534,1.7695555793342619,-3.9984052080688457,7.537516213195804,1466.5227225952158,656.3288408813478,810.193881713868,3582,G006924E45911N,de la Thendia,45.911,6.924,-1.9546455
1998,535,1.7350031832313575,-4.029966275558468,7.499972494201664,1456.1526394653333,652.3861154174808,803.7665240478524,3313,G006928E45905N,de Trelaporte,45.905,6.928,-1.5704247
1998,537,1.643403988540657,-4.111419248664849,7.39822709890748,1428.3741791381858,643.3270823364262,785.0470968017596,3643,G006934E45883N,Mer de Glace ,45.883,6.934,-1.6731536
1998,539,1.7443340610065452,-4.030938736728668,7.51960668421936,1460.3439320678708,647.375434020996,812.9684980468749,3519,G006947E45933N,des Drus,45.933,6.947,-1.5172812
1998,541,1.746355390363695,-4.031169005733489,7.523879606216433,1461.1831565551763,646.3246355590823,814.8585209960941,3263,G006951E45939N,du Nant Blanc,45.939,6.951,-1.6817139
1998,542,1.7787429310874958,-4.003948488815306,7.5614341593017595,1471.1368768920904,648.5827085571291,822.5541683349613,3639,G006952E45951N,de la Pendant,45.951,6.952,-1.5865595
1998,543,1.6937082017803178,-4.078176847591401,7.465593082351683,1445.3113955688473,640.95143951416,804.3599560546872,3284,G006955E45927N,de la Charpoua,45.927,6.955,-1.8231313
1998,544,1.7513155610275202,-4.028912409515386,7.53154334465026,1462.8980676269512,645.506041259765,817.392026367186,3475,G006955E45946N,des Grands Montets,45.946,6.955,-1.8481179
1998,547,1.7704093775653793,-4.0135940196418805,7.554412579269404,1468.8131167602526,646.4101736450193,822.4029431152333,3585,G006957E45955N,de Lognan,45.955,6.957,-1.7006763
1998,548,1.5526044860649124,-4.20118411262512,7.306392954101565,1402.6017782592778,628.2827359008791,774.3190423583987,3534,G006960E45887N,de l'Aiguille du Tacul,45.887,6.96,-1.8501321
1998,549,1.6241476145057638,-4.1405522650985755,7.3888473396148635,1424.4491031494128,633.6361451416012,790.8129580078116,3631,G006961E45912N,du Moine,45.912,6.961,-1.6599711
1998,553,1.5199241744880607,-4.233348949516302,7.273197166885369,1393.2797501220684,622.9761378173821,770.3036123046861,3641,G006969E45888N,du Capucin,45.888,6.969,-1.6072794
1998,557,1.506124254180902,-4.248969178726201,7.2612175497589035,1389.591742187498,619.4644145507806,770.1273276367175,0,G006977E45894N,des Dards 1,45.894,6.977,-1.7994884
1998,564,1.643800005617142,-4.135944032611847,7.423543852157593,1431.4187625122072,627.9237417602538,803.4950207519532,3638,G006985E45951N,d'Argentiere,45.951,6.985,-1.8325845
1998,566,1.7050909335250832,-4.084406946479799,7.494588600860593,1449.869308410644,632.464732849121,817.4045755615228,0,G006986E45973N,des Dards 1,45.973,6.986,-2.0494666
1998,567,1.7050909335250832,-4.084406946479799,7.494588600860593,1449.869308410644,632.464732849121,817.4045755615228,3712,G006986E45973N,du Passon 1,45.973,6.986,-1.9372895
1998,569,1.7383784098854103,-4.057223980163571,7.533980573913579,1459.8944288940438,634.4895105590822,825.4049183349618,3698,G006988E45987N,du Tour,45.987,6.988,-2.4170034
1998,571,1.6767072355651882,-4.110663033714292,7.464077295989994,1441.4066226196298,629.0098898315432,812.3967327880866,3511,G006990E45969N,Adams Reilly,45.969,6.99,-1.7088748
1998,572,1.502688815769186,-4.25936704862977,7.2647445247192275,1389.282830383298,614.652363952636,774.630466430662,3466,G006992E45913N,de Talefre,45.913,6.992,-1.8755885
1998,574,1.4444007664642367,-4.309813528915402,7.198614922607425,1371.9089075927745,609.4407845458987,762.4681230468757,3258,G006994E45896N,de Pierre Joseph,45.896,6.994,-1.694093
1998,575,1.648385620918285,-4.136848454322806,7.433619491119398,1432.9772219848667,625.5600546264657,807.4171673584008,3619,G006994E45965N,du Trident,45.965,6.994,-1.7332265
1998,577,1.4175612616539093,-4.335577459335319,7.170699844360362,1364.1518783569363,605.5035781860358,758.6483001709005,3301,G007000E45895N,de l'Aiguille de l'Eboulement,45.895,7.0,-1.714344
1998,579,1.5956587977266332,-4.188716533889769,7.380033929672243,1419.286932983399,619.7098126220706,799.5771203613286,3640,G007003E45960N,du Chardonnet,45.96,7.003,-1.856763
1998,582,1.5568069212951676,-4.228039372955321,7.341653022552491,1410.7478273925788,616.7729765625002,793.9748508300785,3356,G007008E45954N,du Milieu,45.954,7.008,-1.8661964
1999,423,1.3309700937166205,-5.644951918365479,8.30689229736328,1944.8062407531734,1033.3253605041502,911.4808802490231,3344,G006776E45799N,de la Berangere,45.799,6.776,0.0941358
1999,424,1.3559230978221828,-5.622654377075201,8.334500756072991,1956.8117120666473,1036.3761581115714,920.4355539550758,3601,G006778E45809N,d'Armancette,45.809,6.778,-0.1303506
1999,427,1.3627110071501722,-5.616301441696168,8.341723633193968,1962.0417040405275,1035.922547363281,926.1191566772462,3650,G006783E45817N,de Covagnet,45.817,6.783,-0.1362932
1999,429,1.2514294315490695,-5.71473200405884,8.217591070556637,1912.8805547485335,1019.3489264526363,893.5316282958973,3651,G006784E45784N,de Tre la Tete 1,45.784,6.784,-0.4045312
1999,431,1.3712528215360722,-5.608626889190667,8.351132705688485,1966.7304095459021,1036.6009594726572,930.1294500732448,3276,G006785E45822N,du Miage 1,45.822,6.785,-0.5821165
1999,437,1.327939788035394,-5.6465383917541505,8.302418145751954,1950.5094380798346,1028.2540021667483,922.2554359130861,3388,G006792E45817N,du Miage 2,45.817,6.792,0.0079076
1999,447,1.307365382221706,-5.6643589903716975,8.279089931869516,1944.4232122192416,1023.2452719726572,921.1779402465843,3579,G006799E45819N,du Miage 3,45.819,6.799,0.2178391
1999,448,1.333244885101788,-5.641570873550421,8.30806081504821,1955.9564695434537,1027.0680473632801,928.888422180174,3649,G006799E45827N,du Miage 4,45.827,6.799,-0.3601521
1999,449,1.365594263701925,-5.613085727523796,8.344274419021618,1970.373041198735,1031.8465166015637,938.5265245971711,3296,G006799E45837N,du Tricot,45.837,6.799,-0.3582749
1999,459,1.3575358916201483,-5.6200494837493995,8.33512142524718,1972.059888977046,1027.3927144775375,944.6671744995085,3648,G006811E45849N,de Bionnassay,45.849,6.811,-0.266841
1999,460,1.3487405803718622,-5.627843105957027,8.325324422454841,1971.656506103518,1023.959068847657,947.697437255861,3438,G006819E45856N,de Tete Rousse,45.856,6.819,-0.2132269
1999,462,1.342685143246178,-5.633229017959591,8.318599459457403,1970.7154951782247,1022.0061945800787,948.709300598146,3280,G006823E45859N,de la Griaz,45.859,6.823,-0.1484046
1999,464,1.3240936432557076,-5.649715162796023,8.29790260429382,1965.945228088378,1017.1455180664057,948.799710021972,3290,G006831E45863N,du Bourgeat,45.863,6.831,-0.0712758
1999,468,1.27306498505306,-5.694683306365969,8.240813435363766,1948.9189252014148,1006.125979278564,942.792945922851,3647,G006844E45863N,Taconnaz,45.863,6.844,0.0956696
1999,484,1.558391724807736,-5.450452125335696,8.567235691833492,2083.8634120483384,1045.546386535644,1038.3170255126945,3449,G006862E45976N,de la Floria,45.976,6.862,-0.5275383
1999,488,1.2063653266620693,-5.753794860229487,8.166525676727302,1928.419783325198,990.746012573243,937.673770751955,3646,G006865E45868N,Bossons,45.868,6.865,0.1580346
1999,489,1.5902078513860758,-5.423680100250239,8.604095916748054,2099.3389984130886,1049.8141845703135,1049.524813842775,3709,G006865E45990N,du Mort 2,45.99,6.865,-0.5339704
1999,490,1.5902078513860758,-5.423680100250239,8.604095916748054,2099.3389984130886,1049.8141845703135,1049.524813842775,3710,G006865E45990N,du Mort 1,45.99,6.865,-0.6096138
1999,491,1.5902078513860758,-5.423680100250239,8.604095916748054,2099.3389984130886,1049.8141845703135,1049.524813842775,3711,G006865E45990N,du Mort 3,45.99,6.865,-0.4226384
1999,497,1.5468030975379983,-5.462238995239255,8.555845311737066,2082.627361816408,1041.892754150391,1040.7346076660172,0,G006871E45984N,des Dards 1,45.984,6.871,-0.4321535
1999,498,1.5468030975379983,-5.462238995239255,8.555845311737066,2082.627361816408,1041.892754150391,1040.7346076660172,0,G006871E45984N,des Dards 1,45.984,6.871,-0.4309213
1999,499,1.5468030975379983,-5.462238995239255,8.555845311737066,2082.627361816408,1041.892754150391,1040.7346076660172,3812,G006871E45984N,des Dards 2,45.984,6.871,-0.5268437
1999,500,1.5719085990447896,-5.44069587548829,8.584513191986073,2093.8055937499958,1045.770672119139,1048.0349216308566,3573,G006871E45992N,de Berard,45.992,6.871,-0.525137
1999,503,1.2046390771865925,-5.756282882690423,8.165561199188241,1932.0295715332065,988.0957031250014,943.9338684082054,3483,G006875E45880N,Rond,45.88,6.875,-0.3208765
1999,504,1.5254059700798979,-5.481882816848756,8.532694883346556,2075.7151690673822,1037.3616299438477,1038.3535391235348,3450,G006877E45985N,du Belvedere,45.985,6.877,-0.5047449
1999,506,1.2036550147342773,-5.757721424713126,8.165031616210948,1933.7789929199257,986.7791644287123,946.9998284912135,3265,G006880E45886N,du Telepherique,45.886,6.88,-0.3226355
1999,509,1.1676319816150755,-5.788761053344719,8.12402518234254,1918.6167180480995,980.7161191711441,937.9005988769554,3391,G006882E45877N,Ouest de l'Aiguille du Midi,45.877,6.882,0.3033851
1999,517,1.159544137502664,-5.79641641690064,8.115504858398431,1917.6406539306613,978.0700559082021,939.5705980224591,3644,G006888E45882N,Arete Midi Plan,45.882,6.888,0.1332869
1999,518,1.1867333262615287,-5.773376734374993,8.146843550872813,1930.1810718994182,982.088847534181,948.092224365237,3389,G006889E45892N,des Pelerins,45.892,6.889,-0.6328367
1999,524,1.1670431996808164,-5.791985558364859,8.126072124862683,1926.659082885747,976.3387866821308,950.3202962036164,3518,G006901E45901N,de Blaitiere,45.901,6.901,-0.5001487
1999,526,1.1286145415973772,-5.8253951089477445,8.08262436294557,1911.7391581726122,969.1901493835467,942.5490087890654,3381,G006906E45895N,du Plan,45.895,6.906,0.2008914
1999,527,1.1228839473633727,-5.830758362869266,8.07652642936706,1910.4985548095683,967.6331245727533,942.8654302368152,3317,G006909E45897N,du Fou,45.897,6.909,-0.1975884
1999,530,1.1418019788255587,-5.815313391143807,8.09891752014159,1920.2266197814893,969.9865671691878,950.2400526123016,3645,G006912E45907N,des Nantillons,45.907,6.912,-0.2839926
1999,531,1.1108374457159023,-5.842781874725343,8.064456941223142,1909.5010770263661,963.5931203613279,945.9079566650382,3418,G006919E45906N,de la Republique,45.906,6.919,-0.2996251
1999,534,1.1062569760122327,-5.847650362274168,8.060164491271976,1909.6430394592298,961.8244870910648,947.818552368165,3582,G006924E45911N,de la Thendia,45.911,6.924,-0.666467
1999,535,1.0719282871389426,-5.877319835968015,8.021176589965824,1896.1129576110857,955.5110612487799,940.6018963623058,3313,G006928E45905N,de Trelaporte,45.905,6.928,-0.5209504
1999,537,0.980860284797676,-5.954866855102534,7.91658760910035,1858.2134823913607,939.6522839050306,918.5611984863305,3643,G006934E45883N,Mer de Glace ,45.883,6.934,-0.5690204
1999,539,1.081285376332759,-5.873966000411988,8.036536941909787,1908.5486931762691,953.258411010742,955.2902821655272,3519,G006947E45933N,des Drus,45.933,6.947,-0.4808734
1999,541,1.0833921250500695,-5.873287716934203,8.040072158432007,1911.225068420411,952.8489797363285,958.3760886840822,3263,G006951E45939N,du Nant Blanc,45.939,6.951,-0.2459301
1999,542,1.1157168434114473,-5.846697328277587,8.078131207275394,1926.0367517395027,957.9185287170413,968.1182230224614,3639,G006952E45951N,de la Pendant,45.951,6.952,-0.2518945
1999,543,1.0309787488675102,-5.917917085342409,7.979874776840208,1889.6527780151362,943.5740789794919,946.0786990356441,3284,G006955E45927N,de la Charpoua,45.927,6.955,-0.2387537
1999,544,1.0884596861410076,-5.870201855316167,8.047121421813957,1915.2173626708955,952.936925048827,962.2804376220685,3475,G006955E45946N,des Grands Montets,45.946,6.955,-0.0812454
1999,547,1.1075896852946236,-5.854915787582401,8.070095354080195,1924.5940606689433,955.6942587280266,968.8998019409166,3585,G006957E45955N,de Lognan,45.955,6.957,-0.2756338
1999,548,0.8901785920572296,-6.035925015411376,7.816282394409181,1829.2100581359869,919.6360279846194,909.5740301513675,3534,G006960E45887N,de l'Aiguille du Tacul,45.887,6.96,0.0723459
1999,549,0.9616523099441487,-5.976976998840335,7.900281815338129,1861.4307066650374,931.1245631103509,930.3061435546865,3631,G006961E45912N,du Moine,45.912,6.961,-0.3220014
1999,553,0.8575673088951044,-6.065042613464361,7.78017742996215,1818.6263585205047,912.5219166259753,906.1044418945296,3641,G006969E45888N,du Capucin,45.888,6.969,-0.3228869
1999,557,0.8438708068303999,-6.07836495230103,7.766106768798821,1816.0170277099583,908.7291337890614,907.2878939208967,0,G006977E45894N,des Dards 1,45.894,6.977,-0.339761
1999,564,0.9822803002810481,-5.967124091415405,7.931684907913208,1881.0262170410158,930.2238638305664,950.8023532104495,3638,G006985E45951N,d'Argentiere,45.951,6.985,-0.1505516
1999,566,1.0438772042827584,-5.9169982846679705,8.004752913665769,1908.8429995422352,940.2911120910642,968.5518874511711,0,G006986E45973N,des Dards 1,45.973,6.986,-0.219849
1999,567,1.0438772042827584,-5.9169982846679705,8.004752913665769,1908.8429995422352,940.2911120910642,968.5518874511711,3712,G006986E45973N,du Passon 1,45.973,6.986,-0.2395453
1999,569,1.0774645771894493,-5.8902319811706505,8.04516136016846,1924.6402707824725,945.5600279846196,979.0802427978529,3698,G006988E45987N,du Tour,45.987,6.988,-0.0362155
1999,571,1.0156717030143765,-5.941528384094236,7.9728720130920445,1898.037210235597,934.9580793762211,963.0791308593759,3511,G006990E45969N,Adams Reilly,45.969,6.99,-0.1544928
1999,572,0.8409030203161142,-6.08506061917115,7.766866873168934,1821.2159656677204,905.4889443054183,915.727021362302,3466,G006992E45913N,de Talefre,45.913,6.992,-0.3990731
1999,574,0.7823786778106723,-6.133454471160887,7.6982120376586956,1796.069971374513,895.3624492797858,900.7075220947274,3258,G006994E45896N,de Pierre Joseph,45.896,6.994,-0.1313836
1999,575,0.987509201822292,-5.965989317016593,7.941007946014417,1887.2511445617722,929.6219831848164,957.6291613769561,3619,G006994E45965N,du Trident,45.965,6.994,-0.0201413
1999,577,0.7555960828065965,-6.157051029205315,7.6682434082031365,1786.771869659428,889.798374176027,896.9734954834009,3301,G007000E45895N,de l'Aiguille de l'Eboulement,45.895,7.0,0.2219457
1999,579,0.9348311535930653,-6.01500728111267,7.884669814147951,1870.0373327636728,920.9887216186528,949.0486111450202,3640,G007003E45960N,du Chardonnet,45.96,7.003,-0.1143112
1999,582,0.8955034414234178,-6.05325176345825,7.8442588656005885,1858.1960189208992,916.0848984375003,942.111120483399,3356,G007008E45954N,du Milieu,45.954,7.008,0.5013058
2000,423,1.6668998019371022,-4.880520678100587,8.214320458587645,1614.5462204284665,891.9988679504395,722.547352478027,3344,G006776E45799N,de la Berangere,45.799,6.776,-1.1828773
2000,424,1.69453025614547,-4.854539036636359,8.243599716979972,1622.4898436889628,894.2979336547845,728.1919100341782,3601,G006778E45809N,d'Armancette,45.809,6.778,-0.8559948
2000,427,1.703001966499328,-4.846109621849061,8.252113714767455,1625.7443092803953,893.7489122772215,731.9953970031738,3650,G006783E45817N,de Covagnet,45.817,6.783,-0.7310261
2000,429,1.5820611981430024,-4.958540974273684,8.122663552947994,1592.8531385498036,880.830393066406,712.0227454833978,3651,G006784E45784N,de Tre la Tete 1,45.784,6.784,-0.0550691
2000,431,1.7127243291664214,-4.836861197280875,8.26231001121522,1628.7746537780788,894.195206451417,734.5794473266618,3276,G006785E45822N,du Miage 1,45.822,6.785,-1.670107
2000,437,1.667058075977327,-4.878630985412597,8.212747293304446,1617.5879138488774,887.4283891296388,730.1595247192384,3388,G006792E45817N,du Miage 2,45.817,6.792,-0.6628991
2000,447,1.6461333201446608,-4.897403325691216,8.18967011766053,1613.1626047210716,883.252262344361,729.9103423767104,3579,G006799E45819N,du Miage 3,45.819,6.799,-0.9689658
2000,448,1.6742597339935226,-4.871315111274727,8.219834726303093,1620.8368206634502,886.2116049957267,734.6252156677235,3649,G006799E45827N,du Miage 4,45.827,6.799,-0.9061934
2000,449,1.7094177513046367,-4.83870484325408,8.257540487106334,1630.4295905914335,889.9107833099375,740.518807281496,3296,G006799E45837N,du Tricot,45.837,6.799,-0.8754846
2000,459,1.7029641856918218,-4.843868338737499,8.249796842025745,1630.8106795806852,885.9154897308338,744.8951898498516,3648,G006811E45849N,de Bionnassay,45.849,6.811,-0.8507839
2000,460,1.6948842364082397,-4.850912216339106,8.24068081648255,1630.0124782104508,882.8795114135748,747.132966796876,3438,G006819E45856N,de Tete Rousse,45.856,6.819,-1.1410402
2000,462,1.689030267227177,-4.8561376372146565,8.234198297225957,1629.1138139495863,881.1760208892825,747.9377930603036,3280,G006823E45859N,de la Griaz,45.859,6.823,-0.701023
2000,464,1.6702757670898405,-4.873129990882876,8.213681648300167,1625.392618087768,877.0290595245357,748.3635585632321,3290,G006831E45863N,du Bourgeat,45.863,6.831,-0.7416368
2000,468,1.61723868021774,-4.92155980270386,8.156037285186764,1613.2139847717278,867.8886021423335,745.3253826293942,3647,G006844E45863N,Taconnaz,45.863,6.844,-0.9338573
2000,484,1.927777280624386,-4.637435902862553,8.492990573303219,1700.021340576171,896.9045758056636,803.1167647705073,3449,G006862E45976N,de la Floria,45.976,6.862,-1.258175
2000,488,1.5485253642845218,-4.984290097045893,8.081340945358281,1598.118016967775,854.9668701171881,743.1511468505871,3646,G006865E45868N,Bossons,45.868,6.865,-1.1152903
2000,489,1.9623976334571898,-4.606029619216914,8.530824996566778,1709.8019187927262,899.9512519836433,809.8506668090831,3709,G006865E45990N,du Mort 2,45.99,6.865,-1.2197427
2000,490,1.9623976334571898,-4.606029619216914,8.530824996566778,1709.8019187927262,899.9512519836433,809.8506668090831,3710,G006865E45990N,du Mort 1,45.99,6.865,-1.8714789
2000,491,1.9623976334571898,-4.606029619216914,8.530824996566778,1709.8019187927262,899.9512519836433,809.8506668090831,3711,G006865E45990N,du Mort 3,45.99,6.865,-0.823241
2000,497,1.9162071371803324,-4.648750656280514,8.481165046524053,1698.2061732788097,893.5071054077152,804.6990678710945,0,G006871E45984N,des Dards 1,45.984,6.871,-1.1334916
2000,498,1.9162071371803324,-4.648750656280514,8.481165046524053,1698.2061732788097,893.5071054077152,804.6990678710945,0,G006871E45984N,des Dards 1,45.984,6.871,-1.1259958
2000,499,1.9162071371803324,-4.648750656280514,8.481165046524053,1698.2061732788097,893.5071054077152,804.6990678710945,3812,G006871E45984N,des Dards 2,45.984,6.871,-1.0892087
2000,500,1.9432565524940384,-4.62406344039918,8.51057666102599,1705.497827697751,896.4560330200181,809.0417946777328,3573,G006871E45992N,de Berard,45.992,6.871,-1.4190866
2000,503,1.5481184887886132,-4.984751338958732,8.080988435745248,1599.6222305297874,852.3573684692392,747.2648620605482,3483,G006875E45880N,Rond,45.88,6.875,-1.3482354
2000,504,1.8937409729766839,-4.6697974107742315,8.457279477615355,1693.010550460815,889.6438129425048,803.3667375183103,3450,G006877E45985N,du Belvedere,45.985,6.877,-0.9183178
2000,506,1.547746770019541,-4.98520086593627,8.08069452560426,1600.3145620727566,851.0509902954113,749.2635717773453,3265,G006880E45886N,du Telepherique,45.886,6.88,-1.1524253
2000,509,1.5092557247886753,-5.02029581275939,8.038807381652843,1590.2730159301784,846.328180847169,743.9448350830091,3391,G006882E45877N,Ouest de l'Aiguille du Midi,45.877,6.882,-1.0241239
2000,517,1.501366959518426,-5.027629580535894,8.030363619476311,1589.0971476440413,843.9495321655266,745.1476154785146,3644,G006888E45882N,Arete Midi Plan,45.882,6.888,-1.2823536
2000,518,1.5307268647117707,-5.0009799563598545,8.062433806808482,1597.142728027346,846.9289813232431,750.2137467041032,3389,G006889E45892N,des Pelerins,45.892,6.889,-1.4561405
2000,524,1.5110446163025024,-5.019414434852589,8.041503791824354,1593.6935672454865,841.7980051422132,751.8955621032733,3518,G006901E45901N,de Blaitiere,45.901,6.901,-1.2359632
2000,526,1.4703960710334893,-5.056508051681508,7.997300317688001,1583.5540200805694,836.0711105346693,747.4829095459002,3381,G006906E45895N,du Plan,45.895,6.906,-1.0456883
2000,527,1.46459749339294,-5.0619307118606605,7.991125823562617,1582.4522427215566,834.6958960723873,747.7563466491692,3317,G006909E45897N,du Fou,45.897,6.909,-0.7522072
2000,530,1.4852126027641184,-5.0434931344604585,8.01391846823119,1588.416302215573,836.2634614562975,752.1528407592755,3645,G006912E45907N,des Nantillons,45.907,6.912,-1.0422014
2000,531,1.4527868492851235,-5.073289022598269,7.978862850784299,1580.7744357604975,830.9683595275876,749.8060762329096,3418,G006919E45906N,de la Republique,45.906,6.919,-1.0981374
2000,534,1.4483963555107144,-5.077653862152097,7.974446705841068,1580.3288287658702,829.2871995544435,751.0416292114264,3582,G006924E45911N,de la Thendia,45.911,6.924,-1.8114063
2000,535,1.4120706587410012,-5.110705911254879,7.934847360076908,1571.2124415588391,824.2657676696781,746.9466738891608,3313,G006928E45905N,de Trelaporte,45.905,6.928,-1.3880123
2000,537,1.315326452014931,-5.198189759902947,7.828842786743174,1546.292652221682,811.9580487060555,734.3346035156263,3643,G006934E45883N,Mer de Glace ,45.883,6.934,-0.6764872
2000,539,1.423756867012023,-5.1021995663070685,7.949713451400756,1576.9903316192624,821.1749773406981,755.8153542785644,3519,G006947E45933N,des Drus,45.933,6.947,-1.3595603
2000,541,1.4263037851104754,-5.100434174690245,7.953041901229861,1578.2070319671634,820.5604825592044,757.6465494079591,3263,G006951E45939N,du Nant Blanc,45.939,6.951,-1.1750056
2000,542,1.4608385931663532,-5.069677760009764,7.9913551101989775,1587.5116462097174,824.2618122863772,763.2498339233401,3639,G006952E45951N,de la Pendant,45.951,6.952,-0.8189781
2000,543,1.3707268900299057,-5.150654147529604,7.892108078536985,1563.9898537445065,813.3373722076415,750.652481536865,3284,G006955E45927N,de la Charpoua,45.927,6.955,-0.9295642
2000,544,1.4319850679588249,-5.095903943252569,7.95987424171447,1580.2475187683087,820.312216949462,759.9353018188466,3475,G006955E45946N,des Grands Montets,45.946,6.955,-1.0896533
2000,547,1.4524985065841627,-5.077867917442326,7.98286509986877,1585.9526749420154,822.206539535522,763.7461354064933,3585,G006957E45955N,de Lognan,45.955,6.957,-1.0444185
2000,548,1.2211390506553665,-5.2848364608764635,7.727114689178469,1524.9994004821783,795.1357582092287,729.8636422729494,3534,G006960E45887N,de l'Aiguille du Tacul,45.887,6.96,-0.8763971
2000,549,1.2973367971305803,-5.216945306854251,7.811619044601436,1545.3386815795889,803.606927185058,741.7317543945308,3631,G006961E45912N,du Moine,45.912,6.961,-1.0726179
2000,553,1.1872151305656362,-5.316042628936774,7.690473018600455,1517.2709465942364,789.1706875610342,728.1002590332022,3641,G006969E45888N,du Capucin,45.888,6.969,-1.0280057
2000,557,1.1733008410377437,-5.329363571853644,7.675965387924187,1514.6898982849102,785.7423701477042,728.9475281372062,0,G006977E45894N,des Dards 1,45.894,6.977,-0.7499676
2000,564,1.3207761204147341,-5.19967834224701,7.841230766067506,1554.6679062652588,801.0066036224365,753.6613026428224,3638,G006985E45951N,d'Argentiere,45.951,6.985,-0.522057
2000,566,1.38618712868881,-5.141881601638796,7.914256061218259,1572.0443427124014,808.3657046508786,763.678638061523,0,G006986E45973N,des Dards 1,45.973,6.986,-1.5571784
2000,567,1.38618712868881,-5.141881601638796,7.914256061218259,1572.0443427124014,808.3657046508786,763.678638061523,3712,G006986E45973N,du Passon 1,45.973,6.986,-1.1005628
2000,569,1.4218899854698221,-5.110648907318112,7.954429094024662,1581.6970754699719,812.0865080261233,769.6105674438484,3698,G006988E45987N,du Tour,45.987,6.988,-0.321665
2000,571,1.356410629787448,-5.16903912773132,7.8818605889892615,1564.6751538085946,804.0794433593753,760.5957104492193,3511,G006990E45969N,Adams Reilly,45.969,6.99,-0.8252755
2000,572,1.1711784665717975,-5.333334833374033,7.675691919647206,1516.1195443420384,782.1494139099109,733.9701304321275,3466,G006992E45913N,de Talefre,45.913,6.992,-0.1996959
2000,574,1.1092616573486362,-5.388403219757077,7.606926672729497,1500.073503906251,774.5127191162114,725.5607847900395,3258,G006994E45896N,de Pierre Joseph,45.896,6.994,-0.7979847
2000,575,1.3266939641380426,-5.196118820571889,7.849506949768079,1557.3272183227568,799.7937606811538,757.5334576416033,3619,G006994E45965N,du Trident,45.965,6.994,-0.8622369
2000,577,1.0812728095054724,-5.414009170532218,7.5765549278259385,1493.4953117370633,769.9241828918468,723.5711288452162,3301,G007000E45895N,de l'Aiguille de l'Eboulement,45.895,7.0,-1.449661
2000,579,1.271937220453026,-5.248517630538938,7.792392270965578,1545.5537205505377,792.6982289123538,752.8554916381839,3640,G007003E45960N,du Chardonnet,45.96,7.003,-0.9070336
2000,582,1.2316699063224812,-5.288651524871825,7.7519915301208515,1537.9463368530278,788.7515553588869,749.1947814941409,3356,G007008E45954N,du Milieu,45.954,7.008,-1.0445348
2001,423,2.005915218204497,-3.37697142189026,7.3888016495361315,1966.8491327514644,1108.7713412475587,858.0777915039058,3344,G006776E45799N,de la Berangere,45.799,6.776,0.9145197
2001,424,2.0336214637870715,-3.3503914867782663,7.417634208938591,1978.3719890136688,1111.2595101928705,867.1124788207984,3601,G006778E45809N,d'Armancette,45.809,6.778,0.6563296
2001,427,2.0387471640739427,-3.347577195186616,7.425071324821472,1983.9826270446777,1111.4201763916012,872.5624506530761,3650,G006783E45817N,de Covagnet,45.817,6.783,0.7992365
2001,429,1.9097836053237884,-3.476265359802249,7.295832368865964,1938.417178588866,1099.474415283203,838.9427633056631,3651,G006784E45784N,de Tre la Tete 1,45.784,6.784,0.5230744
2001,431,2.047523906345377,-3.3397446750640776,7.434792292327891,1988.621753234867,1112.0845352172862,876.5372180175807,3276,G006785E45822N,du Miage 1,45.822,6.785,0.1750088
2001,437,1.99375412281418,-3.3963613152313217,7.383869373229982,1974.5377991333014,1106.6475039672853,867.8902951660159,3388,G006792E45817N,du Miage 2,45.817,6.792,0.8331943
2001,447,1.9662288530693133,-3.4268546871375962,7.359312214485176,1969.8485117492708,1103.5992932128913,866.2492185363794,3579,G006799E45819N,du Miage 3,45.819,6.799,0.6449817
2001,448,1.9961061246757419,-3.3970553568458643,7.389267428901665,1980.4752712707493,1106.254764404296,874.2205068664532,3649,G006799E45827N,du Miage 4,45.827,6.799,0.5427836
2001,449,2.033452714183818,-3.3598061939811608,7.426711446922314,1993.7587206726116,1109.5741033935558,884.1846172790558,3296,G006799E45837N,du Tricot,45.837,6.799,0.7107714
2001,459,2.0177188994254944,-3.3804206924247864,7.415858334068286,1996.5777443542438,1106.8356219482412,889.7421224060026,3648,G006811E45849N,de Bionnassay,45.849,6.811,0.3314378
2001,460,2.0032912283744873,-3.397986316184991,7.40456862821961,1996.9362442626975,1104.547467346192,892.3887769165055,3438,G006819E45856N,de Tete Rousse,45.856,6.819,0.5869499
2001,462,1.9941663914604233,-3.408652523746486,7.3969851682205245,1996.4100708313006,1103.2094445800783,893.2006262512223,3280,G006823E45859N,de la Griaz,45.859,6.823,0.7553049
2001,464,1.9684357538871728,-3.437440354785923,7.374311736305232,1992.6900338439932,1099.8620703124998,892.8279635314934,3290,G006831E45863N,du Bourgeat,45.863,6.831,0.7840762
2001,468,1.9025752785987822,-3.508323660888675,7.31347410983276,1978.2252363891594,1092.4105050659177,885.8147313232416,3647,G006844E45863N,Taconnaz,45.863,6.844,0.6087129
2001,484,2.2230369677276576,-3.1905227144622845,7.636596614868161,2098.5111912841785,1112.9621820068357,985.5490092773427,3449,G006862E45976N,de la Floria,45.976,6.862,0.2158375
2001,488,1.8143781837654178,-3.604433194541924,7.23318948509217,1961.046989746096,1081.725267028809,879.321722717287,3646,G006865E45868N,Bossons,45.868,6.865,0.3688613
2001,489,2.2582850342750613,-3.155613042831415,7.672183087921149,2112.0333267211936,1114.7117691040044,997.3215576171893,3709,G006865E45990N,du Mort 2,45.99,6.865,0.3586213
2001,490,2.2582850342750613,-3.155613042831415,7.672183087921149,2112.0333267211936,1114.7117691040044,997.3215576171893,3710,G006865E45990N,du Mort 1,45.99,6.865,0.0923449
2001,491,2.2582850342750613,-3.155613042831415,7.672183087921149,2112.0333267211936,1114.7117691040044,997.3215576171893,3711,G006865E45990N,du Mort 3,45.99,6.865,0.4251321
2001,497,2.2049995470848125,-3.2109082255172687,7.6209073046722455,2096.9334366455096,1108.9732180786134,987.960218566896,0,G006871E45984N,des Dards 1,45.984,6.871,0.2675183
2001,498,2.2049995470848125,-3.2109082255172687,7.6209073046722455,2096.9334366455096,1108.9732180786134,987.960218566896,0,G006871E45984N,des Dards 1,45.984,6.871,0.2717135
2001,499,2.2049995470848125,-3.2109082255172687,7.6209073046722455,2096.9334366455096,1108.9732180786134,987.960218566896,3812,G006871E45984N,des Dards 2,45.984,6.871,0.2952933
2001,500,2.2340383179588197,-3.1815108959579588,7.6495875205535775,2106.7681785888635,1111.0915017700186,995.6766768188447,3573,G006871E45992N,de Berard,45.992,6.871,0.2049841
2001,503,1.8071317744255158,-3.6149312162399196,7.229194707870493,1964.5375823974641,1079.079322814942,885.458259582522,3483,G006875E45880N,Rond,45.88,6.875,0.7130942
2001,504,2.1771666563224783,-3.240459807300568,7.594793116493225,2090.480196685791,1105.116143798828,985.3640528869626,3450,G006877E45985N,du Belvedere,45.985,6.877,0.7081935
2001,506,1.8033775540161239,-3.6202430397033583,7.226998100738536,1966.159125976566,1077.6724151611338,888.4867108154324,3265,G006880E45886N,du Telepherique,45.886,6.88,0.609749
2001,509,1.760653709682475,-3.6641831698226826,7.185490540603649,1952.9425644531284,1074.1923800659188,878.7501843872096,3391,G006882E45877N,Ouest de l'Aiguille du Midi,45.877,6.882,0.7370964
2001,517,1.7481597805938651,-3.6786431590271067,7.174962682891839,1952.1808376464821,1071.919511108398,880.261326538084,3644,G006888E45882N,Arete Midi Plan,45.882,6.888,0.7189642
2001,518,1.7791023634224032,-3.647487944755544,7.205692641036997,1963.087957275394,1073.8085775756842,889.2793796997097,3389,G006889E45892N,des Pelerins,45.892,6.889,0.3021408
2001,524,1.7500770543632638,-3.6802780063819753,7.180432107673657,1959.9501523742717,1068.7369213867196,891.2132309875522,3518,G006901E45901N,de Blaitiere,45.901,6.901,0.388217
2001,526,1.7029961387825139,-3.729574855232226,7.13556712944032,1947.038212890629,1064.300874328614,882.7373385620149,3381,G006906E45895N,du Plan,45.895,6.906,0.8236866
2001,527,1.694806874645229,-3.7387032507514997,7.128317002418514,1945.922362945555,1062.9504431152343,882.971919830321,3317,G006909E45897N,du Fou,45.897,6.909,0.7699976
2001,530,1.7151614330329772,-3.7186716088104372,7.148994487976061,1954.1737445678668,1063.401205749511,890.772538818356,3645,G006912E45907N,des Nantillons,45.907,6.912,0.7343926
2001,531,1.6756897639121986,-3.7606956677246117,7.112075218872068,1944.7981567993156,1058.8815585327147,885.9165982666007,3418,G006919E45906N,de la Republique,45.906,6.919,0.7034451
2001,534,1.6678092930641202,-3.7699201473998993,7.105538767913822,1944.721472229005,1056.891842956543,887.8296292724621,3582,G006924E45911N,de la Thendia,45.911,6.924,0.2181815
2001,535,1.6259838128471418,-3.813673704910274,7.065641367187505,1933.1009634399427,1053.150233459473,879.9507299804698,3313,G006928E45905N,de Trelaporte,45.905,6.928,0.6683213
2001,537,1.5173808488197413,-3.9264402943038847,6.961202022354135,1900.93864733887,1044.94335723877,855.9952901001,3643,G006934E45883N,Mer de Glace ,45.883,6.934,-0.2616462
2001,539,1.6271024259147633,-3.8164238374900825,7.070628776298522,1942.358363128662,1046.9446392822265,895.4137238464353,3519,G006947E45933N,des Drus,45.933,6.947,0.4630295
2001,541,1.6275103873100303,-3.8167165059852577,7.071737378791811,1944.2386894836432,1045.531773681641,898.7069158020022,3263,G006951E45939N,du Nant Blanc,45.939,6.951,0.8098761
2001,542,1.6644767477149984,-3.7788044916534407,7.107758096191409,1956.4370936889654,1047.1586190795902,909.2784746093755,3639,G006952E45951N,de la Pendant,45.951,6.952,0.7287806
2001,543,1.5647123036003094,-3.8821314141273517,7.011556116828916,1926.0038911437982,1040.7181213378904,885.2857698059078,3284,G006955E45927N,de la Charpoua,45.927,6.955,0.9045357
2001,544,1.6313560386466903,-3.8134266334533766,7.07613882110595,1947.1668545532202,1044.26058807373,902.9062664794901,3475,G006955E45946N,des Grands Montets,45.946,6.955,0.6430426
2001,547,1.652523888454432,-3.7919158045768793,7.096963702354426,1954.713057098387,1044.620602416992,910.0924546813949,3585,G006957E45955N,de Lognan,45.955,6.957,0.7181466
2001,548,1.3989040638160724,-4.054119617843627,6.851927817077638,1875.7218966674811,1030.2823959350587,845.4395007324223,3534,G006960E45887N,de l'Aiguille du Tacul,45.887,6.96,0.8787909
2001,549,1.4812737013740491,-3.9692925903701832,6.931840086318965,1902.2159691162094,1034.2080636596677,868.007905456542,3631,G006961E45912N,du Moine,45.912,6.961,0.751342
2001,553,1.3564810971565167,-4.099737155952463,6.812699435989372,1866.5053892822243,1025.0955636596673,841.4098256225566,3641,G006969E45888N,du Capucin,45.888,6.969,0.7580342
2001,557,1.336513661411278,-4.12189311424256,6.794920539825432,1863.8305064086894,1021.3190298461909,842.5114765624983,0,G006977E45894N,des Dards 1,45.894,6.977,0.6847616
2001,564,1.493065023097992,-3.960765791606903,6.946896003684998,1915.725673065186,1025.5347869873046,890.1908860778811,3638,G006985E45951N,d'Argentiere,45.951,6.985,0.2588808
2001,566,1.5640443503074621,-3.8872028464889548,7.015291734512326,1938.0587067871083,1028.3452780151365,909.7134287719717,0,G006986E45973N,des Dards 1,45.973,6.986,0.6212116
2001,567,1.5640443503074621,-3.8872028464889548,7.015291734512326,1938.0587067871083,1028.3452780151365,909.7134287719717,3712,G006986E45973N,du Passon 1,45.973,6.986,0.6110061
2001,569,1.6020250713691753,-3.8479593753051713,7.0520097217712445,1950.4893450317395,1029.1730770874024,921.3162679443374,3698,G006988E45987N,du Tour,45.987,6.988,0.4451938
2001,571,1.529312609539035,-3.9236866342544525,6.982312044296268,1928.740130004884,1025.0269210815432,903.7132089233409,3511,G006990E45969N,Adams Reilly,45.969,6.99,0.678776
2001,572,1.3254642472038156,-4.135791931839002,6.786720569091786,1866.6972832641568,1015.1742398071284,851.5230434570283,3466,G006992E45913N,de Talefre,45.913,6.992,0.1716459
2001,574,1.2565228375854534,-4.20777682655334,6.720822631896976,1846.310788940431,1011.3833331298831,834.9274558105478,3258,G006994E45896N,de Pierre Joseph,45.896,6.994,0.6722046
2001,575,1.4946274521446357,-3.9601480886459215,6.949403187332166,1919.4655541992227,1021.7384078979499,897.7271463012728,3619,G006994E45965N,du Trident,45.965,6.994,0.958533
2001,577,1.2223954033851732,-4.244215021133412,6.689005966186534,1838.3105087280305,1007.615013122559,830.6954956054716,3301,G007000E45895N,de l'Aiguille de l'Eboulement,45.895,7.0,0.8022041
2001,579,1.4311066955757166,-4.028397510986325,6.890611099319461,1904.544995422364,1016.1510775756836,888.3939178466806,3640,G007003E45960N,du Chardonnet,45.96,7.003,0.6332006
2001,582,1.3865197337036153,-4.077430904266356,6.850470557891848,1894.7466315917975,1013.9044056396485,880.842225952149,3356,G007008E45954N,du Milieu,45.954,7.008,1.1441449
2002,423,1.7365079514255513,-4.129647263290407,7.602663041366577,1446.7521338500974,632.7139114990234,814.0382223510738,3344,G006776E45799N,de la Berangere,45.799,6.776,-0.8124744
2002,424,1.7640234454650805,-4.1052975569686945,7.633344340011589,1455.6236955566383,634.8319151611322,820.7917803955061,3601,G006778E45809N,d'Armancette,45.809,6.778,-0.1970082
2002,427,1.7730194745645516,-4.095754575756074,7.641793431945799,1460.2357950744629,635.1049447021483,825.1308503723145,3650,G006783E45817N,de Covagnet,45.817,6.783,-0.1839285
2002,429,1.6540907681045502,-4.197007959259036,7.5051893551025355,1425.5336873779288,624.9209194335934,800.6127679443351,3651,G006784E45784N,de Tre la Tete 1,45.784,6.784,-0.1864304
2002,431,1.7828358156871886,-4.08665560813903,7.652327154846201,1463.9255694580106,635.7479312133796,828.1776382446309,3276,G006785E45822N,du Miage 1,45.822,6.785,-1.4507828
2002,437,1.7387579538478866,-4.121795370742797,7.5993111903228785,1453.6832745971683,631.3390006103517,822.3442739868166,3388,G006792E45817N,du Miage 2,45.817,6.792,-0.1661129
2002,447,1.719011015635498,-4.136191394031518,7.574213343444833,1450.635743499758,629.0031582031256,821.6325852966327,3579,G006799E45819N,du Miage 3,45.819,6.799,-0.4398048
2002,448,1.7466146605710908,-4.112759680561072,7.605988929870597,1458.8312383728007,631.3760590820306,827.45517929077,3649,G006799E45827N,du Miage 4,45.827,6.799,-0.4156479
2002,449,1.7811192167406182,-4.083470038722984,7.645708412902844,1469.0756069641145,634.3421851806648,834.7334217834496,3296,G006799E45837N,du Tricot,45.837,6.799,-0.4005593
2002,459,1.775867656887997,-4.084365530941019,7.6361008017578,1472.5021123352017,632.89783239746,839.6042799377417,3648,G006811E45849N,de Bionnassay,45.849,6.811,-0.672734
2002,460,1.7685606927528439,-4.088373469993586,7.6254948203125075,1473.714600891115,631.6447180786138,842.0698828125011,3438,G006819E45856N,de Tete Rousse,45.856,6.819,-0.6394109
2002,462,1.7631058110303925,-4.091945203052517,7.618156792785649,1473.79846713257,630.8712260742192,842.9272410583508,3280,G006823E45859N,de la Griaz,45.859,6.823,-0.1096888
2002,464,1.7452748238592117,-4.104974139255527,7.595523757751461,1471.9146166687003,628.7313825683591,843.1832341003413,3290,G006831E45863N,du Bourgeat,45.863,6.831,-0.1355485
2002,468,1.6942676017971012,-4.144647364288333,7.5331825376434285,1462.2473500366204,623.3190233154294,838.928326721191,3647,G006844E45863N,Taconnaz,45.863,6.844,-0.6366355
2002,484,1.9954681229705775,-3.893115255142215,7.884051515991207,1562.2123942871085,649.6676597900388,912.5447344970696,3449,G006862E45976N,de la Floria,45.976,6.862,-1.4325505
2002,488,1.6282857077789368,-4.195226156578059,7.451797542114265,1451.6414248657247,616.0741305541998,835.5672943115248,3646,G006865E45868N,Bossons,45.868,6.865,-0.8646057
2002,489,2.028796769475943,-3.8656132648467976,7.923206819152838,1573.895883178713,652.6289688110357,921.2669143676771,3709,G006865E45990N,du Mort 2,45.99,6.865,-1.8274808
2002,490,2.028796769475943,-3.8656132648467976,7.923206819152838,1573.895883178713,652.6289688110357,921.2669143676771,3710,G006865E45990N,du Mort 1,45.99,6.865,-2.2609134
2002,491,2.028796769475943,-3.8656132648467976,7.923206819152838,1573.895883178713,652.6289688110357,921.2669143676771,3711,G006865E45990N,du Mort 3,45.99,6.865,-1.3390919
2002,497,1.98371435066605,-3.902633865043637,7.870062569335942,1563.1756909790051,648.3663672485354,914.8093237304698,0,G006871E45984N,des Dards 1,45.984,6.871,-1.8370585
2002,498,1.98371435066605,-3.902633865043637,7.870062569335942,1563.1756909790051,648.3663672485354,914.8093237304698,0,G006871E45984N,des Dards 1,45.984,6.871,-1.8937911
2002,499,1.98371435066605,-3.902633865043637,7.870062569335942,1563.1756909790051,648.3663672485354,914.8093237304698,3812,G006871E45984N,des Dards 2,45.984,6.871,-1.8436877
2002,500,2.00985549615096,-3.881185155235299,7.9008961528320185,1571.176121398923,650.7656001586904,920.4105212402324,3573,G006871E45992N,de Berard,45.992,6.871,-1.3770527
2002,503,1.6280122733116231,-4.193908343315118,7.449932861328135,1456.1725234985377,615.5141067504891,840.6584167480487,3483,G006875E45880N,Rond,45.88,6.875,-1.5122712
2002,504,1.9615816060018532,-3.9207835627174386,7.843946767730712,1559.4660350036618,646.2017230224609,913.264311981201,3450,G006877E45985N,du Belvedere,45.985,6.877,-1.5804762
2002,506,1.6276470405387975,-4.193559281005852,7.448853332977306,1458.4075939941436,615.2382092285166,843.1693847656269,3265,G006880E45886N,du Telepherique,45.886,6.88,-1.5371702
2002,509,1.59052555719758,-4.223610188743583,7.4046612719574085,1447.9377866210966,611.7039786376962,836.2338079834003,3391,G006882E45877N,Ouest de l'Aiguille du Midi,45.877,6.882,-0.5377272
2002,517,1.5828928769264157,-4.229097283142095,7.394883004547111,1448.419007812498,610.713213134765,837.705794677733,3644,G006888E45882N,Arete Midi Plan,45.882,6.888,-0.4766739
2002,518,1.6111404030685512,-4.206023282646171,7.428304056518565,1457.6085178833036,613.3050162963875,844.3035015869161,3389,G006889E45892N,des Pelerins,45.892,6.889,-1.4216759
2002,524,1.5918964621076699,-4.220642520282736,7.4044354056701795,1457.4760834655797,611.0363814697276,846.4397019958519,3518,G006901E45901N,de Blaitiere,45.901,6.901,-1.3974568
2002,526,1.5527232218933218,-4.2519191310501006,7.357365534133924,1447.76435424805,607.1543658447276,840.6099884033226,3381,G006906E45895N,du Plan,45.895,6.906,-0.8768931
2002,527,1.547050892279621,-4.256304460147861,7.350406202056879,1447.475305755614,606.5130311279293,840.9622746276846,3317,G006909E45897N,du Fou,45.897,6.909,-0.4301612
2002,530,1.566656427225102,-4.24041160243226,7.373724410079943,1455.071545471188,608.2864725341786,846.7850729370093,3645,G006912E45907N,des Nantillons,45.907,6.912,-0.7047589
2002,531,1.535263200773237,-4.265350302764895,7.335876653198239,1448.7779904785148,605.084107116699,843.6938833618158,3418,G006919E45906N,de la Republique,45.906,6.919,-0.5687248
2002,534,1.530764504827502,-4.268856294891355,7.330385248092655,1449.8975263061534,604.52389440918,845.3736318969734,3582,G006924E45911N,de la Thendia,45.911,6.924,-1.805572
2002,535,1.4958449750804939,-4.296633566207882,7.28832345985413,1440.9734579467786,601.0522711181644,839.921186828614,3313,G006928E45905N,de Trelaporte,45.905,6.928,-1.7370186
2002,537,1.4032943259925919,-4.3700241989669735,7.176612802688608,1414.8944920654321,591.904527465821,822.9899645996111,3643,G006934E45883N,Mer de Glace ,45.883,6.934,-1.8077382
2002,539,1.505360673333167,-4.28962040934372,7.300341667114257,1453.8549820861813,601.672978149414,852.1820039367674,3519,G006947E45933N,des Drus,45.933,6.947,-1.516117
2002,541,1.5073423158063906,-4.288357486316679,7.303042020324709,1456.6233846130376,601.8418051757815,854.781579437256,3263,G006951E45939N,du Nant Blanc,45.939,6.951,-1.0728713
2002,542,1.5399694650669113,-4.262844173141478,7.342782995101931,1467.5254854125983,605.072228881836,862.4532565307621,3639,G006952E45951N,de la Pendant,45.951,6.952,-0.6699189
2002,543,1.4542235670423493,-4.330314026050569,7.238761068115233,1441.8866075134274,596.545430908203,845.3411766052243,3284,G006955E45927N,de la Charpoua,45.927,6.955,-0.5157955
2002,544,1.5122564453411036,-4.284867912902837,7.3093806958007725,1460.347138671873,602.3165707397454,858.0305679321274,3475,G006955E45946N,des Grands Montets,45.946,6.955,-0.4683565
2002,547,1.5314312512254669,-4.2700778392601055,7.33294022384643,1467.5420167541488,604.2260095214839,863.316007232665,3585,G006957E45955N,de Lognan,45.955,6.957,-1.0754954
2002,548,1.3121262366962447,-4.441662112197875,7.065914524765017,1399.26351348877,582.3194720458986,816.9440414428714,3534,G006960E45887N,de l'Aiguille du Tacul,45.887,6.96,-0.2938138
2002,549,1.3841198579139666,-4.385515413795474,7.153755045654291,1422.7511244506825,589.5046962280269,833.2464282226555,3631,G006961E45912N,du Moine,45.912,6.961,-0.9603902
2002,553,1.2792839223594599,-4.467528114753728,7.02609589404296,1393.4645070190409,578.8867128295892,814.5777941894519,3641,G006969E45888N,du Capucin,45.888,6.969,-0.4417666
2002,557,1.2653780662898955,-4.4787339842071585,7.0094900413207935,1393.2326282958966,577.3936729125969,815.8389553832995,0,G006977E45894N,des Dards 1,45.894,6.977,-0.7159779
2002,564,1.4031161589479448,-4.373550772457122,7.179782940826416,1442.002050933838,591.4659204101563,850.5361305236819,3638,G006985E45951N,d'Argentiere,45.951,6.985,-0.6439541
2002,566,1.4644334134368875,-4.326631634086611,7.255498282821652,1462.3730036621084,597.767158325195,864.6058453369134,0,G006986E45973N,des Dards 1,45.973,6.986,-1.7267395
2002,567,1.4644334134368875,-4.326631634086611,7.255498282821652,1462.3730036621084,597.767158325195,864.6058453369134,3712,G006986E45973N,du Passon 1,45.973,6.986,-0.8049021
2002,569,1.4976155767498054,-4.301596528900143,7.296827483383183,1474.2572667846694,601.2180843505863,873.039182434083,3698,G006988E45987N,du Tour,45.987,6.988,-0.1654086
2002,571,1.435759717044833,-4.34943919742584,7.220958452377323,1455.410436401368,594.9005548095706,860.5098815917976,3511,G006990E45969N,Adams Reilly,45.969,6.99,-0.092894
2002,572,1.2615908337077997,-4.48308575993348,7.006267319351185,1400.1430736694306,576.9731783447256,823.1698953247048,3466,G006992E45913N,de Talefre,45.913,6.992,-0.3384561
2002,574,1.2032489061584506,-4.527913396408079,6.934411122192387,1382.329146484376,570.9511185302738,811.3780279541022,3258,G006994E45896N,de Pierre Joseph,45.896,6.994,0.0524053
2002,575,1.4071672706222644,-4.37213659389495,7.18647095542909,1448.458706054691,592.0324884033215,856.4262176513695,3619,G006994E45965N,du Trident,45.965,6.994,-0.2137825
2002,577,1.176264272928247,-4.549142751693719,6.901671209335339,1376.843910217288,568.1563568115243,808.6875534057638,3301,G007000E45895N,de l'Aiguille de l'Eboulement,45.895,7.0,-0.5671793
2002,579,1.3535833922636527,-4.417999613037108,7.125166221694949,1437.8020477294929,587.4130383300784,850.3890093994145,3640,G007003E45960N,du Chardonnet,45.96,7.003,-0.41867
2002,582,1.3140248390274065,-4.454075927673339,7.082125446807864,1430.1214965820316,584.5374943847659,845.584002197266,3356,G007008E45954N,du Milieu,45.954,7.008,-0.8656572
2003,423,2.5785419039382926,-4.432164586303712,9.589248445770261,1470.4495477905268,870.1832794189451,600.2662683715816,3344,G006776E45799N,de la Berangere,45.799,6.776,-2.1515007
2003,424,2.6044198219985892,-4.406145356086737,9.61498506265258,1482.482010986325,873.9050476074208,608.5769633789042,3601,G006778E45809N,d'Armancette,45.809,6.778,-2.0967262
2003,427,2.61069375276184,-4.398775015804292,9.620162593658447,1488.202020965576,874.5704818725586,613.6315390930175,3650,G006783E45817N,de Covagnet,45.817,6.783,-2.1156065
2003,429,2.493542213455197,-4.513745119201663,9.500829582946775,1440.2519899902331,857.2393432617183,583.0126467285147,3651,G006784E45784N,de Tre la Tete 1,45.784,6.784,-1.2917781
2003,431,2.619330966682443,-4.3898304529571455,9.628492464599619,1493.0124240112343,875.7375106811536,617.2749133300806,3276,G006785E45822N,du Miage 1,45.822,6.785,-3.182025
2003,437,2.5726003827133193,-4.434175441101073,9.579376281158448,1477.960327209473,868.4742645263674,609.4860626831057,3388,G006792E45817N,du Miage 2,45.817,6.792,-2.0584168
2003,447,2.5497766376648023,-4.4550541380042965,9.554607492034918,1472.7932474670442,864.7327438354503,608.060503631594,3579,G006799E45819N,du Miage 3,45.819,6.799,-1.9780662
2003,448,2.576994364288322,-4.428434269138345,9.582423085540764,1483.9879757385224,868.7326705932607,615.255305145262,3649,G006799E45827N,du Miage 4,45.827,6.799,-2.1302085
2003,449,2.6110165225677586,-4.395159433055869,9.617192577423108,1497.981386077885,873.7325790405288,624.2488070373563,3296,G006799E45837N,du Tricot,45.837,6.799,-2.1932905
2003,459,2.6005509524383434,-4.403384195354472,9.604486217681872,1500.6262032165482,871.4846481323226,629.1415550842256,3648,G006811E45849N,de Bionnassay,45.849,6.811,-1.6806923
2003,460,2.5899890336074884,-4.412542665794367,9.592520861999517,1500.8108139648461,869.4424575805672,631.3683563842789,3438,G006819E45856N,de Tete Rousse,45.856,6.819,-2.1387062
2003,462,2.58296782565308,-4.418860173954005,9.584795959564213,1500.1650360412616,868.1620285034186,632.0030075378431,3280,G006823E45859N,de la Griaz,45.859,6.823,-1.9475822
2003,464,2.5621105405883755,-4.438170032459262,9.562391256317136,1496.0645547180166,864.5986984252926,631.4658562927241,3290,G006831E45863N,du Bourgeat,45.863,6.831,-2.0833442
2003,468,2.5063065807266205,-4.490789634078982,9.503402943817136,1480.505302307128,855.6069061279293,624.8983961791987,3647,G006844E45863N,Taconnaz,45.863,6.844,-1.62135
2003,484,2.804201877624508,-4.20532813475037,9.8137322020874,1607.971906005858,897.4397003173822,710.5322056884756,3449,G006862E45976N,de la Floria,45.976,6.862,-3.1210482
2003,488,2.4327422547531192,-4.559972953453058,9.425457627258307,1461.9452899169946,843.4789352417001,618.4663546752946,3646,G006865E45868N,Bossons,45.868,6.865,-1.3883708
2003,489,2.83730724201203,-4.174024110031123,9.848638928222663,1622.354905700686,901.9713973999031,720.3835083007829,3709,G006865E45990N,du Mort 2,45.99,6.865,-3.043335
2003,490,2.83730724201203,-4.174024110031123,9.848638928222663,1622.354905700686,901.9713973999031,720.3835083007829,3710,G006865E45990N,du Mort 1,45.99,6.865,-3.6399684
2003,491,2.83730724201203,-4.174024110031123,9.848638928222663,1622.354905700686,901.9713973999031,720.3835083007829,3711,G006865E45990N,du Mort 3,45.99,6.865,-2.72773
2003,497,2.7907077263870277,-4.219094824150082,9.800510608093266,1606.355125488283,894.7186721801763,711.6364533081066,0,G006871E45984N,des Dards 1,45.984,6.871,-2.9828081
2003,498,2.7907077263870277,-4.219094824150082,9.800510608093266,1606.355125488283,894.7186721801763,711.6364533081066,0,G006871E45984N,des Dards 1,45.984,6.871,-2.9827421
2003,499,2.7907077263870277,-4.219094824150082,9.800510608093266,1606.355125488283,894.7186721801763,711.6364533081066,3812,G006871E45984N,des Dards 2,45.984,6.871,-2.994895
2003,500,2.817173953010548,-4.193905953086864,9.82825420159911,1616.8123283691366,898.5393020629866,718.2730263061499,3573,G006871E45992N,de Berard,45.992,6.871,-3.1277328
2003,503,2.429387612342843,-4.562909731864921,9.421685142517099,1465.5369567871128,842.2626113891613,623.2743453979513,3483,G006875E45880N,Rond,45.88,6.875,-2.811377
2003,504,2.767305299682616,-4.242050744953157,9.776661682281492,1599.543810577392,890.8183364868163,708.7254740905757,3450,G006877E45985N,du Belvedere,45.985,6.877,-2.6177971
2003,506,2.427592869262705,-4.564601714477529,9.419787650146496,1467.2175518798867,841.6264343261732,625.5911175537133,3265,G006880E45886N,du Telepherique,45.886,6.88,-2.7090819
2003,509,2.3893022881546115,-4.6009028460769565,9.379507607452402,1453.1273300781286,835.9613708496108,617.1659592285177,3391,G006882E45877N,Ouest de l'Aiguille du Midi,45.877,6.882,-2.1053362
2003,517,2.3798675138244567,-4.609865630371099,9.369600853393548,1452.2654964599585,834.146600341796,618.1188961181624,3644,G006888E45882N,Arete Midi Plan,45.882,6.888,-2.0269589
2003,518,2.4083980519943324,-4.582921593070975,9.399717907775889,1463.8853297119176,838.1687667846693,625.7165629272483,3389,G006889E45892N,des Pelerins,45.892,6.889,-2.8119512
2003,524,2.3858549125061153,-4.604691394474019,9.376401450469983,1460.4959928283736,833.9744888305681,626.5215039978056,3518,G006901E45901N,de Blaitiere,45.901,6.901,-2.7095256
2003,526,2.3445682748031733,-4.643771668663014,9.332908442840589,1446.694371337895,827.6568603515641,619.0375109863307,3381,G006906E45895N,du Plan,45.895,6.906,-1.9710711
2003,527,2.338082588317867,-4.650044747730259,9.326210153717035,1445.4978420715315,826.4834487915033,619.0143932800282,3317,G006909E45897N,du Fou,45.897,6.909,-2.2208419
2003,530,2.3576195347061044,-4.631973641937266,9.347212958099353,1454.3231708373978,829.0248321533187,625.2983386840792,3645,G006912E45907N,des Nantillons,45.907,6.912,-2.4893882
2003,531,2.323923751548765,-4.664101818969728,9.31194957141113,1444.3050507202138,823.6245864868162,620.6804642333977,3418,G006919E45906N,de la Republique,45.906,6.919,-2.4940493
2003,534,2.3183758317031886,-4.669789581039426,9.306541504852298,1444.241870178224,822.4046844482426,621.8371857299813,3582,G006924E45911N,de la Thendia,45.911,6.924,-3.2746596
2003,535,2.2815514156723062,-4.704499225311276,9.267602309722905,1431.8035696411148,816.819198608399,614.9843710327158,3313,G006928E45905N,de Trelaporte,45.905,6.928,-2.8755503
2003,537,2.18449313430024,-4.795237313789361,9.164223802581795,1397.3170714111357,802.515399169923,594.8016722412128,3643,G006934E45883N,Mer de Glace ,45.883,6.934,-2.6182768
2003,539,2.2888060595855704,-4.700513018276215,9.278125449493407,1441.916807342529,816.1387496948241,625.7780576477048,3519,G006947E45933N,des Drus,45.933,6.947,-2.999398
2003,541,2.290493717864992,-4.69970013373184,9.280687894622805,1443.999123443604,816.0009445190433,627.9981789245608,3263,G006951E45939N,du Nant Blanc,45.939,6.951,-2.6494451
2003,542,2.3245331330032366,-4.668568109802244,9.317634722381595,1457.1461757202155,820.7139923095706,636.4321834106449,3639,G006952E45951N,de la Pendant,45.951,6.952,-2.3475015
2003,543,2.2345424287414533,-4.751925089664461,9.221010254364012,1424.4272767639154,807.7224349975584,616.704841766357,3284,G006955E45927N,de la Charpoua,45.927,6.955,-2.3850508
2003,544,2.2953174357223443,-4.696066577301032,9.286701788940421,1447.219573669431,816.2996292114248,630.9199444580062,3475,G006955E45946N,des Grands Montets,45.946,6.955,-2.2638834
2003,547,2.3152803098297072,-4.678159729595189,9.308720706634517,1455.3865953063946,818.9218826293938,636.4647126770008,3585,G006957E45955N,de Lognan,45.955,6.957,-2.6083238
2003,548,2.0849754216384904,-4.890058390655516,9.06000947433472,1370.3055148315434,786.1694488525393,584.1360659790043,3534,G006960E45887N,de l'Aiguille du Tacul,45.887,6.96,-2.099174
2003,549,2.160422908164974,-4.8210402903213545,9.141886391540524,1398.8757194824202,796.7093917846673,602.166327697753,3631,G006961E45912N,du Moine,45.912,6.961,-2.4598603
2003,553,2.0492405174179007,-4.924118829292304,9.022600111022943,1360.43882128906,780.3241989135731,580.1146223754868,3641,G006969E45888N,du Capucin,45.888,6.969,-2.3920324
2003,557,2.033658570259088,-4.939685403610236,9.007002806152336,1357.636362731931,777.3960311889639,580.2403315429674,0,G006977E45894N,des Dards 1,45.894,6.977,-1.8713568
2003,564,2.1790881147003174,-4.809355558605194,9.167532159881592,1413.931254730225,796.9847183227539,616.9465364074708,3638,G006985E45951N,d'Argentiere,45.951,6.985,-2.4265063
2003,566,2.244161953742979,-4.750637908607485,9.238962229522702,1438.1395417480458,805.9848449707027,632.154696777343,0,G006986E45973N,des Dards 1,45.973,6.986,-2.778543
2003,567,2.244161953742979,-4.750637908607485,9.238962229522702,1438.1395417480458,805.9848449707027,632.154696777343,3712,G006986E45973N,du Passon 1,45.973,6.986,-2.4489281
2003,569,2.279468516365055,-4.719268669235226,9.278206143157963,1451.6668840942398,810.7092376708989,640.957646423341,3698,G006988E45987N,du Tour,45.987,6.988,-2.7038565
2003,571,2.2138053599929837,-4.779333553428647,9.206944682769779,1428.1695733642591,801.3190307617192,626.8505426025398,3511,G006990E45969N,Adams Reilly,45.969,6.99,-2.200618
2003,572,2.0285205177841084,-4.947443561737071,9.004484903228748,1360.9801384887658,775.2345062255845,585.7456322631813,3466,G006992E45913N,de Talefre,45.913,6.992,-2.1064529
2003,574,1.9662921944274938,-5.004118853042599,8.936703517028812,1338.9141794433606,766.3520721435552,572.5621072998053,3258,G006994E45896N,de Pierre Joseph,45.896,6.994,-2.167521
2003,575,2.1834905162429927,-4.807949698371877,9.174931136016859,1418.2405786132854,796.663177490236,621.5774011230495,3619,G006994E45965N,du Trident,45.965,6.994,-2.3362122
2003,577,1.9371382188797095,-5.031724853515616,8.906001567840587,1330.3374862670935,761.7029571533217,568.6345291137717,3301,G007000E45895N,de l'Aiguille de l'Eboulement,45.895,7.0,-2.0711734
2003,579,2.1277447874832176,-4.862779073867795,9.118269039306645,1402.180048828126,789.1163714599612,613.0636773681646,3640,G007003E45960N,du Chardonnet,45.96,7.003,-1.8096635
2003,582,2.0873704988403334,-4.903462482666014,9.07820384313965,1391.4335838623053,784.7973103027347,606.6362735595707,3356,G007008E45954N,du Milieu,45.954,7.008,-1.9473025
2004,423,1.2878127246685018,-5.007913557724001,7.5835391812438955,1571.1278397521967,887.340535369873,683.7873043823239,3344,G006776E45799N,de la Berangere,45.799,6.776,-1.8694721
2004,424,1.3120852708206112,-4.985346017639166,7.6095167241821215,1579.0498251037577,888.4738677673337,690.575957336424,3601,G006778E45809N,d'Armancette,45.809,6.778,-1.5361762
2004,427,1.3182846703748696,-4.979501210075378,7.616070706527708,1581.7615811767575,887.558358215332,694.2032229614257,3650,G006783E45817N,de Covagnet,45.817,6.783,-1.6207049
2004,429,1.2093305939750645,-5.080582359863285,7.499243727996824,1547.8050775756826,879.8629035034179,667.9421740722648,3651,G006784E45784N,de Tre la Tete 1,45.784,6.784,-1.5402824
2004,431,1.32645216737748,-4.971888170166008,7.624792655715952,1584.6221752929714,887.5753475952154,697.046827697756,3276,G006785E45822N,du Miage 1,45.822,6.785,-1.087595
2004,437,1.2834327333469404,-5.011683157485961,7.578548774749756,1572.2219599304206,882.758480621338,689.4634793090822,3388,G006792E45817N,du Miage 2,45.817,6.792,-1.6481172
2004,447,1.2626397240953515,-5.030857894111627,7.556137487533576,1566.773093627932,879.4500525512699,687.3230410766619,3579,G006799E45819N,du Miage 3,45.819,6.799,-1.8563324
2004,449,1.3194662000265212,-4.978156891868584,7.61708942503358,1584.5106456298856,883.2733430786138,701.2373025512719,3296,G006799E45837N,du Tricot,45.837,6.799,-1.6296271
2004,459,1.3101832673330205,-4.986620152610788,7.6069868076629525,1583.323181396481,879.303854919433,704.0193264770483,3648,G006811E45849N,de Bionnassay,45.849,6.811,-1.132655
2004,460,1.3005831397075707,-4.99544099287414,7.5966073856659,1581.4392946777361,876.4019170532231,705.037377624513,3438,G006819E45856N,de Tete Rousse,45.856,6.819,-1.8490586
2004,462,1.2941500313768426,-5.001369079658505,7.589669252792362,1579.981750610353,874.8354868774416,705.1462637329114,3280,G006823E45859N,de la Griaz,45.859,6.823,-1.5097344
2004,464,1.2749552201547592,-5.019095253456118,7.569005799545285,1575.08971911621,871.2753474731442,703.8143716430658,3290,G006831E45863N,du Bourgeat,45.863,6.831,-1.5143416
2004,468,1.2235265428028081,-5.066651703750614,7.513704891143796,1560.8539736633295,864.1576336364743,696.6963400268551,3647,G006844E45863N,Taconnaz,45.863,6.844,-1.1772327
2004,484,1.4961213157806366,-4.814408772613529,7.806651465087887,1647.0633335571279,876.1070097045896,770.9563238525384,3449,G006862E45976N,de la Floria,45.976,6.862,-1.1878221
2004,488,1.1556347365474755,-5.1294257437896675,7.4406953107452445,1542.5330670166031,853.6199673461916,688.9130996704116,3646,G006865E45868N,Bossons,45.868,6.865,-1.1507983
2004,489,1.5261557620048574,-4.786656541442866,7.8389681232452455,1656.6103271484392,877.0483383178714,779.5619888305678,3709,G006865E45990N,du Mort 2,45.99,6.865,-1.8119162
2004,490,1.5261557620048574,-4.786656541442866,7.8389681232452455,1656.6103271484392,877.0483383178714,779.5619888305678,3710,G006865E45990N,du Mort 1,45.99,6.865,-2.0451503
2004,491,1.5261557620048574,-4.786656541442866,7.8389681232452455,1656.6103271484392,877.0483383178714,779.5619888305678,3711,G006865E45990N,du Mort 3,45.99,6.865,-1.5878793
2004,503,1.1522098958492357,-5.132597208023064,7.43701708793641,1542.673492431643,850.3967666625981,692.2767257690449,3483,G006875E45880N,Rond,45.88,6.875,-1.7767142
2004,504,1.4608367215013496,-4.847225717658997,7.768899224624633,1637.6772640991207,869.0661358642578,768.611128234863,3450,G006877E45985N,du Belvedere,45.985,6.877,-1.5170985
2004,506,1.1503338816070645,-5.13434418991088,7.435012039031991,1542.6750323486356,848.7573901367193,693.9176422119162,3265,G006880E45886N,du Telepherique,45.886,6.88,-1.6171225
2004,509,1.1152827540893642,-5.166755111450187,7.397320706970223,1532.1510263977077,845.9670575866705,686.1839688110372,3391,G006882E45877N,Ouest de l'Aiguille du Midi,45.877,6.882,-1.7377385
2004,517,1.106370005119318,-5.175012865386968,7.387752960784906,1530.1041367187481,843.5807218017574,686.5234149169906,3644,G006888E45882N,Arete Midi Plan,45.882,6.888,-1.956009
2004,518,1.1323137420024951,-5.151039258621208,7.415666826004037,1538.162049438479,844.8736299438481,693.288419494631,3389,G006889E45892N,des Pelerins,45.892,6.889,-0.9907489
2004,524,1.1109531339578735,-5.170855266090383,7.392761614883433,1532.9241400756869,839.8243594970711,693.0997805786158,3518,G006901E45901N,de Blaitiere,45.901,6.901,-1.1031667
2004,526,1.0730523196792707,-5.2059033770751855,7.352008097229016,1521.8812260437044,835.9518452453619,685.9293807983423,3381,G006906E45895N,du Plan,45.895,6.906,-1.7979676
2004,527,1.0669238199129067,-5.211588441474918,7.345436161636348,1520.3257753295889,834.6365806884764,685.6891946411123,3317,G006909E45897N,du Fou,45.897,6.909,-1.8910419
2004,530,1.0843865093822378,-5.195492002548227,7.36426510104369,1525.9547446594206,834.7378565368647,691.2168881225562,3645,G006912E45907N,des Nantillons,45.907,6.912,-1.6279323
2004,531,1.053195388748167,-5.224363988250735,7.330754845077513,1517.1604738769524,830.6348150024414,686.525658874511,3418,G006919E45906N,de la Republique,45.906,6.919,-1.6740911
2004,534,1.047673384096148,-5.229520761245725,7.324867608673099,1515.971338897706,828.7000135192872,687.2713253784189,3582,G006924E45911N,de la Thendia,45.911,6.924,-1.316183
2004,535,1.0139649242115056,-5.260677767410275,7.288607694549564,1506.1226762390147,825.4151368713381,680.7075393676766,3313,G006928E45905N,de Trelaporte,45.905,6.928,-1.3144531
2004,537,0.925714565464027,-5.342169491302483,7.193598698364266,1479.9470202331563,818.2959682922367,661.6510519409198,3643,G006934E45883N,Mer de Glace ,45.883,6.934,-0.9169491
2004,539,1.018213552134513,-5.2570584158859255,7.293485602462767,1509.1374350585934,819.4344440307616,689.7029910278318,3519,G006947E45933N,des Drus,45.933,6.947,-1.3139164
2004,541,1.0191647921342866,-5.256259832710264,7.294589500839235,1509.7601900634772,818.1509282836917,691.6092617797855,3263,G006951E45939N,du Nant Blanc,45.939,6.951,-1.5138615
2004,542,1.04961759594536,-5.228209681503294,7.327444959808352,1519.0312521057135,819.5621825866701,699.4690695190434,3639,G006952E45951N,de la Pendant,45.951,6.952,-1.7046398
2004,543,0.9683064355897889,-5.303217258796693,7.239830211715696,1494.7513586425775,813.8959249877928,680.8554336547849,3284,G006955E45927N,de la Charpoua,45.927,6.955,-1.5729787
2004,544,1.022902245750421,-5.252898915557867,7.298703492965691,1511.212706298826,817.0168582153317,694.1958480834946,3475,G006955E45946N,des Grands Montets,45.946,6.955,-1.7657846
2004,547,1.0405168561506228,-5.236709954032902,7.317743754653926,1516.67967437744,817.3433752441404,699.3362991332997,3585,G006957E45955N,de Lognan,45.955,6.957,-1.7777005
2004,548,0.8333695021724716,-5.427656555099485,7.094395631561282,1454.529039459229,804.5509220886231,649.9781173706058,3534,G006960E45887N,de l'Aiguille du Tacul,45.887,6.96,-1.8949445
2004,549,0.9009337608585318,-5.365418146774296,7.167285746780391,1474.9608826904287,808.0561961059567,666.9046865844718,3631,G006961E45912N,du Moine,45.912,6.961,-1.7953295
2004,553,0.8002204236469204,-5.458344000350959,7.058784918533318,1445.364412963865,799.7165501098629,645.6478628540024,3641,G006969E45888N,du Capucin,45.888,6.969,-1.4774234
2004,557,0.7852093092765748,-5.472314337585455,7.042733027786248,1441.5489482421858,796.2195131225582,645.3294351196275,0,G006977E45894N,des Dards 1,45.894,6.977,-1.3396374
2004,564,0.9137892468976976,-5.354132894096375,7.181711480789185,1480.6785177612305,800.5978948974608,680.0806228637698,3638,G006985E45951N,d'Argentiere,45.951,6.985,-1.4818881
2004,566,0.9716497593917828,-5.3009073191528335,7.244206939758298,1498.056434356689,803.4264499206542,694.6299844360345,0,G006986E45973N,des Dards 1,45.973,6.986,-1.951624
2004,567,0.9716497593917828,-5.3009073191528335,7.244206939758298,1498.056434356689,803.4264499206542,694.6299844360345,3712,G006986E45973N,du Passon 1,45.973,6.986,-1.8331648
2004,569,1.0027264687137638,-5.272368937088009,7.277821982696537,1507.4753465881358,804.4205702819825,703.0547763061533,3698,G006988E45987N,du Tour,45.987,6.988,-1.9939207
2004,571,0.9437863832283045,-5.326670907745359,7.214243775634769,1489.9817488098154,800.4867582702639,689.4949905395515,3511,G006990E45969N,Adams Reilly,45.969,6.99,-1.6499138
2004,572,0.778341252687445,-5.4789614853057955,7.035644068572989,1440.6932155456516,790.7672264709468,649.9259890747048,3466,G006992E45913N,de Talefre,45.913,6.992,-2.1191638
2004,574,0.7226036363906891,-5.530290830902096,6.975498174011234,1424.2041130981456,787.0535350952151,637.1505780029304,3258,G006994E45896N,de Pierre Joseph,45.896,6.994,-1.6241826
2004,575,0.9159811737823591,-5.352377163085928,7.184339611511241,1481.93148025513,797.5569425964362,684.374537658694,3619,G006994E45965N,du Trident,45.965,6.994,-1.8168429
2004,577,0.6957157504558651,-5.5551624202728185,6.946593990325937,1416.6506385803248,783.5569572448735,633.0936813354514,3301,G007000E45895N,de l'Aiguille de l'Eboulement,45.895,7.0,-2.0911367
2004,579,0.8639936981201191,-5.402803525772093,7.130791021575929,1468.7956297302253,792.4780430603029,676.3175866699224,3640,G007003E45960N,du Chardonnet,45.96,7.003,-1.4330995
2004,582,0.8262393795967118,-5.441441760040281,7.0939206153259295,1460.6422377929691,790.1661925048829,670.4760452880863,3356,G007008E45954N,du Milieu,45.954,7.008,-1.8692381
2005,423,1.355453517578124,-5.418019510162353,8.128926545318603,1300.5869708557125,603.0785185241698,697.5084523315426,3344,G006776E45799N,de la Berangere,45.799,6.776,-1.9994472
2005,424,1.382539595703118,-5.393037279724127,8.158116471130363,1311.3064293823215,605.2211062622065,706.0853231201149,3601,G006778E45809N,d'Armancette,45.809,6.778,-1.6779327
2005,427,1.3899085722656241,-5.386738766128541,8.16655591065979,1317.6300198822023,605.8788404083251,711.7511794738771,3650,G006783E45817N,de Covagnet,45.817,6.783,-1.8208258
2005,429,1.269658923828122,-5.498179025909426,8.03749687356567,1277.5121928100573,596.4756661987302,681.0365266113272,3651,G006784E45784N,de Tre la Tete 1,45.784,6.784,-1.2159897
2005,431,1.3991173925781342,-5.378459785690299,8.176694570846568,1322.2934999084505,606.6361076354988,715.6573922729517,3276,G006785E45822N,du Miage 1,45.822,6.785,-2.1800756
2005,437,1.3522757050781262,-5.422650541656493,8.127201951812745,1311.7269491882328,603.0883741760256,708.6385750122072,3388,G006792E45817N,du Miage 2,45.817,6.792,-1.8902119
2005,447,1.3299536503906324,-5.444195422622674,8.104102723403939,1309.5044630889922,601.4668599700934,708.0376031188988,3579,G006799E45819N,du Miage 3,45.819,6.799,-1.7828567
2005,449,1.3924852285156348,-5.386716922622672,8.171687379653942,1330.8235830535925,606.4064957427987,724.4170873107939,3296,G006799E45837N,du Tricot,45.837,6.799,-1.7658185
2005,459,1.3828887910156136,-5.397888289993297,8.163665872024524,1336.8732035369835,605.9501657867422,730.9230377502413,3648,G006811E45849N,de Bionnassay,45.849,6.811,-1.3752139
2005,460,1.372613595703131,-5.409115368240351,8.154342559646613,1339.6152968139668,605.3610220336919,734.254274780275,3438,G006819E45856N,de Tete Rousse,45.856,6.819,-1.9397432
2005,462,1.365652525390629,-5.416451157363887,8.147756208145147,1340.3713046417254,604.9269881439212,735.4443164978043,3280,G006823E45859N,de la Griaz,45.859,6.823,-1.7338375
2005,464,1.3447593691406219,-5.437542735610965,8.127061473892208,1339.5084382476798,603.5094719696043,735.9989662780756,3290,G006831E45863N,du Bourgeat,45.863,6.831,-1.7398021
2005,468,1.2886768613281223,-5.491919425262454,8.069273147918699,1330.5264826354974,599.4339503479001,731.0925322875971,3647,G006844E45863N,Taconnaz,45.863,6.844,-1.4330701
2005,484,1.5830607675781216,-5.236183788818362,8.402305323974605,1446.5064489135732,624.2669528198239,822.2394960937493,3449,G006862E45976N,de la Floria,45.976,6.862,-2.0043314
2005,488,1.2145005957031312,-5.565174318161006,7.994175509567268,1321.6878961181662,594.1977874755864,727.4901086425798,3646,G006865E45868N,Bossons,45.868,6.865,-1.2498238
2005,489,1.6151133300781308,-5.209315568161006,8.439542228317267,1460.053620147707,627.0736656188969,832.9799545288104,3709,G006865E45990N,du Mort 2,45.99,6.865,-2.2157729
2005,490,1.6151133300781308,-5.209315568161006,8.439542228317267,1460.053620147707,627.0736656188969,832.9799545288104,3710,G006865E45990N,du Mort 1,45.99,6.865,-2.4647632
2005,491,1.6151133300781308,-5.209315568161006,8.439542228317267,1460.053620147707,627.0736656188969,832.9799545288104,3711,G006865E45990N,du Mort 3,45.99,6.865,-2.0622513
2005,503,1.2102746582031334,-5.57271191596984,7.993261232376108,1328.2590103149444,594.2837142944343,733.97529602051,3483,G006875E45880N,Rond,45.88,6.875,-2.1335955
2005,504,1.5427058691406241,-5.280224310531617,8.365636048812865,1444.9772153472895,621.85447807312,823.1227372741696,3450,G006877E45985N,du Belvedere,45.985,6.877,-2.0570292
2005,506,1.2079022363281344,-5.576857589874259,7.992662062530528,1331.4760443115265,594.3199279785164,737.1561163330103,3265,G006880E45886N,du Telepherique,45.886,6.88,-2.0927432
2005,509,1.1700292207031344,-5.611027046936027,7.9510854883422954,1319.9683638305694,591.2756796264657,728.6926842041038,3391,G006882E45877N,Ouest de l'Aiguille du Midi,45.877,6.882,-1.9408196
2005,517,1.1599898613281185,-5.622372918121343,7.94235264077758,1321.3420600585914,590.7271173095698,730.6149427490217,3644,G006888E45882N,Arete Midi Plan,45.882,6.888,-1.8910365
2005,518,1.1877662832031337,-5.598471552902214,7.974004119308482,1331.7953989257844,593.0889355468757,738.7064633789087,3389,G006889E45892N,des Pelerins,45.892,6.889,-2.082926
2005,524,1.1636139628906366,-5.625227545272818,7.95245547105409,1333.200031326298,591.7017873382578,741.49824398804,3518,G006901E45901N,de Blaitiere,45.901,6.901,-1.9936936
2005,526,1.1225029394531363,-5.663408406677236,7.9084142855835085,1322.9831979370153,588.5216323852549,734.4615655517605,3381,G006906E45895N,du Plan,45.895,6.906,-1.9631813
2005,527,1.1155978066406211,-5.670893623519901,7.902089236801142,1323.03863783264,588.1062767791744,734.9323610534656,3317,G006909E45897N,du Fou,45.897,6.909,-2.0571589
2005,530,1.1338438300781142,-5.656668590362558,7.924356250518787,1331.8718292541466,589.8176176452628,742.0542116088839,3645,G006912E45907N,des Nantillons,45.907,6.912,-1.8718945
2005,531,1.099629611328123,-5.689928846328737,7.889188068984982,1325.7078589172354,587.3345823669431,738.3732765502922,3418,G006919E45906N,de la Republique,45.906,6.919,-1.8908526
2005,534,1.0930077363281276,-5.698394207733153,7.884409680389407,1327.5356894226088,587.0761976623538,740.4594917602549,3582,G006924E45911N,de la Thendia,45.911,6.924,-2.3206575
2005,535,1.0565855175781287,-5.7318478718566865,7.845018907012944,1318.1087535095226,584.2192939758304,733.8894595336924,3313,G006928E45905N,de Trelaporte,45.905,6.928,-2.3584149
2005,537,0.9621092832031324,-5.815814680541986,7.740033246948251,1289.9759310302761,576.504793090821,713.4711379394553,3643,G006934E45883N,Mer de Glace ,45.883,6.934,-2.1862798
2005,539,1.0576432597656242,-5.742605120193482,7.8578916397247305,1334.3816757659908,585.5760053253173,748.8056704406736,3519,G006947E45933N,des Drus,45.933,6.947,-2.3035429
2005,541,1.0577946503906268,-5.7451684093170154,7.860757710098269,1337.8168200225834,585.8791475677492,751.9376724548342,3263,G006951E45939N,du Nant Blanc,45.939,6.951,-1.9324975
2005,542,1.0896563925781266,-5.719038731597899,7.898351516754153,1349.8829117736823,588.7153422546389,761.1675695190434,3639,G006952E45951N,de la Pendant,45.951,6.952,-1.892706
2005,543,1.0033710253906234,-5.793652698440553,7.8003947492218,1322.034219436645,581.4496456146239,740.5845738220212,3284,G006955E45927N,de la Charpoua,45.927,6.955,-1.7866898
2005,544,1.0608319238281183,-5.745392698440558,7.867056546096794,1342.2810408019996,586.4414146423335,755.8396261596663,3475,G006955E45946N,des Grands Montets,45.946,6.955,-1.8476747
2005,547,1.0788917285156205,-5.731668843002323,7.889452300033565,1350.3497093963606,588.1651340484616,762.1845753478991,3585,G006957E45955N,de Lognan,45.955,6.957,-1.9040524
2005,548,0.8604845800781266,-5.916669309844969,7.637638470001223,1275.863369903565,569.3641502380372,706.4992196655277,3534,G006960E45887N,de l'Aiguille du Tacul,45.887,6.96,-2.0575883
2005,549,0.9312753769531208,-5.858080757125858,7.720631511032099,1301.680526672362,575.6057162475582,726.0748104248038,3631,G006961E45912N,du Moine,45.912,6.961,-1.8867431
2005,553,0.8240194394531181,-5.952737835372931,7.600776714279167,1270.5356005249,566.7881106567377,703.7474898681623,3641,G006969E45888N,du Capucin,45.888,6.969,-1.7759213
2005,557,0.8066955800781186,-5.97235066362,7.585741823776238,1271.1492021789531,565.8315464782709,705.317655700682,0,G006977E45894N,des Dards 1,45.894,6.977,-1.5725731
2005,564,0.9389214160156251,-5.869232366867066,7.747075198898316,1324.8715508270268,578.1519962310791,746.7195545959476,3638,G006985E45951N,d'Argentiere,45.951,6.985,-1.9723723
2005,566,0.998921283203123,-5.82075956414795,7.818602130554197,1347.0380658569325,583.5606900024412,763.4773758544915,0,G006986E45973N,des Dards 1,45.973,6.986,-2.1809134
2005,567,0.998921283203123,-5.82075956414795,7.818602130554197,1347.0380658569325,583.5606900024412,763.4773758544915,3712,G006986E45973N,du Passon 1,45.973,6.986,-2.0083916
2005,569,1.0306667363281283,-5.796421083709714,7.857754556365971,1360.0556841735856,586.5606843566898,773.4949998168958,3698,G006988E45987N,du Tour,45.987,6.988,-2.0798235
2005,571,0.9687032519531276,-5.8489071032714826,7.786313607177738,1339.7834881591807,581.2332855224612,758.5502026367196,3511,G006990E45969N,Adams Reilly,45.969,6.99,-1.753288
2005,572,0.7960787675781155,-5.99172399783326,7.583881532989491,1280.1429510192838,566.0331941223137,714.1097568969701,3466,G006992E45913N,de Talefre,45.913,6.992,-2.057318
2005,574,0.7376613300781283,-6.040912079895016,7.516234740051273,1261.074184753419,560.9820944213869,700.0920903320321,3258,G006994E45896N,de Pierre Joseph,45.896,6.994,-1.7707692
2005,575,0.938577470703136,-5.876920642395011,7.754075583801283,1332.5532742309608,578.9082809448252,753.6449932861356,3619,G006994E45965N,du Trident,45.965,6.994,-1.9784395
2005,577,0.7083117675781341,-6.069189701080315,7.485813236236583,1255.7465553283723,558.8268852233895,696.9196701049829,3301,G007000E45895N,de l'Aiguille de l'Eboulement,45.895,7.0,-2.0250335
2005,579,0.88250856444359,-5.9319617358398435,7.696978864440921,1321.4553248596199,575.318707122803,746.136617736817,3640,G007003E45960N,du Chardonnet,45.96,7.003,-1.610227
2005,582,0.8428996529655473,-5.971030189483641,7.656829494537355,1313.1488691406257,573.1641671142579,739.9847020263676,3356,G007008E45954N,du Milieu,45.954,7.008,-1.9818984
2006,423,1.7745955170726766,-4.970768597305299,8.519959837966919,1608.896025543212,737.8925032043458,871.0035223388668,3344,G006776E45799N,de la Berangere,45.799,6.776,-1.0894417
2006,424,1.8007502629089285,-4.948973612808233,8.550474337280265,1619.790476074216,739.8446093749994,879.9458666992164,3601,G006778E45809N,d'Armancette,45.809,6.778,-0.9005642
2006,427,1.8102734938764566,-4.938522630340576,8.559069812568664,1624.8836005401613,739.5836240386961,885.2999765014648,3650,G006783E45817N,de Covagnet,45.817,6.783,-0.8141173
2006,429,1.6994142876052827,-5.024910134765627,8.423738934387204,1581.2319857788073,729.137061462402,852.0949243164052,3651,G006784E45784N,de Tre la Tete 1,45.784,6.784,-0.4090436
2006,431,1.8198885231494988,-4.929813835372918,8.569591072921764,1629.2189926147496,740.0154678344735,889.2035247802761,3276,G006785E45822N,du Miage 1,45.822,6.785,-0.7754172
2006,437,1.7802825403308882,-4.95678245274353,8.517347733322145,1615.374255828858,734.7728269958498,880.6014288330082,3388,G006792E45817N,du Miage 2,45.817,6.792,-0.8434474
2006,447,1.7633994299554896,-4.965962361022943,8.492761423362742,1610.5283477020294,731.6263478851324,878.9019998168968,3579,G006799E45819N,du Miage 3,45.819,6.799,-0.9866266
2006,449,1.8213881113958452,-4.920762778717034,8.563539188453685,1633.4805875396767,736.9836151885995,896.4969723510774,3296,G006799E45837N,du Tricot,45.837,6.799,-1.0669478
2006,459,1.8191172953939332,-4.916134153717049,8.554368929115283,1635.702729873653,734.0706232452383,901.6321066284148,3648,G006811E45849N,de Bionnassay,45.849,6.811,-0.7203169
2006,460,1.8140383875465447,-4.91598167912292,8.544058638397223,1635.7631184387226,731.8054426574712,903.9576757812516,3438,G006819E45856N,de Tete Rousse,45.856,6.819,-1.2617499
2006,462,1.8098145432519956,-4.917251454528805,8.53688072548676,1635.1244829559344,730.5185622406009,904.6059207153335,3280,G006823E45859N,de la Griaz,45.859,6.823,-0.716745
2006,464,1.7949040428590748,-4.924837306152345,8.514645578605649,1631.2886251068107,727.3480889129636,903.940536193847,3290,G006831E45863N,du Bourgeat,45.863,6.831,-0.7481475
2006,468,1.7501168095874762,-4.953015948928835,8.453249763839718,1616.9296385192863,720.2899821472165,896.6396563720697,3647,G006844E45863N,Taconnaz,45.863,6.844,-0.7943764
2006,484,2.0346799965667692,-4.729747832244875,8.799107949951168,1733.7172369384753,742.84922668457,990.8680102539054,3449,G006862E45976N,de la Floria,45.976,6.862,-1.5002815
2006,488,1.693066638755804,-4.986975011672969,8.373108495788582,1599.7660316467309,710.3163063049321,889.4497253417987,3646,G006865E45868N,Bossons,45.868,6.865,-0.8216223
2006,489,2.0663484957218223,-4.704904099655147,8.83760120811463,1746.939002990725,745.1566085815434,1001.7823944091815,3709,G006865E45990N,du Mort 2,45.99,6.865,-1.9149621
2006,490,2.0663484957218223,-4.704904099655147,8.83760120811463,1746.939002990725,745.1566085815434,1001.7823944091815,3710,G006865E45990N,du Mort 1,45.99,6.865,-2.0754397
2006,491,2.0663484957218223,-4.704904099655147,8.83760120811463,1746.939002990725,745.1566085815434,1001.7823944091815,3711,G006865E45990N,du Mort 3,45.99,6.865,-1.6466571
2006,503,1.694914138317116,-4.9814188671112,8.37124734878541,1603.0195045471223,708.2828712463386,894.7366333007835,3483,G006875E45880N,Rond,45.88,6.875,-1.3239239
2006,504,2.0061166266679757,-4.746890312805176,8.75912369792938,1726.1270183563229,736.9462673187256,989.1807510375972,3450,G006877E45985N,du Belvedere,45.985,6.877,-1.4457989
2006,506,1.6956171071052641,-4.978912201080316,8.37014661972047,1604.5524383544955,707.2497222900399,897.3027160644558,3265,G006880E45886N,du Telepherique,45.886,6.88,-1.2521547
2006,509,1.661452061424264,-5.003733214920038,8.326637549987804,1591.5978619384798,703.6132086181649,887.9846533203149,3391,G006882E45877N,Ouest de l'Aiguille du Midi,45.877,6.882,-1.0690734
2006,517,1.6555912961387576,-5.005778568450933,8.316961373809807,1590.7949084472634,701.7471704101557,889.0477380371075,3644,G006888E45882N,Arete Midi Plan,45.882,6.888,-1.0304496
2006,518,1.6821076392364585,-4.985606636672967,8.349822122070323,1601.4837861633334,704.0127156066902,897.4710705566431,3389,G006889E45892N,des Pelerins,45.892,6.889,-0.9181886
2006,524,1.6666542658472168,-4.992835681640617,8.326144423240676,1598.3859664154093,699.9450383758556,898.4409280395539,3518,G006901E45901N,de Blaitiere,45.901,6.901,-0.7527738
2006,526,1.631207657623301,-5.0173770861053395,8.279792619018568,1585.6836303710977,695.527148437501,890.1564819335966,3381,G006906E45895N,du Plan,45.895,6.906,-1.0231459
2006,527,1.6265401424837074,-5.019810611511234,8.27289111510467,1584.5909154510482,694.4359139251706,890.1550015258777,3317,G006909E45897N,du Fou,45.897,6.909,-1.302254
2006,530,1.6453983147716422,-5.004917746170051,8.295714590164172,1592.7444935607869,695.5584516906729,897.1860418701142,3645,G006912E45907N,des Nantillons,45.907,6.912,-1.1338722
2006,531,1.6175993318653086,-5.023168886917116,8.258367771163938,1583.5416638183585,691.4259832763671,892.1156805419914,3418,G006919E45906N,de la Republique,45.906,6.919,-1.0770829
2006,534,1.6144208173847225,-5.023984511917112,8.252826367965701,1583.519107513429,690.0460966491701,893.4730108642589,3582,G006924E45911N,de la Thendia,45.911,6.924,-1.1679431
2006,535,1.5827382868289983,-5.04596629722595,8.21144309898377,1572.0568016052262,686.1948722839359,885.8619293212901,3313,G006928E45905N,de Trelaporte,45.905,6.928,-0.8700034
2006,537,1.4978597869682382,-5.1060192898406935,8.101739109771737,1540.2096792602567,676.8857424926764,863.3239367675803,3643,G006934E45883N,Mer de Glace ,45.883,6.934,-1.4281516
2006,539,1.5953613087797158,-5.031743224822998,8.222466068977354,1581.6232672882077,683.3104367828369,898.3128305053709,3519,G006947E45933N,des Drus,45.933,6.947,-1.0936751
2006,541,1.5979860605096832,-5.02894167401123,8.224914021507265,1583.6135002899175,682.7068422698976,900.9066580200199,3263,G006951E45939N,du Nant Blanc,45.939,6.951,-0.9371137
2006,542,1.6285096401500718,-5.006742082046507,8.263761582839969,1595.817671051026,685.3863459777833,910.4313250732426,3639,G006952E45951N,de la Pendant,45.951,6.952,-1.0462955
2006,543,1.5493927479028686,-5.063016580505373,8.161802312889098,1565.5281078338617,677.2498775482177,888.2782302856441,3284,G006955E45927N,de la Charpoua,45.927,6.955,-0.9845245
2006,544,1.6033319687366425,-5.024244222793583,8.230908386154166,1586.666238403318,682.36362915039,904.3026092529278,3475,G006955E45946N,des Grands Montets,45.946,6.955,-1.1477481
2006,547,1.6215404079198796,-5.010768419952395,8.25384945835113,1594.2781879425033,683.6664768218991,910.6117111206042,3585,G006957E45955N,de Lognan,45.955,6.957,-1.2210244
2006,548,1.4183162599086776,-5.15584241127014,7.992475193862917,1515.3790229797369,663.7475196838379,851.6315032958988,3534,G006960E45887N,de l'Aiguille du Tacul,45.887,6.96,-1.036176
2006,549,1.485416903858181,-5.107518457778934,8.078352515228268,1541.9064634704578,669.9014414978024,872.0050219726552,3631,G006961E45912N,du Moine,45.912,6.961,-0.9232858
2006,553,1.3895844020652706,-5.1740036457672165,7.953172718780509,1506.3110014343238,659.088291473388,847.2227099609358,3641,G006969E45888N,du Capucin,45.888,6.969,-0.8503683
2006,557,1.3782420293521822,-5.180101634078984,7.936585964462273,1503.803873596189,656.2990963745111,847.5047772216781,0,G006977E45894N,des Dards 1,45.894,6.977,-0.8058036
2006,564,1.5076951043844224,-5.087029857940673,8.102420315589907,1556.3412372589114,666.9394260406493,889.401811218262,3638,G006985E45951N,d'Argentiere,45.951,6.985,-0.9753913
2006,566,1.564816968460081,-5.0466251681671155,8.176259343749997,1578.9098962402334,672.177100830078,906.7327954101555,0,G006986E45973N,des Dards 1,45.973,6.986,-1.3986374
2006,567,1.564816968460081,-5.0466251681671155,8.176259343749997,1578.9098962402334,672.177100830078,906.7327954101555,3712,G006986E45973N,du Passon 1,45.973,6.986,-1.3423766
2006,569,1.5959982846164738,-5.024447894546506,8.21644469725037,1591.5654704284682,674.734752044678,916.8307183837903,3698,G006988E45987N,du Tour,45.987,6.988,-0.7541478
2006,571,1.5389447192192103,-5.064362808914184,8.14225249160767,1569.7289382934582,668.874024963379,900.854913330079,3511,G006990E45969N,Adams Reilly,45.969,6.99,-0.9107155
2006,572,1.3776384266757875,-5.177365344955451,7.932642471908558,1507.1565928649868,653.0556352233879,854.1009576415988,3466,G006992E45913N,de Talefre,45.913,6.992,-1.3459624
2006,574,1.3238677827453644,-5.214693780792235,7.862429629760746,1486.6212414550791,647.4970983886722,839.124143066407,3258,G006994E45896N,de Pierre Joseph,45.896,6.994,-0.9412658
2006,575,1.51315096988679,-5.082003949661248,8.108306139221204,1560.5813323974648,665.576791381837,895.0045410156279,3619,G006994E45965N,du Trident,45.965,6.994,-0.9202349
2006,577,1.2999825179576958,-5.230201349258417,7.83016667366029,1478.7220191955598,643.9424324035652,834.7795867919947,3301,G007000E45895N,de l'Aiguille de l'Eboulement,45.895,7.0,-1.0692337
2006,579,1.4652267519807833,-5.118936493759154,8.04939025444031,1545.6930094909676,659.8362171936037,885.8567922973639,3640,G007003E45960N,du Chardonnet,45.96,7.003,-0.8519868
2006,582,1.4296539950218214,-5.150262040740966,8.009570288482667,1535.5422797851568,656.489674560547,879.0526052246098,3356,G007008E45954N,du Milieu,45.954,7.008,-0.7991572
2007,423,3.2346788822631822,-1.829738742218019,8.299096462402343,1692.67406463623,785.1609403686523,907.5131242675776,3344,G006776E45799N,de la Berangere,45.799,6.776,-0.807162
2007,424,3.265129369834892,-1.798879022150048,8.329137691192619,1704.7624893188445,787.5741824951165,917.188306823728,3601,G006778E45809N,d'Armancette,45.809,6.778,-0.2803709
2007,427,3.276990319797515,-1.7857348908567436,8.339715439071655,1710.3293228149412,787.1960095520019,923.1333132629395,3650,G006783E45817N,de Covagnet,45.817,6.783,-0.4994598
2007,429,3.149727170669552,-1.9116819532775915,8.211136282958982,1661.5112762451158,774.0938609619136,887.4174152832021,3651,G006784E45784N,de Tre la Tete 1,45.784,6.784,-0.8485493
2007,431,3.2884033499145606,-1.7738980515479945,8.350704647827158,1715.1376266479529,787.7209738159189,927.4166528320341,3276,G006785E45822N,du Miage 1,45.822,6.785,-0.6226366
2007,437,3.244136243560792,-1.8159529065704336,8.304225301513673,1699.5154800415046,781.0890330200198,918.4264470214846,3388,G006792E45817N,du Miage 2,45.817,6.792,-0.4563434
2007,447,3.2259831890220725,-1.8321594218873896,8.284125702896127,1693.9711074829136,777.090350677491,916.8807568054225,3579,G006799E45819N,du Miage 3,45.819,6.799,-0.1722572
2007,449,3.2925842318306078,-1.766491949744214,8.351660278244031,1719.7686538696335,783.8510453186045,935.9176085510288,3296,G006799E45837N,du Tricot,45.837,6.799,-0.3629037
2007,459,3.2920074896125677,-1.7647103217458844,8.34872514701842,1722.2995376586869,780.1930514221178,942.1064862365687,3648,G006811E45849N,de Bionnassay,45.849,6.811,-0.6777194
2007,460,3.2874956443100034,-1.767792741498941,8.342783868560797,1722.4628067016627,777.370595825196,945.0922108764667,3438,G006819E45856N,de Tete Rousse,45.856,6.819,-0.5916948
2007,462,3.283298130001073,-1.771291329007144,8.337887425308233,1721.8083877563495,775.769814056397,946.0385736999528,3280,G006823E45859N,de la Griaz,45.859,6.823,-0.5439692
2007,464,3.267478568798062,-1.7856204314661057,8.320577405471798,1717.6279678344717,771.8165937194821,945.8113741149896,3290,G006831E45863N,du Bourgeat,45.863,6.831,-0.3898173
2007,468,3.2181975312652558,-1.831925414638522,8.268320324401852,1701.6201705932608,762.9603845825192,938.6597860107416,3647,G006844E45863N,Taconnaz,45.863,6.844,-0.417592
2007,484,3.5463409685363727,-1.5154218341636692,8.608103536682124,1836.790130615233,792.72316809082,1044.0669625244132,3449,G006862E45976N,de la Floria,45.976,6.862,-1.0078084
2007,488,3.1560828014755318,-1.8899509006023343,8.202116364288337,1682.7134017944363,750.5128454589851,932.2005563354512,3646,G006865E45868N,Bossons,45.868,6.865,-0.5875238
2007,489,3.5829144432067936,-1.4806440367698612,8.646472686767584,1852.3417282104517,795.8637802124031,1056.4779479980489,3709,G006865E45990N,du Mort 2,45.99,6.865,-1.4759903
2007,490,3.5829144432067936,-1.4806440367698612,8.646472686767584,1852.3417282104517,795.8637802124031,1056.4779479980489,3710,G006865E45990N,du Mort 1,45.99,6.865,-1.9656358
2007,491,3.5829144432067936,-1.4806440367698612,8.646472686767584,1852.3417282104517,795.8637802124031,1056.4779479980489,3711,G006865E45990N,du Mort 3,45.99,6.865,-1.0692036
2007,503,3.159638895988473,-1.8860656869411383,8.205343341827401,1686.9742202758825,748.1511688232431,938.8230514526393,3483,G006875E45880N,Rond,45.88,6.875,-1.1591549
2007,504,3.5154628953361504,-1.5466660913705836,8.577591688919068,1829.6639175415035,785.7444364929199,1043.9194810485835,3450,G006877E45985N,du Belvedere,45.985,6.877,-1.1648244
2007,506,3.1611422551727397,-1.8845229236602687,8.206807299804698,1689.0462646484416,746.9650598144542,942.0812048339872,3265,G006880E45886N,du Telepherique,45.886,6.88,-1.5323639
2007,509,3.122399550560007,-1.9213661663150694,8.166165139923105,1674.1393508911171,742.2632716064464,931.8760792846706,3391,G006882E45877N,Ouest de l'Aiguille du Midi,45.877,6.882,-0.7221636
2007,517,3.1165401905364924,-1.9268469240570134,8.15992718261718,1673.5740661621066,740.0227812499993,933.5512849121073,3644,G006888E45882N,Arete Midi Plan,45.882,6.888,-0.4485521
2007,518,3.146945050407419,-1.8980097637843998,8.191899740142832,1686.0786972045935,743.043656250001,943.0350409545927,3389,G006889E45892N,des Pelerins,45.892,6.889,-1.5576249
2007,524,3.130891437770855,-1.9135435550355795,8.175326322402967,1683.3800430297902,738.1749002380385,945.2051427917515,3518,G006901E45901N,de Blaitiere,45.901,6.901,-1.1301062
2007,526,3.0911163895034908,-1.9512342181682476,8.13346689682008,1668.9171371460006,732.5415716552748,936.3755654907259,3381,G006906E45895N,du Plan,45.895,6.906,-0.9919937
2007,527,3.086179497905727,-1.9560274928522152,8.128386392898555,1667.8844985961896,731.2305133972163,936.6539851989733,3317,G006909E45897N,du Fou,45.897,6.909,-0.8401612
2007,530,3.108047355621326,-1.9357047431564438,8.151799364624011,1677.7234115600538,732.8705643920886,944.8528471679654,3645,G006912E45907N,des Nantillons,45.907,6.912,-1.2312982
2007,531,3.077237561538694,-1.9651216172790549,8.119596662292476,1667.5487136840811,727.7152323608398,939.8334813232412,3418,G006919E45906N,de la Republique,45.906,6.919,-0.5544719
2007,534,3.0742198506622347,-1.9684221348381015,8.116861768493656,1668.0131149292006,726.1377756958011,941.8753392333997,3582,G006924E45911N,de la Thendia,45.911,6.924,-1.6865445
2007,535,3.038632423095707,-2.001973324394222,8.079238107299808,1654.865882873537,721.1933071899418,933.6725756835949,3313,G006928E45905N,de Trelaporte,45.905,6.928,-1.5975453
2007,537,2.942781634086617,-2.0915298236179276,7.977093025665292,1617.7099533081089,709.0019296875008,908.708023620608,3643,G006934E45883N,Mer de Glace ,45.883,6.934,-0.5980017
2007,539,3.0551244862098685,-1.9894562907361992,8.099705255355834,1668.394508361816,718.4768335266112,949.9176748352048,3519,G006947E45933N,des Drus,45.933,6.947,-1.2835298
2007,541,3.0585233467369095,-1.9871105261659605,8.10415722633362,1671.2952041625983,717.935603607178,953.3596005554202,3263,G006951E45939N,du Nant Blanc,45.939,6.951,-0.6953167
2007,542,3.0932975974121115,-1.955388587265013,8.141983802490236,1686.0222702026374,721.6495136108401,964.3727565917974,3639,G006952E45951N,de la Pendant,45.951,6.952,-0.6626267
2007,543,3.00374493200302,-2.038170364880563,8.045660232925414,1650.1882095336907,710.795313568115,939.3928959655757,3284,G006955E45927N,de la Charpoua,45.927,6.955,-0.2604777
2007,544,3.06499963890075,-1.9820228807449403,8.11202218170165,1675.4968032836887,717.7580209350579,957.7387823486307,3475,G006955E45946N,des Grands Montets,45.946,6.955,-0.4895415
2007,547,3.085871743793483,-1.9633680055379912,8.13511153068542,1684.903022766111,719.6828761291499,965.2201466369613,3585,G006957E45955N,de Lognan,45.955,6.957,-0.7683102
2007,548,2.8554671583557143,-2.174718328285216,7.885652615356447,1590.6722946166997,692.7237203979494,897.9485742187505,3534,G006960E45887N,de l'Aiguille du Tacul,45.887,6.96,-0.4740825
2007,549,2.9317435442581132,-2.1051750123310127,7.968662100677485,1622.6288681030258,701.1937406005853,921.4351275024403,3631,G006961E45912N,du Moine,45.912,6.961,-0.5681104
2007,553,2.8238714682998585,-2.204842315988547,7.852585236053459,1580.7728500366184,686.9454874267569,893.8273626098613,3641,G006969E45888N,du Capucin,45.888,6.969,-0.2795399
2007,557,2.811874973846429,-2.2170818842124995,7.84083183471679,1578.698783874509,683.6748192749014,895.0239645996076,0,G006977E45894N,des Dards 1,45.894,6.977,-0.9013631
2007,564,2.9593363105964663,-2.085833624625206,8.004506351852417,1643.5038528442387,698.9982997131349,944.5055531311039,3638,G006985E45951N,d'Argentiere,45.951,6.985,-0.2844711
2007,566,3.0241218552169777,-2.027803553743364,8.07604740859985,1671.0778274536121,706.3340413818357,964.7437860717764,0,G006986E45973N,des Dards 1,45.973,6.986,-1.2569516
2007,567,3.0241218552169777,-2.027803553743364,8.07604740859985,1671.0778274536121,706.3340413818357,964.7437860717764,3712,G006986E45973N,du Passon 1,45.973,6.986,-0.6245083
2007,569,3.059593679153446,-1.99658549245834,8.115773024597173,1686.8212509155292,710.0620234985355,976.7592274169937,3698,G006988E45987N,du Tour,45.987,6.988,0.2869561
2007,571,2.9951471043777493,-2.055204575681684,8.045498934173587,1660.629676818849,702.1256518554691,958.50402496338,3511,G006990E45969N,Adams Reilly,45.969,6.99,-0.205772
2007,572,2.812702104370107,-2.219552307548532,7.844956574096669,1584.7793960571246,680.350421936034,904.4289741210907,3466,G006992E45913N,de Talefre,45.913,6.992,-1.2521961
2007,574,2.752031889770511,-2.2744121302223173,7.7784759408569375,1560.0372314453139,672.7911085205083,887.2461229248056,3258,G006994E45896N,de Pierre Joseph,45.896,6.994,-0.1613513
2007,575,2.966270020408642,-2.082463431024541,8.015003626251234,1650.2022781372118,697.9191363525405,952.2831417846713,3619,G006994E45965N,du Trident,45.965,6.994,-0.2458565
2007,577,2.725595893859873,-2.299418525695792,7.750610351562511,1551.2177658081096,668.328208923341,882.8895568847686,3301,G007000E45895N,de l'Aiguille de l'Eboulement,45.895,7.0,-0.6665744
2007,579,2.914285123462679,-2.1326247864532455,7.961195194015505,1633.406100769044,690.9172140502933,942.4888867187508,3640,G007003E45960N,du Chardonnet,45.96,7.003,-0.43737
2007,582,2.876919038742067,-2.168523196517943,7.92236142126465,1621.4954377441416,686.9651650390628,934.5302727050787,3356,G007008E45954N,du Milieu,45.954,7.008,-0.6117958
2008,423,2.1197303927307116,-3.7429433535156256,7.982404165771484,1500.7620884399412,771.9957739868164,728.7663144531247,3344,G006776E45799N,de la Berangere,45.799,6.776,-1.7492919
2008,424,2.144064662765497,-3.722988912666326,8.011118274063103,1508.7213164367656,773.5909479064935,735.1303685302719,3601,G006778E45809N,d'Armancette,45.809,6.778,-1.6053301
2008,427,2.1505017185516344,-3.7181597132530224,8.019163191215515,1511.9892016143797,772.6128881988523,739.3763134155274,3650,G006783E45817N,de Covagnet,45.817,6.783,-1.5489491
2008,429,2.041945469734189,-3.807575717987063,7.891466661865231,1478.9993397827138,762.3028569946288,716.6964827880853,3651,G006784E45784N,de Tre la Tete 1,45.784,6.784,-1.875366
2008,431,2.1587343480491725,-3.7116117638397155,8.029080504837045,1515.0333815002468,772.7483119201668,742.28506958008,3276,G006785E45822N,du Miage 1,45.822,6.785,-0.8693955
2008,437,2.1161842944793716,-3.7473685604248037,7.979737183959963,1503.8254258422858,766.6444592895509,737.1809665527345,3388,G006792E45817N,du Miage 2,45.817,6.792,-1.6129742
2008,447,2.0957722874374456,-3.764968155826563,7.956512762672431,1499.4041871185325,762.5875703582768,736.8166167602556,3579,G006799E45819N,du Miage 3,45.819,6.799,-1.6911429
2008,449,2.152286192565927,-3.718902584239953,8.023475021873484,1516.7594690094022,767.8545723419197,748.9048966674827,3296,G006799E45837N,du Tricot,45.837,6.799,-1.4818634
2008,459,2.1433255634002584,-3.728469331279763,8.01512051735686,1517.2392339019743,763.4152146759023,753.824019226072,3648,G006811E45849N,de Bionnassay,45.849,6.811,-1.3439842
2008,460,2.133891315715795,-3.737891985527034,8.005674680145269,1516.5200135498062,760.1656613769537,756.3543521728526,3438,G006819E45856N,de Tete Rousse,45.856,6.819,-1.7082754
2008,462,2.127535611137394,-3.7439869742469756,7.999058261207585,1515.662266220094,758.3951426239016,757.2671235961924,3280,G006823E45859N,de la Griaz,45.859,6.823,-1.5080646
2008,464,2.1085265458450286,-3.7613230984993007,7.978376255622861,1512.014127975463,754.2690329437252,757.7450950317378,3290,G006831E45863N,du Bourgeat,45.863,6.831,-1.4332788
2008,468,2.057586515869138,-3.8055879657440204,7.9207610561218225,1499.9021573486323,745.6592015380857,754.2429558105464,3647,G006844E45863N,Taconnaz,45.863,6.844,-1.5823244
2008,484,2.32552152037048,-3.6023823643951443,8.253425610412593,1588.2766260375968,766.9366847534177,821.3399412841791,3449,G006862E45976N,de la Floria,45.976,6.862,-1.7421731
2008,488,1.990240831699377,-3.865441445426937,7.845923163452156,1484.9810720825215,733.2202670288091,751.7608050537123,3646,G006865E45868N,Bossons,45.868,6.865,-1.5665871
2008,489,2.3548270117759755,-3.581149582290646,8.29080383033753,1598.3045722961442,769.0700813293463,829.2344909667981,3709,G006865E45990N,du Mort 2,45.99,6.865,-2.0003164
2008,490,2.3548270117759755,-3.581149582290646,8.29080383033753,1598.3045722961442,769.0700813293463,829.2344909667981,3710,G006865E45990N,du Mort 1,45.99,6.865,-2.1569486
2008,491,2.3548270117759755,-3.581149582290646,8.29080383033753,1598.3045722961442,769.0700813293463,829.2344909667981,3711,G006865E45990N,du Mort 3,45.99,6.865,-1.8803078
2008,503,1.9865275454521256,-3.8721178960800113,7.845173053741464,1486.7198181152366,730.1267242431649,756.5930938720719,3483,G006875E45880N,Rond,45.88,6.875,-1.7201837
2008,504,2.2895083872222894,-3.6387390100288393,8.217756001319884,1581.6968416595455,759.6807891082764,822.0160525512692,3450,G006877E45985N,du Belvedere,45.985,6.877,-1.8375686
2008,506,1.9844646522140588,-3.8757683085632255,7.844697686157238,1487.5410531616237,728.5816433715829,758.9594097900409,3265,G006880E45886N,du Telepherique,45.886,6.88,-1.7210009
2008,509,1.9499772311859216,-3.903179482856744,7.8031340044098005,1477.374973419192,724.6103856506356,752.7645877685562,3391,G006882E45877N,Ouest de l'Aiguille du Midi,45.877,6.882,-1.5758847
2008,517,1.9409524627609196,-3.9126483962097214,7.794553385498039,1476.3228004760724,722.1096099243159,754.2131905517565,3644,G006888E45882N,Arete Midi Plan,45.882,6.888,-1.8437922
2008,518,1.9663245700416643,-3.893649179527277,7.826298397766124,1484.5413915405297,724.3906895141608,760.150702026369,3389,G006889E45892N,des Pelerins,45.892,6.889,-1.5675234
2008,524,1.9446587048645125,-3.9158677038612284,7.8051852005691655,1481.3616111297638,719.1004338226329,762.261177307131,3518,G006901E45901N,de Blaitiere,45.901,6.901,-1.2848784
2008,526,1.907264251174937,-3.9466799700546185,7.761208548202527,1471.1598265075713,714.0248027038585,757.135023803713,3381,G006906E45895N,du Plan,45.895,6.906,-1.964178
2008,527,1.9010640153655969,-3.952872666370394,7.7550007748184155,1470.1241032562245,712.6290765838619,757.4950266723624,3317,G006909E45897N,du Fou,45.897,6.909,-1.8743618
2008,530,1.9178819028930567,-3.9417691468200755,7.777533044860828,1476.3119010620085,713.5914459838857,762.7204550781229,3645,G006912E45907N,des Nantillons,45.907,6.912,-1.6801808
2008,531,1.886882161014555,-3.968815398040772,7.7425798082427955,1468.7253335266107,708.6663030090331,760.0590305175775,3418,G006919E45906N,de la Republique,45.906,6.919,-1.5281419
2008,534,1.8810631477050808,-3.9759581016693097,7.738084491546634,1468.4385072021494,706.8336636962892,761.6048435058601,3582,G006924E45911N,de la Thendia,45.911,6.924,-1.5710288
2008,535,1.847885074691776,-4.002914441070554,7.698684673767095,1459.2379452514658,702.417885437012,756.8200598144538,3313,G006928E45905N,de Trelaporte,45.905,6.928,-1.5499787
2008,537,1.7615304943695138,-4.070218692939753,7.593279726394662,1433.8895604553245,691.9556164855965,741.933943969728,3643,G006934E45883N,Mer de Glace ,45.883,6.934,-1.0136031
2008,539,1.850019357788085,-4.0130942348899845,7.713133074638366,1465.8896300811766,698.120228286743,767.7694017944334,3519,G006947E45933N,des Drus,45.933,6.947,-1.6223134
2008,541,1.850451802604677,-4.015493748966216,7.716397487648012,1467.310403182984,697.2491067352298,770.0612964477541,3263,G006951E45939N,du Nant Blanc,45.939,6.951,-1.3244014
2008,542,1.8798276064147967,-3.994820600402831,7.7544759671630885,1476.9262366333014,700.1340608520509,776.7921757812503,3639,G006952E45951N,de la Pendant,45.951,6.952,-1.6295134
2008,543,1.8006953458023058,-4.054385095157624,7.655775898475645,1452.8521254730222,691.0591405487058,761.7929849243161,3284,G006955E45927N,de la Charpoua,45.927,6.955,-1.3513906
2008,544,1.8535564085578857,-4.016041688842778,7.723154650650017,1469.5862458801248,696.6744282531731,772.9118176269519,3475,G006955E45946N,des Grands Montets,45.946,6.955,-1.7572116
2008,547,1.8703372647476155,-4.005327251567843,7.7460019410324055,1475.5511389923083,698.0131681060786,777.5379708862295,3585,G006957E45955N,de Lognan,45.955,6.957,-1.6890392
2008,548,1.6695415785217298,-4.152549254302977,7.491632451477052,1412.8997640991215,675.9282626342775,736.971501464844,3534,G006960E45887N,de l'Aiguille du Tacul,45.887,6.96,-1.8172185
2008,549,1.7347783943977317,-4.106105955513003,7.575662827972407,1433.893586791991,682.6577727050776,751.2358140869135,3631,G006961E45912N,du Moine,45.912,6.961,-1.5769413
2008,553,1.6365304814948973,-4.18197390000153,7.455034901031485,1405.2722775878888,670.267471801757,735.0048057861316,3641,G006969E45888N,du Capucin,45.888,6.969,-1.1529467
2008,557,1.6211149041709842,-4.198256997940067,7.440486851821892,1402.9256406555157,666.7485989074698,736.1770417480458,0,G006977E45894N,des Dards 1,45.894,6.977,-1.4811124
2008,564,1.7438632958602907,-4.117258502330781,7.60498524181366,1444.6272132110598,678.3328824615478,766.2943307495119,3638,G006985E45951N,d'Argentiere,45.951,6.985,-1.4960687
2008,566,1.7993877940521221,-4.078936798316956,7.677712574783323,1462.6600260314935,684.186963165283,778.4730628662104,0,G006986E45973N,des Dards 1,45.973,6.986,-1.7790495
2008,567,1.7993877940521221,-4.078936798316956,7.677712574783323,1462.6600260314935,684.186963165283,778.4730628662104,3712,G006986E45973N,du Passon 1,45.973,6.986,-1.6594126
2008,569,1.828938205596927,-4.059859426559446,7.71773605197144,1472.7622716064463,687.0127645263674,785.749507080079,3698,G006988E45987N,du Tour,45.987,6.988,-1.5689468
2008,571,1.7718977935028102,-4.101669677391051,7.645465444869998,1455.2498332214363,680.3612535095218,774.8885797119148,3511,G006990E45969N,Adams Reilly,45.969,6.99,-1.5397909
2008,572,1.6125223411102207,-4.215039933990485,7.440084691345204,1405.0596864623994,662.4514049682608,742.6082814941387,3466,G006992E45913N,de Talefre,45.913,6.992,-1.8039687
2008,574,1.5586788821105988,-4.254204267745969,7.371562074401859,1388.5248020629892,656.0920355834965,732.4327664794927,3258,G006994E45896N,de Pierre Joseph,45.896,6.994,-1.5442854
2008,575,1.7444811263275248,-4.124291556587212,7.613253981704725,1447.8567561340362,676.5349427795422,771.3218133544942,3619,G006994E45965N,du Trident,45.965,6.994,-1.5244141
2008,577,1.5320353126525963,-4.277182998657221,7.341253662109386,1381.9720840454129,651.8255996704111,730.1464843750018,3301,G007000E45895N,de l'Aiguille de l'Eboulement,45.895,7.0,-1.9252656
2008,579,1.693340162181856,-4.169247707366942,7.555928191452029,1435.8946682739265,670.0349795532229,765.8596887207035,3640,G007003E45960N,du Chardonnet,45.96,7.003,-1.5772583
2008,582,1.6568329459762587,-4.201226235198974,7.514892271606446,1427.871670104981,666.4680357055666,761.4036343994143,3356,G007008E45954N,du Milieu,45.954,7.008,-1.8036348
2009,423,2.182714207790374,-5.0091975516662615,9.374625873291015,1338.2199495239256,734.6466635742187,603.5732859497068,3344,G006776E45799N,de la Berangere,45.799,6.776,-2.4027514
2009,424,2.209700690368645,-4.985350747039801,9.40475202005004,1343.5763721618637,735.9043268127438,607.67204534912,3601,G006778E45809N,d'Armancette,45.809,6.778,-1.9936455
2009,427,2.217857527563094,-4.979155516723634,9.41487045475769,1346.794386947632,736.3244673309326,610.4699196166991,3650,G006783E45817N,de Covagnet,45.817,6.783,-2.1973541
2009,429,2.0993367383117647,-5.085627051910403,9.284300453308102,1327.0646015624993,731.0182698974609,596.0463316650386,3651,G006784E45784N,de Tre la Tete 1,45.784,6.784,-0.891962
2009,431,2.2273346753501984,-4.97113997772216,9.42580920578004,1349.1199838256853,736.7629641723637,612.3570196533215,3276,G006785E45822N,du Miage 1,45.822,6.785,-2.6139252
2009,437,2.1824132807045,-5.01305180215454,9.377878249389651,1344.0359974975588,734.8041074218752,609.2318900756837,3388,G006792E45817N,du Miage 2,45.817,6.792,-2.4594254
2009,447,2.161745866930015,-5.033271173461908,9.3567627934723,1343.0416435699476,733.9208383331303,609.1208052368174,3579,G006799E45819N,du Miage 3,45.819,6.799,-2.1493335
2009,449,2.223848870969783,-4.9779715172119055,9.425669127792368,1353.4011843719502,736.6139358978276,616.7872484741225,3296,G006799E45837N,du Tricot,45.837,6.799,-2.193814
2009,459,2.2174278771190528,-4.9873261269531355,9.422181749374376,1356.2954911346417,736.2270959320064,620.0683952026353,3648,G006811E45849N,de Bionnassay,45.849,6.811,-1.6419173
2009,460,2.2094914223938047,-4.997008799072261,9.415991515380865,1357.5276547546396,735.7630422058107,621.7646125488288,3438,G006819E45856N,de Tete Rousse,45.856,6.819,-2.3533971
2009,462,2.203754049028401,-5.003466392944333,9.41097436524964,1357.8298620758064,735.4440905303957,622.3857715454109,3280,G006823E45859N,de la Griaz,45.859,6.823,-2.0679615
2009,464,2.1853672185001343,-5.0225473619384795,9.393281680740353,1357.276254104614,734.5037230377196,622.7725310668943,3290,G006831E45863N,du Bourgeat,45.863,6.831,-2.1993401
2009,468,2.1332916593971225,-5.0731064443664575,9.339689660583494,1352.7714650878902,732.0661244506834,620.7053406372069,3647,G006844E45863N,Taconnaz,45.863,6.844,-1.8551128
2009,484,2.4405998529663053,-4.814973452728275,9.696173103576655,1405.3731835327144,742.7223994750975,662.6507840576169,3449,G006862E45976N,de la Floria,45.976,6.862,-2.9198167
2009,488,2.0659357487106385,-5.140299511413569,9.27217093292237,1348.0849443054208,728.7432658386233,619.3416784667977,3646,G006865E45868N,Bossons,45.868,6.865,-1.6973472
2009,489,2.475029719066626,-4.787004667663569,9.737064064788825,1411.2918289184581,743.7444015502932,667.5474273681648,3709,G006865E45990N,du Mort 2,45.99,6.865,-2.9565094
2009,490,2.475029719066626,-4.787004667663569,9.737064064788825,1411.2918289184581,743.7444015502932,667.5474273681648,3710,G006865E45990N,du Mort 1,45.99,6.865,-3.1588249
2009,491,2.475029719066626,-4.787004667663569,9.737064064788825,1411.2918289184581,743.7444015502932,667.5474273681648,3711,G006865E45990N,du Mort 3,45.99,6.865,-2.8029964
2009,503,2.0658666896820153,-5.144895019531242,9.276628341674815,1350.6888389587416,728.2750511169437,622.4137878417979,3483,G006875E45880N,Rond,45.88,6.875,-2.775126
2009,504,2.4080435730838765,-4.852065511779786,9.668152657852172,1403.2689740753171,740.288222427368,662.9807516479491,3450,G006877E45985N,du Belvedere,45.985,6.877,-2.7444296
2009,506,2.0656999724960423,-5.147433242340079,9.278833141174328,1351.9124578857436,728.0045941162113,623.9078637695324,3265,G006880E45886N,du Telepherique,45.886,6.88,-2.7618828
2009,509,2.0276664410858247,-5.180988406463615,9.236321240264902,1346.6497342224134,726.5661534729007,620.0835807495126,3391,G006882E45877N,Ouest de l'Aiguille du Midi,45.877,6.882,-2.8275023
2009,517,2.020105432350152,-5.190375773834234,9.23058660260009,1346.9878541259754,725.9755355224607,621.0123186035148,3644,G006888E45882N,Arete Midi Plan,45.882,6.888,-2.5163851
2009,518,2.0492515060196013,-5.165998355895988,9.26450134100343,1351.5968123474136,726.9130230407718,624.6837893066418,3389,G006889E45892N,des Pelerins,45.892,6.889,-2.8483148
2009,524,2.030373821260464,-5.188401043762196,9.24914868916322,1351.5164964752214,725.4981625518803,626.0183339233412,3518,G006901E45901N,de Blaitiere,45.901,6.901,-2.3364244
2009,526,1.990307634582531,-5.225072375946034,9.205687651214612,1346.7240876770036,723.8454814147954,622.8786062622082,3381,G006906E45895N,du Plan,45.895,6.906,-2.6392407
2009,527,1.9847264060459096,-5.2314397627563505,9.2008925886383,1346.5605613555902,723.4545641021728,623.1059972534174,3317,G006909E45897N,du Fou,45.897,6.909,-2.8110709
2009,530,2.005401135890949,-5.215676962066659,9.226479265014635,1350.204066345213,723.8906204833982,626.3134458618151,3645,G006912E45907N,des Nantillons,45.907,6.912,-2.6343031
2009,531,1.9736341579704262,-5.246475598999025,9.193743959075924,1347.0392613525387,722.3525205078124,624.6867408447263,3418,G006919E45906N,de la Republique,45.906,6.919,-2.5533457
2009,534,1.9696221796302824,-5.252804759307859,9.192049179870608,1347.453235351563,721.8238019409181,625.629433410645,3582,G006924E45911N,de la Thendia,45.911,6.924,-2.9464028
2009,535,1.9337527429389993,-5.285239587554928,9.15274513427735,1343.1204898071296,720.4111334228517,622.7093563842777,3313,G006928E45905N,de Trelaporte,45.905,6.928,-2.7580402
2009,537,1.837806265586861,-5.368900861175531,9.044513429962166,1330.7452131042492,717.0922833557131,613.652929748536,3643,G006934E45883N,Mer de Glace ,45.883,6.934,-2.8691456
2009,539,1.9469884114284508,-5.286316349853516,9.180293323410034,1348.3503091888429,719.0417530975342,629.3085560913084,3519,G006947E45933N,des Drus,45.933,6.947,-2.802295
2009,541,1.9499154115467088,-5.286624646850584,9.186455642349244,1349.379984390259,718.7079911651613,630.6719932250978,3263,G006951E45939N,du Nant Blanc,45.939,6.951,-2.4607615
2009,542,1.9845033483543415,-5.258755994537352,9.22776288964844,1354.2757793579103,719.5436540527345,634.7321253051759,3639,G006952E45951N,de la Pendant,45.951,6.952,-2.532151
2009,543,1.894793162889479,-5.3348582250976575,9.124444709854124,1342.4521897125242,716.7958539581298,625.6563357543944,3284,G006955E45927N,de la Charpoua,45.927,6.955,-2.2475274
2009,544,1.9559929531669547,-5.284405803222661,9.196391906585685,1350.807645263671,718.4414532470701,632.3661920166007,3475,G006955E45946N,des Grands Montets,45.946,6.955,-2.201956
2009,547,1.976700452680583,-5.268777232971195,9.2221783592987,1353.9123101043695,718.7716176605225,635.1406924438471,3585,G006957E45955N,de Lognan,45.955,6.957,-2.5915041
2009,548,1.7457461877250688,-5.460840276031493,8.952332738647463,1323.0247079467777,712.3454302978515,610.679277648926,3534,G006960E45887N,de l'Aiguille du Tacul,45.887,6.96,-2.5298996
2009,549,1.8220108524932819,-5.398809576843266,9.04283142358398,1333.5207712707515,714.2529089660643,619.267862304687,3631,G006961E45912N,du Moine,45.912,6.961,-2.4883027
2009,553,1.7125771062316821,-5.493801858337409,8.91895617517089,1320.1455960998526,710.6515790100095,609.494017089843,3641,G006969E45888N,du Capucin,45.888,6.969,-2.2334011
2009,557,1.699369232250207,-5.509869858581548,8.908608455413809,1319.7230383911124,709.537091491699,610.1859468994135,0,G006977E45894N,des Dards 1,45.894,6.977,-1.9455899
2009,564,1.8480462889385227,-5.394857405700684,9.090950277023316,1340.3131493377687,712.1830220794678,628.130127258301,3638,G006985E45951N,d'Argentiere,45.951,6.985,-2.5609121
2009,566,1.913772452789304,-5.342385315887453,9.169930574859615,1348.971222137451,713.5899538879394,635.3812682495114,0,G006986E45973N,des Dards 1,45.973,6.986,-2.6884007
2009,567,1.913772452789304,-5.342385315887453,9.169930574859615,1348.971222137451,713.5899538879394,635.3812682495114,3712,G006986E45973N,du Passon 1,45.973,6.986,-2.4984586
2009,569,1.9498537218208352,-5.314810386260983,9.21451822674561,1353.841273925782,714.1520360717773,639.6892378540044,3698,G006988E45987N,du Tour,45.987,6.988,-2.5955329
2009,571,1.8844244118881255,-5.36936508163452,9.138214261322027,1345.5649952697759,712.3723161315919,633.192679138184,3511,G006990E45969N,Adams Reilly,45.969,6.99,-2.1175873
2009,572,1.6987663367195025,-5.520875589508066,8.9184084736328,1321.8641318969715,707.8983394775389,613.9657924194325,3466,G006992E45913N,de Talefre,45.913,6.992,-2.9029658
2009,574,1.6368239124755894,-5.572291284881588,8.84593927813721,1314.1851411743169,706.278333190918,607.9068079833987,3258,G006994E45896N,de Pierre Joseph,45.896,6.994,-2.1542664
2009,575,1.8551233710479855,-5.396259347381582,9.106506447296155,1342.1866184997575,711.1676026916507,631.0190158081066,3619,G006994E45965N,du Trident,45.965,6.994,-2.3810847
2009,577,1.6093432784080606,-5.598690433502189,8.81737716674806,1311.5330886840834,705.0048828125002,606.528205871583,3301,G007000E45895N,de l'Aiguille de l'Eboulement,45.895,7.0,-2.3737543
2009,579,1.8020954293346427,-5.447031996612547,9.051223211669924,1337.3087408447268,709.5157592773439,627.7929815673831,3640,G007003E45960N,du Chardonnet,45.96,7.003,-2.0059083
2009,582,1.7635281955947895,-5.4831417999572745,9.010198520812992,1334.5584761962891,709.2245623779296,625.3339138183596,3356,G007008E45954N,du Milieu,45.954,7.008,-2.204926
2010,423,1.6520289497108447,-4.617675696502686,7.9217336329345684,1601.7109776000973,789.9807572021484,811.7302203979489,3344,G006776E45799N,de la Berangere,45.799,6.776,-1.2567087
2010,424,1.6834622150955116,-4.585759721305856,7.952684195159905,1612.4750617065404,792.3434965820306,820.1315651245097,3601,G006778E45809N,d'Armancette,45.809,6.778,-0.66918
2010,427,1.6932737954692834,-4.575488090900422,7.962035728866576,1617.4984175415038,792.3541893920897,825.1442281494141,3650,G006783E45817N,de Covagnet,45.817,6.783,-0.9033797
2010,429,1.556175970619198,-4.713843967803959,7.8261959326477015,1574.444470703124,780.5362453613279,793.9082253417959,3651,G006784E45784N,de Tre la Tete 1,45.784,6.784,-1.414178
2010,431,1.7043737874603375,-4.56414484336852,7.972892467727671,1621.7682333374055,792.9616992187508,828.8065341186548,3276,G006785E45822N,du Miage 1,45.822,6.785,-0.1698234
2010,437,1.6528631153984084,-4.615669252105711,7.921395525329591,1608.0985184936528,787.4151114501956,820.6834070434574,3388,G006792E45817N,du Miage 2,45.817,6.792,-1.147663
2010,447,1.6293977791004268,-4.638891641887657,7.897687240097054,1603.2951436157255,784.2423931274421,819.0527504882834,3579,G006799E45819N,du Miage 3,45.819,6.799,-0.7643608
2010,449,1.7010845129146692,-4.5666250214881785,7.968794097763074,1625.8640630493203,790.2614738159189,835.6025892334013,3296,G006799E45837N,du Tricot,45.837,6.799,-0.8635254
2010,459,1.6940777617854943,-4.573110155673994,7.961265727584827,1627.8856309204061,787.507092956542,840.3785379638641,3648,G006811E45849N,de Bionnassay,45.849,6.811,-0.7401364
2010,460,1.6850896750373907,-4.5818450571975635,7.9520244525604316,1627.8004380493182,785.2702139892584,842.5302240600602,3438,G006819E45856N,de Tete Rousse,45.856,6.819,-1.2551895
2010,462,1.6785326928577475,-4.588304914043421,7.945370343002325,1627.0925537719745,783.9703853149417,843.1221684570327,3280,G006823E45859N,de la Griaz,45.859,6.823,-0.8360615
2010,464,1.6574344316806757,-4.609276918880466,7.924145820175168,1623.158894592284,780.6981565551754,842.4607380371089,3290,G006831E45863N,du Bourgeat,45.863,6.831,-0.9064146
2010,468,1.5976354125175443,-4.669010706527713,7.86428155828857,1608.8163526000967,773.2810289306638,835.5353236694331,3647,G006844E45863N,Taconnaz,45.863,6.844,-0.6689335
2010,484,1.9478698302612263,-4.318215735214237,8.213955418151851,1721.5340982666003,797.4297294921871,924.1043687744132,3449,G006862E45976N,de la Floria,45.976,6.862,-0.5979499
2010,488,1.5201619314766002,-4.746364686470025,7.786688558425911,1591.4946676635764,762.8153643798832,828.6793032836932,3646,G006865E45868N,Bossons,45.868,6.865,-0.7099087
2010,489,1.9868103340148993,-4.279371582412713,8.252992268753058,1734.1623641967794,799.8020874023443,934.3602767944352,3709,G006865E45990N,du Mort 2,45.99,6.865,-1.2293401
2010,490,1.9868103340148993,-4.279371582412713,8.252992268753058,1734.1623641967794,799.8020874023443,934.3602767944352,3710,G006865E45990N,du Mort 1,45.99,6.865,-1.2936198
2010,491,1.9868103340148993,-4.279371582412713,8.252992268753058,1734.1623641967794,799.8020874023443,934.3602767944352,3711,G006865E45990N,du Mort 3,45.99,6.865,-1.0247316
2010,503,1.5196565651893712,-4.746861672401418,7.7861748027801605,1594.2773818969758,760.6674957275397,833.6098861694359,3483,G006875E45880N,Rond,45.88,6.875,-1.1570436
2010,504,1.9089902414417257,-4.357797523097993,8.175778002395628,1713.2034353637691,790.7470645141601,922.456370849609,3450,G006877E45985N,du Belvedere,45.985,6.877,-0.8915283
2010,506,1.5191889601135364,-4.747365165252675,7.785743080291759,1595.5536187744174,759.5509838867197,836.0026348876979,3265,G006880E45886N,du Telepherique,45.886,6.88,-1.0154077
2010,509,1.4758197471542465,-4.790702123161305,7.742341610687267,1582.9592728881867,755.731978515626,827.2272943725608,3391,G006882E45877N,Ouest de l'Aiguille du Midi,45.877,6.882,-1.7280717
2010,517,1.4668699181060716,-4.799696335052498,7.7334361581726,1581.9321312255836,753.7303945312495,828.2017366943343,3644,G006888E45882N,Arete Midi Plan,45.882,6.888,-1.3920456
2010,518,1.4999013650550945,-4.766746951515188,7.766549666458141,1592.1916417846712,756.0690162353523,836.1226255493189,3389,G006889E45892N,des Pelerins,45.892,6.889,-0.7594874
2010,524,1.477522402170195,-4.789339520610796,7.7443842949981825,1588.6174739379921,751.6330535278332,836.9844204101591,3518,G006901E45901N,de Blaitiere,45.901,6.901,-0.3337683
2010,526,1.4317065871811043,-4.835122261695848,7.698535401763929,1576.1562979126015,746.9877856445323,829.1685122680692,3381,G006906E45895N,du Plan,45.895,6.906,-1.6347266
2010,527,1.425117391389842,-4.841772690364843,7.692007435012812,1574.9499382934555,745.7954331665035,829.154505126952,3317,G006909E45897N,du Fou,45.897,6.909,-1.7080438
2010,530,1.4482015385169857,-4.818899953247083,7.715302985961902,1582.602541320797,746.84488317871,835.7576581420869,3645,G006912E45907N,des Nantillons,45.907,6.912,-1.1869297
2010,531,1.4115705223007176,-4.855611779113772,7.678752771347043,1573.3853318481438,742.4277121582031,830.9576196899407,3418,G006919E45906N,de la Republique,45.906,6.919,-0.847744
2010,534,1.4064779431266818,-4.8608922505340555,7.673848076599125,1573.0636582641614,740.8495474853516,832.2141107788095,3582,G006924E45911N,de la Thendia,45.911,6.924,-0.6925065
2010,535,1.3655724954795883,-4.90171175170898,7.63285667999268,1561.8720394897473,736.8363287353519,825.0357107543955,3313,G006928E45905N,de Trelaporte,45.905,6.928,-0.7720954
2010,537,1.256846471420297,-5.009906064994803,7.523598947967538,1531.1448010864285,727.3422258300789,803.8025752563497,3643,G006934E45883N,Mer de Glace ,45.883,6.934,-0.7196052
2010,539,1.3778850239543905,-4.8906025640144355,7.646372511398314,1569.6956904907224,733.0209472045897,836.6747432861326,3519,G006947E45933N,des Drus,45.933,6.947,-0.8267163
2010,541,1.3805343820972462,-4.888270649333952,7.649339303939821,1571.2808701782233,732.1811987915041,839.099671386719,3263,G006951E45939N,du Nant Blanc,45.939,6.951,-0.7449481
2010,542,1.4191597163734457,-4.850105140045164,7.6884244547119165,1582.7778784790044,734.7188353271486,848.0590431518559,3639,G006952E45951N,de la Pendant,45.951,6.952,-0.867059
2010,543,1.3180879456806165,-4.950385358562471,7.586561141891478,1553.8274844360346,726.62808013916,827.1994042968747,3284,G006955E45927N,de la Charpoua,45.927,6.955,-0.8116434
2010,544,1.3866791801834029,-4.882501922149666,7.655860162887565,1573.858939514158,731.5793347167962,842.2796047973616,3475,G006955E45946N,des Grands Montets,45.946,6.955,-1.0737166
2010,547,1.4095305198955481,-4.860057756748205,7.679118668289179,1580.905621643065,732.6965219116207,848.2090997314441,3585,G006957E45955N,de Lognan,45.955,6.957,-0.9520722
2010,548,1.1503991613960285,-5.116612389831541,7.417410623779299,1505.9861441040043,713.2948748779298,792.6912692260746,3534,G006960E45887N,de l'Aiguille du Tacul,45.887,6.96,-1.3516228
2010,549,1.2356353454551647,-5.032379985282903,7.503650569900508,1531.0174835815415,719.1568187255855,811.8606648559561,3631,G006961E45912N,du Moine,45.912,6.961,-0.7363966
2010,553,1.1120606604728618,-5.155045404441841,7.379166626419059,1496.8167828979467,708.3117235107416,788.5050593872054,3641,G006969E45888N,du Capucin,45.888,6.969,-0.3733194
2010,557,1.0961288307800219,-5.171308449966437,7.363565999465934,1493.8916600952125,705.1538276367181,788.7378324584946,0,G006977E45894N,des Dards 1,45.894,6.977,-0.801259
2010,564,1.260427391843796,-5.009965058841705,7.530819673843384,1542.655340881348,714.5169076538085,828.1384332275393,3638,G006985E45951N,d'Argentiere,45.951,6.985,-0.5045575
2010,566,1.3334101201858495,-4.938139757530214,7.604959809051511,1563.7614672241202,719.3151166992186,844.4463505249016,0,G006986E45973N,des Dards 1,45.973,6.986,-1.3736584
2010,567,1.3334101201858495,-4.938139757530214,7.604959809051511,1563.7614672241202,719.3151166992186,844.4463505249016,3712,G006986E45973N,du Passon 1,45.973,6.986,-1.3333552
2010,569,1.3731225500755355,-4.8992425292816115,7.645487425109868,1575.4425862426772,721.4996700439455,853.9429161987316,3698,G006988E45987N,du Tour,45.987,6.988,-0.5341339
2010,571,1.2998537556457552,-4.971660633888242,7.571367953033451,1554.7474948120125,715.8486291503908,838.8988656616218,3511,G006990E45969N,Adams Reilly,45.969,6.99,-0.7117717
2010,572,1.0929319879417303,-5.175657946533215,7.361521776916492,1495.8800233764616,700.9942965087884,794.8857268676733,3466,G006992E45913N,de Talefre,45.913,6.992,-1.3365309
2010,574,1.023705490371708,-5.243990405593868,7.2914012537841835,1476.470738647462,695.6894760742191,780.7812625732429,3258,G006994E45896N,de Pierre Joseph,45.896,6.994,-0.7640333
2010,575,1.2663738077926767,-5.005090843620287,7.537838264007581,1545.774454040531,712.3972802734385,833.3771737670926,3619,G006994E45965N,du Trident,45.965,6.994,-0.9204664
2010,577,0.9921305108070483,-5.275566158294667,7.259827041625988,1468.6011123657258,691.9332122802741,776.6679000854515,3301,G007000E45895N,de l'Aiguille de l'Eboulement,45.895,7.0,-1.1732644
2010,579,1.2058964123344444,-5.06720068634033,7.4789933131408715,1531.3410241699228,706.3429431152346,824.9980810546881,3640,G007003E45960N,du Chardonnet,45.96,7.003,-0.8130473
2010,582,1.1627057733001729,-5.1127474624938944,7.438158820770266,1522.0220902099616,703.0146967773439,819.0073934326176,3356,G007008E45954N,du Milieu,45.954,7.008,-0.8165896
2011,423,2.4776050388374316,-4.329312251556399,9.284522652801513,1326.648941894531,604.324414489746,722.3245274047848,3344,G006776E45799N,de la Berangere,45.799,6.776,-2.189007
2011,424,2.5082913968963543,-4.294304763244638,9.310887860137932,1337.4037809448216,606.4965018310542,730.9072791137675,3601,G006778E45809N,d'Armancette,45.809,6.778,-1.8052127
2011,427,2.518479370218276,-4.282086073715212,9.319045094085693,1343.1007085266115,607.0321936340332,736.0685148925782,3650,G006783E45817N,de Covagnet,45.817,6.783,-2.1831462
2011,429,2.386085871292111,-4.43145276705933,9.203624837585446,1301.7514017333974,597.4016209716794,704.3497807617179,3651,G006784E45784N,de Tre la Tete 1,45.784,6.784,-1.4693452
2011,431,2.5294850496482946,-4.269394726028431,9.328365093536386,1347.5484333801303,607.7385359191901,739.8098974609401,3276,G006785E45822N,du Miage 1,45.822,6.785,-2.072192
2011,437,2.4806592178764353,-4.3235865325622544,9.284905229400636,1335.5337648925786,603.8953049926758,731.6384598999026,3388,G006792E45817N,du Miage 2,45.817,6.792,-2.6174772
2011,447,2.4589361485729304,-4.34720551097106,9.265078051849372,1332.0530931701687,602.000413238526,730.0526799316428,3579,G006799E45819N,du Miage 3,45.819,6.799,-1.991549
2011,449,2.528169591234218,-4.269273104721057,9.32561250668336,1353.6956531066933,606.9046079406746,746.7910451660185,3296,G006799E45837N,du Tricot,45.837,6.799,-2.1018448
2011,459,2.522918349641787,-4.274110112350478,9.319946994232167,1357.3904947814904,605.765802886962,751.6246918945282,3648,G006811E45849N,de Bionnassay,45.849,6.811,-1.6734573
2011,460,2.515213927787787,-4.282195924728386,9.312623941253667,1358.4164667663595,604.6518395690922,753.7646271972671,3438,G006819E45856N,de Tete Rousse,45.856,6.819,-2.1584773
2011,462,2.509362003156667,-4.288517526229853,9.307241683685305,1358.2779366760271,603.9409935607913,754.3369431152357,3280,G006823E45859N,de la Griaz,45.859,6.823,-2.0709822
2011,464,2.489945132482525,-4.309850260482792,9.289740659759518,1355.5827252502434,601.9696878967283,753.613037353515,3290,G006831E45863N,du Bourgeat,45.863,6.831,-2.1573141
2011,468,2.4337898773307773,-4.372065898956302,9.239645767547604,1343.6493739013663,597.0870679321287,746.5623059692377,3647,G006844E45863N,Taconnaz,45.863,6.844,-1.7398866
2011,484,2.772500329162594,-3.995998254150395,9.540998927490232,1451.0492283325184,616.9287683715818,834.1204599609366,3449,G006862E45976N,de la Floria,45.976,6.862,-2.5136831
2011,488,2.3614668662262033,-4.452173162307732,9.175106972808845,1329.8305714416526,590.3680311584476,739.4625402832048,3646,G006865E45868N,Bossons,45.868,6.865,-1.5795007
2011,489,2.810166375255591,-3.9545370685577326,9.574869824981697,1463.0094245910664,618.8738777160648,844.1355468750016,3709,G006865E45990N,du Mort 2,45.99,6.865,-2.6496367
2011,490,2.810166375255591,-3.9545370685577326,9.574869824981697,1463.0094245910664,618.8738777160648,844.1355468750016,3710,G006865E45990N,du Mort 1,45.99,6.865,-2.7329943
2011,491,2.810166375255591,-3.9545370685577326,9.574869824981697,1463.0094245910664,618.8738777160648,844.1355468750016,3711,G006865E45990N,du Mort 3,45.99,6.865,-2.5003636
2011,503,2.361971039772043,-4.451729001998892,9.175671138763436,1333.4654045105008,589.316082000733,744.1493225097678,3483,G006875E45880N,Rond,45.88,6.875,-2.5890288
2011,504,2.7362051800441733,-4.037920435562135,9.510330802459716,1444.07958114624,612.3378996276855,831.7416815185543,3450,G006877E45985N,du Belvedere,45.985,6.877,-2.4264755
2011,506,2.361993438987743,-4.451848640594471,9.17583556640626,1335.1318194580108,588.7371972656257,746.3946221923852,3265,G006880E45886N,du Telepherique,45.886,6.88,-2.5854738
2011,509,2.3205264584961043,-4.497724871032704,9.138777836822518,1323.650773864749,585.9460389404304,737.7047349243186,3391,G006882E45877N,Ouest de l'Aiguille du Midi,45.877,6.882,-2.9803925
2011,517,2.3124901078567435,-4.50680043734742,9.131780691772454,1323.2673416748025,584.7438041992184,738.5235374755842,3644,G006888E45882N,Arete Midi Plan,45.882,6.888,-2.548981
2011,518,2.3442881313781836,-4.471779802566518,9.16035609951783,1332.8311419982938,586.552499176026,746.278642822268,3389,G006889E45892N,des Pelerins,45.892,6.889,-2.6059294
2011,524,2.3238382942638527,-4.495050263320909,9.1427268695984,1330.5129317321812,583.7532931823738,746.7596385498075,3518,G006901E45901N,de Blaitiere,45.901,6.901,-2.0320752
2011,526,2.2803158469390996,-4.5432406362914906,9.103872342987072,1319.4673580932654,580.5063574218758,738.9610006713895,3381,G006906E45895N,du Plan,45.895,6.906,-2.8423769
2011,527,2.2742430881099653,-4.5501387475738575,9.098624932830806,1318.5880533142076,579.7387360534665,738.849317260741,3317,G006909E45897N,du Fou,45.897,6.909,-2.9710183
2011,530,2.296603039325702,-4.525878171356214,9.119084254974354,1325.7908034667935,580.6122489624016,745.1785545043917,3645,G006912E45907N,des Nantillons,45.907,6.912,-2.5410357
2011,531,2.262039500087736,-4.564422290390017,9.088501288055419,1317.8473627624503,577.6001672058105,740.2471955566399,3418,G006919E45906N,de la Republique,45.906,6.919,-2.36834
2011,534,2.257529086345676,-4.569892866485592,9.084951031707767,1317.860086303712,576.5906846313478,741.2694016723642,3582,G006924E45911N,de la Thendia,45.911,6.924,-2.5583377
2011,535,2.218658044948582,-4.612803827362056,9.050119904937748,1307.950576171876,573.795760803223,734.1548153686533,3313,G006928E45905N,de Trelaporte,45.905,6.928,-2.5880077
2011,537,2.1150581469650356,-4.726449549926748,8.956565820648201,1280.5511057739282,567.1461148681645,713.4049909057637,3643,G006934E45883N,Mer de Glace ,45.883,6.934,-2.358427
2011,539,2.2316690471134177,-4.601270344650269,9.064608415618896,1315.8840636291502,571.3830157775878,744.5010478515624,3519,G006947E45933N,des Drus,45.933,6.947,-2.6175587
2011,541,2.2344262371959704,-4.598962024276731,9.06781447470093,1317.4265177307134,570.8146371154787,746.6118806152347,3263,G006951E45939N,du Nant Blanc,45.939,6.951,-2.2323265
2011,542,2.2713826460762045,-4.559052530120848,9.101817802459719,1327.7289960937505,572.5844672241212,755.1445288696293,3639,G006952E45951N,de la Pendant,45.951,6.952,-2.4100478
2011,543,2.1749937363719924,-4.6641067351532,9.0140941758728,1301.9571272277826,566.9646418762206,734.9924853515622,3284,G006955E45927N,de la Charpoua,45.927,6.955,-2.1281943
2011,544,2.2405091045188827,-4.593098688278206,9.074116873626702,1319.8290660095195,570.3987840270992,749.4302819824202,3475,G006955E45946N,des Grands Montets,45.946,6.955,-2.0945079
2011,547,2.2624338464832254,-4.5697335593414365,9.09460123153686,1326.1501066589342,571.1661387634274,754.9839678955067,3585,G006957E45955N,de Lognan,45.955,6.957,-2.4397314
2011,548,2.015162220401766,-4.837982076873777,8.868306461639406,1259.5409069824223,557.7863912963868,701.7545156860356,3534,G006960E45887N,de l'Aiguille du Tacul,45.887,6.96,-2.5062654
2011,549,2.096602954551692,-4.749996910842901,8.943202775299067,1281.8467294006336,561.8271202697752,720.0196091308585,3631,G006961E45912N,du Moine,45.912,6.961,-2.308491
2011,553,1.9791467032546919,-4.878190457595833,8.83648379702758,1251.8340914611795,554.4516454162593,697.3824460449202,3641,G006969E45888N,du Capucin,45.888,6.969,-1.9522384
2011,557,1.9644313949088978,-4.895313973098762,8.824176689727775,1249.5772326965314,552.3362424621578,697.2409902343736,0,G006977E45894N,des Dards 1,45.894,6.977,-1.9499067
2011,564,2.121423438844681,-4.728010660476684,8.970857499847412,1292.564324798584,558.4828898620605,734.0814349365237,3638,G006985E45951N,d'Argentiere,45.951,6.985,-2.3442326
2011,566,2.19099859913635,-4.653500228820803,9.035497405670164,1311.048296081542,561.6310030517577,749.4172930297844,0,G006986E45973N,des Dards 1,45.973,6.986,-2.5306668
2011,567,2.19099859913635,-4.653500228820803,9.035497405670164,1311.048296081542,561.6310030517577,749.4172930297844,3712,G006986E45973N,du Passon 1,45.973,6.986,-2.4531505
2011,569,2.2288932896385236,-4.6133396155090285,9.071126184173588,1321.2369364013684,563.0093098754884,758.2276265258799,3698,G006988E45987N,du Tour,45.987,6.988,-2.3592286
2011,571,2.159161724815372,-4.688731627197263,9.00705505081177,1303.1106436157233,559.2293139648439,743.8813296508797,3511,G006990E45969N,Adams Reilly,45.969,6.99,-1.9562852
2011,572,1.9621714038047682,-4.900527951385509,8.824870683990468,1251.7202548828097,549.4499360961909,702.2703187866188,3466,G006992E45913N,de Talefre,45.913,6.992,-1.7828063
2011,574,1.8963499434509314,-4.971495463073726,8.764195257934574,1234.8382714233408,545.9570927124025,688.8811787109382,3258,G006994E45896N,de Pierre Joseph,45.896,6.994,-2.0026424
2011,575,2.127406517181409,-4.723841525573717,8.978654528961194,1295.2266806030304,556.8464373779303,738.3802432251002,3619,G006994E45965N,du Trident,45.965,6.994,-2.2764564
2011,577,1.866593487262736,-5.004528560638416,8.737715435028086,1228.1332397460965,543.432884216309,684.7003555297874,3301,G007000E45895N,de l'Aiguille de l'Eboulement,45.895,7.0,-2.2228253
2011,579,2.070145866632464,-4.78824496658325,8.928536662902834,1282.756998596192,552.9502304077149,729.8067681884772,3640,G007003E45960N,du Chardonnet,45.96,7.003,-1.870805
2011,582,2.029223452949526,-4.834460174285886,8.892907039428712,1274.9945072021492,551.2141772460939,723.7803299560551,3356,G007008E45954N,du Milieu,45.954,7.008,-2.0827219
2012,423,2.8430160191841116,-3.2037406787109384,8.889772817306516,1624.529542297363,827.4837788085938,797.0457634887692,3344,G006776E45799N,de la Berangere,45.799,6.776,-2.0715611
2012,424,2.868024008689874,-3.178653007659918,8.914701103820795,1633.3738331909158,828.1316763916012,805.2421567993143,3601,G006778E45809N,d'Armancette,45.809,6.778,-1.7472148
2012,427,2.8742290967922206,-3.172323445205689,8.920781694908142,1637.4851329956055,827.1422194213866,810.3429135742188,3650,G006783E45817N,de Covagnet,45.817,6.783,-2.1459916
2012,429,2.7612438615875217,-3.285138088684085,8.80762592498779,1601.892445312499,821.5066228027342,780.3858225097647,3651,G006784E45784N,de Tre la Tete 1,45.784,6.784,-0.5436041
2012,431,2.8826281956291284,-3.16390143260955,8.929157867813117,1641.0098696899443,827.0375662231448,813.9723034667992,3276,G006785E45822N,du Miage 1,45.822,6.785,-2.0823736
2012,437,2.8377744551200883,-3.2085577746582024,8.884106726150513,1629.682735046387,823.1256074218752,806.557127624512,3388,G006792E45817N,du Miage 2,45.817,6.792,-2.4639103
2012,447,2.8159921679096294,-3.2302010006713795,8.86218536273957,1625.7015441284202,820.3260914916993,805.3754526367209,3579,G006799E45819N,du Miage 3,45.819,6.799,-1.9597186
2012,449,2.875134074720392,-3.1713497286224275,8.921617873344431,1644.4876115112338,823.2467321166997,821.240879394534,3296,G006799E45837N,du Tricot,45.837,6.799,-2.0429435
2012,459,2.8655618239421736,-3.1811219855499373,8.91224558971404,1646.387654479977,819.966499450683,826.421155029294,3648,G006811E45849N,de Bionnassay,45.849,6.811,-1.4452885
2012,460,2.855751016189581,-3.191159359092707,8.902661324005132,1646.5301776733418,817.6641434936527,828.866034179689,3438,G006819E45856N,de Tete Rousse,45.856,6.819,-2.0539176
2012,462,2.849172000337605,-3.197867022094723,8.896210944404606,1646.0623536987318,816.4418488159181,829.6205048828139,3280,G006823E45859N,de la Griaz,45.859,6.823,-2.0206537
2012,464,2.829434437326428,-3.217835836639407,8.876704614601131,1643.0347648315421,813.6754137573239,829.3593510742182,3290,G006831E45863N,du Bourgeat,45.863,6.831,-2.0796695
2012,468,2.7761641601524327,-3.2712550714111353,8.823583275833128,1631.4207771606439,808.0732175292967,823.347559631347,3647,G006844E45863N,Taconnaz,45.863,6.844,-1.5126659
2012,484,3.066380677047726,-2.9886310491180454,9.121392093505856,1729.181115600585,821.0273599853513,908.1537556152335,3449,G006862E45976N,de la Floria,45.976,6.862,-2.6406424
2012,488,2.706201887855536,-3.34179651126861,8.754200132751471,1617.6883181762714,799.9449392700199,817.7433789062517,3646,G006865E45868N,Bossons,45.868,6.865,-1.3395455
2012,489,3.098790907192236,-2.9574679594039868,9.155049440383916,1740.3861099243181,822.4276687622073,917.958441162111,3709,G006865E45990N,du Mort 2,45.99,6.865,-2.7735219
2012,490,3.098790907192236,-2.9574679594039868,9.155049440383916,1740.3861099243181,822.4276687622073,917.958441162111,3710,G006865E45990N,du Mort 1,45.99,6.865,-2.8407092
2012,491,3.098790907192236,-2.9574679594039868,9.155049440383916,1740.3861099243181,822.4276687622073,917.958441162111,3711,G006865E45990N,du Mort 3,45.99,6.865,-2.6879785
2012,503,2.703665637969979,-3.3453926610946576,8.752723751068123,1620.7253646850613,797.9037094116215,822.8216552734395,3483,G006875E45880N,Rond,45.88,6.875,-2.6615212
2012,504,3.0320265056705464,-3.0251750637054453,9.089227736854552,1723.7950900268552,816.8235830688476,906.9715069580075,3450,G006877E45985N,du Belvedere,45.985,6.877,-2.6250916
2012,506,2.702305169334421,-3.3473533920287992,8.751963529205332,1622.1921368408232,796.9131311035162,825.279005737307,3265,G006880E45886N,du Telepherique,45.886,6.88,-2.6296778
2012,509,2.665258043434152,-3.3837304621887117,8.714246357421885,1611.4154193725612,794.3569825439458,817.0584368286154,3391,G006882E45877N,Ouest de l'Aiguille du Midi,45.877,6.882,-2.8422132
2012,517,2.6565572934036195,-3.3929939739990296,8.706108353729242,1610.9692879638653,792.7591911621089,818.2100968017562,3644,G006888E45882N,Arete Midi Plan,45.882,6.888,-2.3565447
2012,518,2.68437326296235,-3.366068893470756,8.734815197143563,1619.9841721801786,794.2575383911138,825.7266337890647,3389,G006889E45892N,des Pelerins,45.892,6.889,-2.5321281
2012,524,2.663472684877407,-3.388241348342884,8.715186467475903,1617.9286364135776,790.9691157836921,826.9595206298854,3518,G006901E45901N,de Blaitiere,45.901,6.901,-2.0408971
2012,526,2.6237339183426016,-3.427587403869618,8.675054991149914,1607.4596011352573,787.6900274658211,819.7695736694362,3381,G006906E45895N,du Plan,45.895,6.906,-2.7684927
2012,527,2.6176878714694936,-3.4339469927215616,8.669322479591365,1606.6850870971666,786.8271904907224,819.8578966064442,3317,G006909E45897N,du Fou,45.897,6.909,-2.9575348
2012,530,2.636987262927998,-3.4158059375000103,8.689780190353382,1613.7332251586881,787.5681220703118,826.1651030883761,3645,G006912E45907N,des Nantillons,45.907,6.912,-2.6181436
2012,531,2.6048247103233315,-3.4481794263076804,8.657828566055295,1606.3277667846673,784.4520402221679,821.8757265624993,3418,G006919E45906N,de la Republique,45.906,6.919,-2.2798915
2012,534,2.599902575160983,-3.4538958331298804,8.653700689773562,1606.5961902465833,783.3889802246096,823.2072100219735,3582,G006924E45911N,de la Thendia,45.911,6.924,-2.5612924
2012,535,2.5643949075889623,-3.4888977691650354,8.617687292861941,1597.0952902221693,780.4974438476565,816.5978463745126,3313,G006928E45905N,de Trelaporte,45.905,6.928,-2.529892
2012,537,2.470312852569588,-3.580569921264641,8.52119535354615,1570.3371223754907,773.4350369873052,796.9020853881855,3643,G006934E45883N,Mer de Glace ,45.883,6.934,-1.8241382
2012,539,2.573466175573348,-3.4843572350311285,8.631289237327575,1606.502061706543,778.5021815795897,827.9998801269529,3519,G006947E45933N,des Drus,45.933,6.947,-2.6075523
2012,541,2.575566249086382,-3.483331120605467,8.634463258247377,1608.5051349487308,778.1497941284181,830.3553408203127,3263,G006951E45939N,du Nant Blanc,45.939,6.951,-2.1481164
2012,542,2.6089346828804034,-3.4516616479492175,8.669530638351443,1619.0363728637703,780.3040610351563,838.7323118286138,3639,G006952E45951N,de la Pendant,45.951,6.952,-2.3478391
2012,543,2.5213562890338883,-3.5361681602478043,8.578880386543272,1593.3091744995113,773.955643005371,819.3535314941403,3284,G006955E45927N,de la Charpoua,45.927,6.955,-2.0410099
2012,544,2.580742671718591,-3.4794041780471865,8.64088914833068,1611.434576110838,778.027747497558,833.4068286132797,3475,G006955E45946N,des Grands Montets,45.946,6.955,-2.041836
2012,547,2.6004888447093917,-3.4610668609619184,8.662044164848323,1618.1277230834949,779.1561709594723,838.9715521240223,3585,G006957E45955N,de Lognan,45.955,6.957,-2.364713
2012,548,2.3757206324195876,-3.6764340148925765,8.427874966049195,1550.6145144653324,763.2681494140626,787.3463650512699,3534,G006960E45887N,de l'Aiguille du Tacul,45.887,6.96,-2.4063823
2012,549,2.44958436486816,-3.6061682048416177,8.505336591949458,1573.4702913207996,768.2533142700192,805.2169770507804,3631,G006961E45912N,du Moine,45.912,6.961,-2.1681972
2012,553,2.3417308194122244,-3.710844660530097,8.394305972137444,1543.3957771606424,759.6807874145502,783.7149897460922,3641,G006969E45888N,du Capucin,45.888,6.969,-1.8413228
2012,557,2.3273620592918327,-3.726392587699896,8.381116361770623,1541.781614807127,757.6300115356439,784.1516032714829,0,G006977E45894N,des Dards 1,45.894,6.977,-1.8260876
2012,564,2.470730509977341,-3.5925126884460448,8.533973295402529,1587.8848764038087,767.0522830200196,820.8325933837892,3638,G006985E45951N,d'Argentiere,45.951,6.985,-1.993809
2012,566,2.534605924705503,-3.5322867567443863,8.601498169860836,1607.536040466308,771.5933931884764,835.9426472778314,0,G006986E45973N,des Dards 1,45.973,6.986,-2.383908
2012,567,2.534605924705503,-3.5322867567443863,8.601498169860836,1607.536040466308,771.5933931884764,835.9426472778314,3712,G006986E45973N,du Passon 1,45.973,6.986,-2.3612318
2012,569,2.569469124706272,-3.49991157958984,8.638849376602176,1618.7126738891614,773.9596257324221,844.7530481567393,3698,G006988E45987N,du Tour,45.987,6.988,-2.6449478
2012,571,2.5054048615264923,-3.5612159431457497,8.572025229644778,1599.974128112794,769.1124774169924,830.8616506958016,3511,G006990E45969N,Adams Reilly,45.969,6.99,-1.9024822
2012,572,2.3240843216209313,-3.7333770977783303,8.381545357437124,1545.8346471557588,755.6278520507806,790.2067951049781,3466,G006992E45913N,de Talefre,45.913,6.992,-2.3848834
2012,574,2.2633313709564247,-3.791366763992306,8.318029136352543,1528.1541470947275,750.9346180419925,777.219529052735,3258,G006994E45896N,de Pierre Joseph,45.896,6.994,-1.9589361
2012,575,2.4762366316604734,-3.590087296295155,8.542560122680676,1592.4306161499057,766.6208819580087,825.8097341918971,3619,G006994E45965N,du Trident,45.965,6.994,-2.1760049
2012,577,2.235462505817423,-3.8192858886718657,8.290210523605356,1521.751899719241,748.1857299804694,773.5661697387717,3301,G007000E45895N,de l'Aiguille de l'Eboulement,45.895,7.0,-2.2355471
2012,579,2.4233701970863364,-3.6442838561248756,8.491023818817142,1580.4932812500006,762.6480636596681,817.8452175903326,3640,G007003E45960N,du Chardonnet,45.96,7.003,-1.6838752
2012,582,2.3853110011978167,-3.683970802124022,8.454592390228274,1572.329958374024,760.4908020019532,811.8391563720706,3356,G007008E45954N,du Milieu,45.954,7.008,-2.0198026
2013,423,1.3780988863034238,-5.02958332411194,7.785781207870483,1785.063438537597,998.9853991699218,786.0780393676756,3344,G006776E45799N,de la Berangere,45.799,6.776,-1.0851663
2013,424,1.4067232873353883,-4.99975988757325,7.813206590225212,1796.445490020749,1002.7798921203602,793.6655979003887,3601,G006778E45809N,d'Armancette,45.809,6.778,-0.9442493
2013,427,1.4139620503013124,-4.992494003578188,7.820418246780394,1801.4556386871336,1002.9969795989988,798.4586590881348,3650,G006783E45817N,de Covagnet,45.817,6.783,-1.1346151
2013,429,1.285274354885098,-5.126909365478519,7.697458169799801,1755.347069580077,984.3377880859371,771.0092814941397,3651,G006784E45784N,de Tre la Tete 1,45.784,6.784,-0.4208834
2013,431,1.4235771153903105,-4.982590098114004,7.829744479675302,1805.8712171936072,1004.0462318420423,801.8249853515647,3276,G006785E45822N,du Miage 1,45.822,6.785,-0.5954132
2013,437,1.372662948607923,-5.036197911361692,7.781523955215455,1790.7359953002936,995.5687915039065,795.167203796387,3388,G006792E45817N,du Miage 2,45.817,6.792,-1.2516912
2013,447,1.3480012427847465,-5.062423694053641,7.758426331954964,1785.0730076141388,990.8593354034434,794.2136722106953,3579,G006799E45819N,du Miage 3,45.819,6.799,-1.1650504
2013,449,1.4151396022298444,-4.992528383796682,7.822807763565074,1809.1436221466106,1000.4715471649184,808.672074981692,3296,G006799E45837N,du Tricot,45.837,6.799,-0.7780059
2013,459,1.4040480396325468,-5.005303388313306,7.8133996586456185,1810.2865144805864,996.8114043426498,813.4751101379368,3648,G006811E45849N,de Bionnassay,45.849,6.811,-0.8377761
2013,460,1.392637557804114,-5.01810417280578,7.803379486907964,1809.4883070068383,993.7774935913095,815.7108134155286,3438,G006819E45856N,de Tete Rousse,45.856,6.819,-1.1726381
2013,462,1.3850060343382404,-5.026532039024348,7.7965443088836714,1808.3728152313251,991.9807172393804,816.3920979919446,3280,G006823E45859N,de la Griaz,45.859,6.823,-1.0865257
2013,464,1.362266815524336,-5.051176833732609,7.775710668685909,1803.4545829925526,987.3157236480707,816.138859344482,3290,G006831E45863N,du Bourgeat,45.863,6.831,-1.1166935
2013,468,1.3013900836119623,-5.116017722885136,7.718798092147825,1787.018640502929,976.3306710815424,810.6879694213862,3647,G006844E45863N,Taconnaz,45.863,6.844,-0.8538506
2013,484,1.6240257615051232,-4.787403176910404,8.035454951965328,1904.0377365722643,1018.4229058837885,885.6148306884758,3449,G006862E45976N,de la Floria,45.976,6.862,-0.8516334
2013,488,1.2210256823873584,-5.202290647048944,7.644342212982185,1766.629195251467,961.1146789550791,805.5145162963881,3646,G006865E45868N,Bossons,45.868,6.865,-0.9818352
2013,489,1.659614094960696,-4.751621411895746,8.07084985504151,1916.9557258605982,1022.8245429992685,894.1311828613295,3709,G006865E45990N,du Mort 2,45.99,6.865,-0.613444
2013,490,1.659614094960696,-4.751621411895746,8.07084985504151,1916.9557258605982,1022.8245429992685,894.1311828613295,3710,G006865E45990N,du Mort 1,45.99,6.865,-0.6852057
2013,491,1.659614094960696,-4.751621411895746,8.07084985504151,1916.9557258605982,1022.8245429992685,894.1311828613295,3711,G006865E45990N,du Mort 3,45.99,6.865,-0.5483774
2013,503,1.2169897449016664,-5.208327112197867,7.642306804656991,1768.501739501956,958.6618423461927,809.8398971557634,3483,G006875E45880N,Rond,45.88,6.875,-1.2719407
2013,504,1.5824524412548533,-4.834138344688416,7.999043457717894,1893.2924822235104,1009.5300251007079,883.7624571228025,3450,G006877E45985N,du Belvedere,45.985,6.877,-0.5347222
2013,506,1.2147877917909726,-5.2116031575012105,7.6411789433288675,1769.2947320556675,957.3969787597672,811.8977532959004,3265,G006880E45886N,du Telepherique,45.886,6.88,-1.2743341
2013,509,1.1732859948034389,-5.254518259338369,7.601090448440561,1755.8468069152864,951.2003108215347,804.6464960937519,3391,G006882E45877N,Ouest de l'Aiguille du Midi,45.877,6.882,-1.6756959
2013,517,1.162757166674607,-5.266544825531013,7.592059357086175,1754.105103637693,948.5743725585928,805.5307310791002,3644,G006888E45882N,Arete Midi Plan,45.882,6.888,-1.6258506
2013,518,1.193494744900713,-5.235334412734976,7.622324101531991,1764.7503203735382,952.6769171142591,812.0734032592794,3389,G006889E45892N,des Pelerins,45.892,6.889,-1.4275891
2013,524,1.168281971468223,-5.263866451774584,7.600430587173474,1759.598522445683,946.8021775054949,812.796344940188,3518,G006901E45901N,de Blaitiere,45.901,6.901,-0.4903049
2013,526,1.123412401041997,-5.310808899230945,7.557633891220105,1745.973049774174,939.5661674499529,806.406882324221,3381,G006906E45895N,du Plan,45.895,6.906,-1.6435001
2013,527,1.1161777526047185,-5.31891124489594,7.55126693806457,1744.3515821990952,937.9641931915278,806.3873890075674,3317,G006909E45897N,du Fou,45.897,6.909,-2.0467181
2013,530,1.1369098230214,-5.298572968887342,7.572392799362171,1751.9698978881797,940.2430255126935,811.726872375486,3645,G006912E45907N,des Nantillons,45.907,6.912,-1.3147951
2013,531,1.1000158125395751,-5.337908908752443,7.5379407135620085,1741.483223541259,933.7136775207517,807.7695460205073,3418,G006919E45906N,de la Republique,45.906,6.919,-1.1044029
2013,534,1.0935340417380361,-5.345838600448605,7.532906858505251,1740.5107130126962,931.7998934936527,808.7108195190438,3582,G006924E45911N,de la Thendia,45.911,6.924,-1.3200265
2013,535,1.053613052041535,-5.387420891036983,7.494647168960576,1728.356502990724,925.4644195556646,802.8920834350594,3313,G006928E45905N,de Trelaporte,45.905,6.928,-1.2830828
2013,537,0.9490144318828666,-5.494989112274162,7.393018155929575,1695.6780864563016,909.8071839904796,785.8709024658219,3643,G006934E45883N,Mer de Glace ,45.883,6.934,-1.2383416
2013,539,1.0589740288989535,-5.387619089637758,7.505567290664672,1733.9102785797118,922.2505989837645,811.6596795959472,3519,G006947E45933N,des Drus,45.933,6.947,-1.5645717
2013,541,1.0601854091818352,-5.387686282066343,7.508057235397342,1734.978945358277,921.5654669952396,813.4134783630374,3263,G006951E45939N,du Nant Blanc,45.939,6.951,-0.5945133
2013,542,1.0963528442654629,-5.351554257461546,7.544260071517947,1746.717823547364,926.3118554687503,820.4059680786137,3639,G006952E45951N,de la Pendant,45.951,6.952,-1.1210226
2013,543,0.9999006173002702,-5.44974252773285,7.449543901596068,1716.3709044647212,912.4471118926999,803.9237925720212,3284,G006955E45927N,de la Charpoua,45.927,6.955,-0.6735243
2013,544,1.064709667088978,-5.384454777221687,7.513874236755363,1737.0601014709448,921.327204132079,815.7328973388658,3475,G006955E45946N,des Grands Montets,45.946,6.955,-1.246343
2013,547,1.0856668937909553,-5.364031605873112,7.535365509567256,1744.0387137603743,923.7649562835687,820.2737574768056,3585,G006957E45955N,de Lognan,45.955,6.957,-0.9264767
2013,548,0.8398010723328607,-5.612472977371214,7.2920752883148205,1666.3021444702154,889.475900268555,776.8262442016604,3534,G006960E45887N,de l'Aiguille du Tacul,45.887,6.96,-1.4215262
2013,549,0.9200376092014265,-5.532054241134649,7.372129605133052,1691.9834616699204,900.2409005737297,791.7425610961907,3631,G006961E45912N,du Moine,45.912,6.961,-0.818622
2013,553,0.800596462894432,-5.654585481063851,7.255778568145744,1655.6461612548803,882.2399880981434,773.4061731567369,3641,G006969E45888N,du Capucin,45.888,6.969,-0.4974577
2013,557,0.7829211764731336,-5.674821424835212,7.240663929260246,1651.536623321531,878.1423750305164,773.3942482910145,0,G006977E45894N,des Dards 1,45.894,6.977,-0.6095602
2013,564,0.9358830394494536,-5.524469118080139,7.39623528038025,1700.3726615142823,897.1862209320068,803.1864405822755,3638,G006985E45951N,d'Argentiere,45.951,6.985,-0.7089341
2013,566,1.0046681830873465,-5.4560662672119165,7.465402690628048,1721.8384342346183,906.2945082092283,815.5439260253901,0,G006986E45973N,des Dards 1,45.973,6.986,-0.8981951
2013,567,1.0046681830873465,-5.4560662672119165,7.465402690628048,1721.8384342346183,906.2945082092283,815.5439260253901,3712,G006986E45973N,du Passon 1,45.973,6.986,-0.9610368
2013,569,1.0416623760561983,-5.419888672653194,7.503213462692265,1733.4687584228527,910.8563961791997,822.6123622436531,3698,G006988E45987N,du Tour,45.987,6.988,-0.3396247
2013,571,0.9716795892524749,-5.490621475372311,7.433980709609989,1711.9480021667491,900.9168479919438,811.0311541748052,3511,G006990E45969N,Adams Reilly,45.969,6.99,-0.8222842
2013,572,0.7751001350455174,-5.687695921188366,7.237896311660755,1651.4018208618131,873.8484722900376,777.5533485717755,3466,G006992E45913N,de Talefre,45.913,6.992,-0.9320433
2013,574,0.7088983638687171,-5.754474036468502,7.172270903991703,1631.2581208496103,864.4536151123052,766.8045057373052,3258,G006994E45896N,de Pierre Joseph,45.896,6.994,-0.9088357
2013,575,0.9387564120817309,-5.525085016784656,7.402597895584119,1702.108513946537,895.5528572082536,806.5556567382832,3619,G006994E45965N,du Trident,45.965,6.994,-0.9285153
2013,577,0.6770776346325978,-5.788275079727162,7.142430486679087,1622.3398208618196,858.8508605957045,763.4889602661151,3301,G007000E45895N,de l'Aiguille de l'Eboulement,45.895,7.0,-1.5276048
2013,579,0.8791418286418937,-5.588635225830076,7.346918934936526,1686.1239132690437,886.462074890137,799.6618383789067,3640,G007003E45960N,du Chardonnet,45.96,7.003,-0.8644789
2013,582,0.8374538337507267,-5.632941244110105,7.307848970001222,1676.1932493896488,881.2483742675784,794.9448751220706,3356,G007008E45954N,du Milieu,45.954,7.008,-1.0185918
2014,423,1.9680842232151026,-3.1050633294677743,7.041231952758789,1555.479615356445,840.6446311645507,714.8349841918941,3344,G006776E45799N,de la Berangere,45.799,6.776,-1.2727462
2014,424,1.9855245749626114,-3.075756864051826,7.046806179626463,1564.5073235473608,842.8452957763665,721.6620277709943,3601,G006778E45809N,d'Armancette,45.809,6.778,-0.9377348
2014,427,1.9839949851636876,-3.0643058205986025,7.032295945495604,1567.8946114807127,842.8199069519042,725.0747045288086,3650,G006783E45817N,de Covagnet,45.817,6.783,-1.2489351
2014,429,1.8932924940567,-3.186813077392581,6.973398253082275,1530.1337885742178,831.7052354736326,698.4285531005852,3651,G006784E45784N,de Tre la Tete 1,45.784,6.784,-1.9931477
2014,431,1.9879914373493262,-3.0532987859725855,7.029281808929447,1571.2101525878934,843.3786627197273,727.8314898681662,3276,G006785E45822N,du Miage 1,45.822,6.785,-0.5283471
2014,437,1.9433050024623884,-3.0958520883178697,6.982462242370607,1557.8640013427737,838.1203861694337,719.7436151733401,3388,G006792E45817N,du Miage 2,45.817,6.792,-1.4370989
2014,447,1.916765664742475,-3.1132556685829083,6.946787140869143,1552.2359698181176,835.0961877746588,717.1397820434588,3579,G006799E45819N,du Miage 3,45.819,6.799,-0.9598312
2014,449,1.9627415041723322,-3.0490640169334307,6.97454714923096,1571.7979570617708,840.7750476989755,731.0229093627953,3296,G006799E45837N,du Tricot,45.837,6.799,-1.1561856
2014,459,1.93767075413417,-3.049353272304547,6.924694883972164,1570.8579748840298,838.1543133239736,732.703661560056,3648,G006811E45849N,de Bionnassay,45.849,6.811,-1.1390541
2014,460,1.9178674993629499,-3.053484916076654,6.889220005279543,1568.9231825561542,836.0403995971685,732.8827829589857,3438,G006819E45856N,de Tete Rousse,45.856,6.819,-1.280581
2014,462,1.9065740778741862,-3.057413683109279,6.870561923339844,1567.3649634704602,834.8147112121586,732.5502522583018,3280,G006823E45859N,de la Griaz,45.859,6.823,-1.2717571
2014,464,1.878848224972722,-3.0724249145698574,6.830121439086911,1562.0623219909658,831.7294205627438,730.332901428222,3290,G006831E45863N,du Bourgeat,45.863,6.831,-1.2634712
2014,468,1.8177877022991156,-3.1195832970428494,6.7551587672119116,1546.6281374511711,824.7222479858394,721.9058894653315,3647,G006844E45863N,Taconnaz,45.863,6.844,-1.0184237
2014,484,1.994653133865354,-2.800845507507328,6.790151696441649,1636.8073568115224,848.0637912597654,788.7435655517571,3449,G006862E45976N,de la Floria,45.976,6.862,-1.0361898
2014,488,1.730660977897648,-3.178809489059442,6.640131490020752,1526.6081002807634,814.8595907592779,711.7485095214856,3646,G006865E45868N,Bossons,45.868,6.865,-0.8448955
2014,489,2.01149288849831,-2.7651627912521306,6.788148470306398,1646.4635131835955,850.4011566162114,796.0623565673841,3709,G006865E45990N,du Mort 2,45.99,6.865,-1.0144628
2014,490,2.01149288849831,-2.7651627912521306,6.788148470306398,1646.4635131835955,850.4011566162114,796.0623565673841,3710,G006865E45990N,du Mort 1,45.99,6.865,-0.9473032
2014,491,2.01149288849831,-2.7651627912521306,6.788148470306398,1646.4635131835955,850.4011566162114,796.0623565673841,3711,G006865E45990N,du Mort 3,45.99,6.865,-1.0004487
2014,503,1.7106642603874265,-3.174851055145255,6.596179599761966,1526.2559127807642,812.9030990600594,713.3528137207048,3483,G006875E45880N,Rond,45.88,6.875,-1.118766
2014,504,1.9380230769014357,-2.8295427124977124,6.7055887631225595,1624.9896684265136,841.9402876281738,783.0493807983396,3450,G006877E45985N,du Belvedere,45.985,6.877,-0.9001126
2014,506,1.700321839275367,-3.1731113693237205,6.573755060882572,1525.9375158691435,811.8918969726572,714.0456188964863,3265,G006880E45886N,du Telepherique,45.886,6.88,-1.1848741
2014,509,1.670619856464393,-3.210596649513235,6.5518363848266645,1514.8904158325224,808.2311329345712,706.659282897951,3391,G006882E45877N,Ouest de l'Aiguille du Midi,45.877,6.882,-1.8835714
2014,517,1.65318682120132,-3.215938953247077,6.522312607635496,1512.364405029295,806.3808049316401,705.983600097655,3644,G006888E45882N,Arete Midi Plan,45.882,6.888,-1.5165575
2014,518,1.6705187319793757,-3.1863503714752106,6.527387834503176,1520.5918573608426,808.6601940307625,711.9316633300799,3389,G006889E45892N,des Pelerins,45.892,6.889,-1.2784123
2014,524,1.632303281815537,-3.2011547648811227,6.465761307434087,1514.1241802673371,804.5678802795421,709.5562999877952,3518,G006901E45901N,de Blaitiere,45.901,6.901,-0.8849136
2014,526,1.5952211432075583,-3.2394868429183843,6.429929111938481,1502.3819711303745,800.1453741455089,702.2365969848654,3381,G006906E45895N,du Plan,45.895,6.906,-1.8867183
2014,527,1.5850306387987114,-3.244078161258702,6.414139416687011,1500.4941481628407,799.0436057434079,701.4505424194327,3317,G006909E45897N,du Fou,45.897,6.909,-1.6847014
2014,530,1.5917720505924156,-3.222577751312267,6.406121815429684,1505.8522117919892,800.1303538207999,705.7218579711891,3645,G006912E45907N,des Nantillons,45.907,6.912,-1.3169212
2014,531,1.555620386278152,-3.2520372832870508,6.363278014617921,1496.1574644775383,795.9729267578124,700.1845377197261,3418,G006919E45906N,de la Republique,45.906,6.919,-0.9743925
2014,534,1.541695387708665,-3.254579732284543,6.337970456176757,1494.326962158204,794.5477299194338,699.7792322387702,3582,G006924E45911N,de la Thendia,45.911,6.924,-1.1214598
2014,535,1.50980719134331,-3.2889382530212363,6.308552588806153,1483.9775469970714,790.711840515137,693.2657064819343,3313,G006928E45905N,de Trelaporte,45.905,6.928,-1.1628853
2014,537,1.4358234021911667,-3.3819262831497117,6.253573064697267,1457.242537170412,781.5322104492194,675.7103267211929,3643,G006934E45883N,Mer de Glace ,45.883,6.934,-1.0639899
2014,539,1.4731900151090613,-3.271161283245087,6.217541214660644,1484.0356258850095,787.4947067565917,696.5409191284177,3519,G006947E45933N,des Drus,45.933,6.947,-1.1094439
2014,541,1.4651705270166415,-3.2674467943763714,6.197787738281253,1483.9225821228033,786.7951199035647,697.1274622192386,3263,G006951E45939N,du Nant Blanc,45.939,6.951,-1.0201408
2014,542,1.4838147097263348,-3.233368633728025,6.200997926147462,1492.7535103759772,789.3418762817385,703.4116340942387,3639,G006952E45951N,de la Pendant,45.951,6.952,-1.211211
2014,543,1.421726445107459,-3.3205783356666583,6.164031128540039,1468.6115147399896,781.427331085205,687.1841836547849,3284,G006955E45927N,de la Charpoua,45.927,6.955,-1.1011627
2014,544,1.4589253775501207,-3.2607090398788516,6.178559672088621,1484.5737615966777,786.33632446289,698.2374371337878,3475,G006955E45946N,des Grands Montets,45.946,6.955,-1.0695661
2014,547,1.4664485815572714,-3.2400947436332754,6.1729917700195305,1489.4694050598132,787.5162333679197,701.9531716918937,3585,G006957E45955N,de Lognan,45.955,6.957,-1.1760911
2014,548,1.319469336900712,-3.4650761726379375,6.104014799194337,1428.8808221435552,768.3536001586915,660.5272219848636,3534,G006960E45887N,de l'Aiguille du Tacul,45.887,6.96,-1.3691953
2014,549,1.363053150135037,-3.3903914448547408,6.116497663238523,1448.4214141235339,774.2100733032223,674.2113408203118,3631,G006961E45912N,du Moine,45.912,6.961,-0.9903014
2014,553,1.2782752354392954,-3.495185403137214,6.0517358187561,1418.6720720825178,763.6766272583002,654.9954448242174,3641,G006969E45888N,du Capucin,45.888,6.969,-0.8771949
2014,557,1.2511773526706649,-3.506183456535345,6.008538092376706,1413.6898813476544,760.7931575927728,652.8967237548816,0,G006977E45894N,des Dards 1,45.894,6.977,-1.3877105
2014,564,1.317713176016807,-3.3608072451591484,5.996233441772459,1448.9827778625488,770.4910502624512,678.4917276000978,3638,G006985E45951N,d'Argentiere,45.951,6.985,-0.9186857
2014,566,1.3531450162162773,-3.2971617924881,6.003451637756348,1465.0606519165035,775.3541756591795,689.7064762573237,0,G006986E45973N,des Dards 1,45.973,6.986,-1.1004949
2014,567,1.3531450162162773,-3.2971617924881,6.003451637756348,1465.0606519165035,775.3541756591795,689.7064762573237,3712,G006986E45973N,du Passon 1,45.973,6.986,-1.2324668
2014,569,1.3685536012630475,-3.2621178240203816,5.9992248178710925,1473.369475830079,777.6435670776368,695.7259087524421,3698,G006988E45987N,du Tour,45.987,6.988,-0.7663243
2014,571,1.3253789343643199,-3.3250745634078953,5.975832247009277,1456.4768551635748,772.0547961425783,684.4220590209966,3511,G006990E45969N,Adams Reilly,45.969,6.99,-1.062278
2014,572,1.213456671064371,-3.5038362608337503,5.930749495300291,1409.9966749267553,757.1892531127922,652.8074218139632,3466,G006992E45913N,de Talefre,45.913,6.992,-1.6343054
2014,574,1.1729317903442409,-3.5631602609252893,5.909023756500246,1394.2303599853526,751.9251289062503,642.3052310791021,3258,G006994E45896N,de Pierre Joseph,45.896,6.994,-1.0459329
2014,575,1.2977351857948376,-3.3529021677017097,5.948372356262211,1447.943655090335,768.767134399415,679.1765206909199,3619,G006994E45965N,du Trident,45.965,6.994,-0.9547375
2014,577,1.142207266092306,-3.5884838867187403,5.8728983306884786,1386.024856567385,748.376655578614,637.6482009887711,3301,G007000E45895N,de l'Aiguille de l'Eboulement,45.895,7.0,-0.9517326
2014,579,1.2451870103707918,-3.405634981765745,5.896008822555542,1434.0278726196295,763.4723544311526,670.555518188477,3640,G007003E45960N,du Chardonnet,45.96,7.003,-1.3245946
2014,582,1.2136589830675135,-3.4463904732665998,5.873708270233154,1426.204953369141,760.9955842285157,665.2093691406253,3356,G007008E45954N,du Milieu,45.954,7.008,-1.0367841
2015,423,3.4077737752685544,-2.422047619384766,9.237594950439453,1511.479069274902,773.4772819213866,738.0017873535153,3344,G006776E45799N,de la Berangere,45.799,6.776,-1.5700091
2015,424,3.424874516914363,-2.414804689990999,9.264553501220696,1520.9107533569313,775.7550751342767,745.1556782226543,3601,G006778E45809N,d'Armancette,45.809,6.778,-0.9094103
2015,427,3.423799522365569,-2.4237838491115586,9.27138267376709,1524.8441463623046,776.0304271240234,748.8137192382811,3650,G006783E45817N,de Covagnet,45.817,6.783,-1.5164809
2015,429,3.3351503201904276,-2.4798926844940197,9.150193128479001,1486.043550048827,765.2353929443357,720.8081571044916,3651,G006784E45784N,de Tre la Tete 1,45.784,6.784,-0.4153685
2015,431,3.427920491676337,-2.4246028529357875,9.280443615875255,1528.4511843872099,776.6933981323251,751.7577862548851,3276,G006785E45822N,du Miage 1,45.822,6.785,-2.1163573
2015,437,3.384893878112794,-2.462726988586425,9.232514538452149,1515.362639221192,771.9716221313479,743.391017089844,3388,G006792E45817N,du Miage 2,45.817,6.792,-2.6057434
2015,447,3.35968430809403,-2.4899420236453986,9.209310442626961,1510.2445327148464,769.4275651855477,740.8169675292988,3579,G006799E45819N,du Miage 3,45.819,6.799,-0.8715227
2015,449,3.4051376876945563,-2.4622753628520933,9.272550527404796,1530.5521241455112,774.9426876220713,755.6094365234401,3296,G006799E45837N,du Tricot,45.837,6.799,-1.7709486
2015,459,3.382793747936241,-2.4965771075573016,9.262164399597156,1531.047821411129,773.0269459228506,758.0208754882785,3648,G006811E45849N,de Bionnassay,45.849,6.811,-1.1975793
2015,460,3.3650911418304488,-2.5212816613044713,9.251463745758063,1530.104002746584,771.3774906616217,758.7265120849622,3438,G006819E45856N,de Tete Rousse,45.856,6.819,-1.5391881
2015,462,3.3549169323616055,-2.534466675226211,9.244300343261724,1529.0366899414078,770.3854440917971,758.6512458496105,3280,G006823E45859N,de la Griaz,45.859,6.823,-1.3718222
2015,464,3.3295020545692418,-2.563927901475909,9.222931820434567,1524.6373176269522,767.7847939453121,756.85252368164,3290,G006831E45863N,du Bourgeat,45.863,6.831,-1.4223901
2015,468,3.272102782943723,-2.621459195549013,9.165664587646482,1510.3178200073232,761.6405951538082,748.6772248535151,3647,G006844E45863N,Taconnaz,45.863,6.844,-0.6826494
2015,484,3.463660919464109,-2.5426718579025285,9.46999341943359,1610.548998901366,784.4050205078122,826.1439783935539,3449,G006862E45976N,de la Floria,45.976,6.862,-2.5864289
2015,488,3.1913433834838907,-2.7074155849647505,9.090102198944098,1492.4829806518576,753.0919973754887,739.3909832763686,3646,G006865E45868N,Bossons,45.868,6.865,-0.8710936
2015,489,3.483228404426579,-2.537133403396605,9.503589920806892,1621.7214065551777,786.682170104981,835.0392364501968,3709,G006865E45990N,du Mort 2,45.99,6.865,-2.5518572
2015,490,3.483228404426579,-2.537133403396605,9.503589920806892,1621.7214065551777,786.682170104981,835.0392364501968,3710,G006865E45990N,du Mort 1,45.99,6.865,-2.5303977
2015,491,3.483228404426579,-2.537133403396605,9.503589920806892,1621.7214065551777,786.682170104981,835.0392364501968,3711,G006865E45990N,du Mort 3,45.99,6.865,-2.5411108
2015,503,3.175558328628546,-2.7352852654457056,9.086401767730722,1494.0025711059598,751.5896224975593,742.4129486084005,3483,G006875E45880N,Rond,45.88,6.875,-2.5995233
2015,504,3.415338708667755,-2.600351863451004,9.43102900177002,1601.6791308593747,778.9448461914062,822.7342846679685,3450,G006877E45985N,du Belvedere,45.985,6.877,-2.4943922
2015,506,3.1674848635864326,-2.749412761764522,9.084382332458507,1494.6684552001984,750.7960717773445,743.8723834228538,3265,G006880E45886N,du Telepherique,45.886,6.88,-2.6014786
2015,509,3.137336819587715,-2.7705964836921644,9.045269979736338,1483.0431232299834,747.4232120971687,735.6199111328147,3391,G006882E45877N,Ouest de l'Aiguille du Midi,45.877,6.882,-3.0615585
2015,517,3.1224072757568315,-2.790596594711306,9.035411003845208,1481.5231331787088,745.8704045410152,735.6527286376937,3644,G006888E45882N,Arete Midi Plan,45.882,6.888,-1.9294727
2015,518,3.141396250640875,-2.7816189443855253,9.064411291717537,1490.7446915893581,748.0291546020514,742.7155369873069,3389,G006889E45892N,des Pelerins,45.892,6.889,-2.8702044
2015,524,3.1085938082923974,-2.823601452737803,9.040788916442883,1486.3594729003944,744.5192375488291,741.8402353515652,3518,G006901E45901N,de Blaitiere,45.901,6.901,-1.8974645
2015,526,3.0722747477340784,-2.853983532161707,8.998532888183604,1474.5544192504917,740.5304678344735,734.0239514160182,3381,G006906E45895N,du Plan,45.895,6.906,-2.9037557
2015,527,3.0634438454170203,-2.8648623481159223,8.991749899963375,1473.17658642578,739.5766249999997,733.5999614257802,3317,G006909E45897N,du Fou,45.897,6.909,-3.2446604
2015,530,3.0729729023132246,-2.865405681137089,9.011351335937489,1479.868543151852,740.6427836303702,739.2257595214817,3645,G006912E45907N,des Nantillons,45.907,6.912,-2.6083124
2015,531,3.0391624558792105,-2.8983235441055295,8.976648314544676,1470.8336749877922,736.9394810180663,733.8941939697258,3418,G006919E45906N,de la Republique,45.906,6.919,-2.3770819
2015,534,3.0280230006561295,-2.914563904747009,8.970609762451176,1470.0906696167003,735.7129154663088,734.3777541503914,3582,G006924E45911N,de la Thendia,45.911,6.924,-2.762151
2015,535,2.99638062301636,-2.9402422190093978,8.933003334350591,1459.522765197755,732.257967834473,727.2647973632821,3313,G006928E45905N,de Trelaporte,45.905,6.928,-2.9822717
2015,537,2.9197988368301444,-2.994791718036649,8.834389300781258,1430.9294929809594,723.9608496704107,706.9686433105487,3643,G006934E45883N,Mer de Glace ,45.883,6.934,-2.808872
2015,539,2.973259151576995,-2.99186834946251,8.938386496398925,1465.0270906982419,729.5308494873046,735.4962412109373,3519,G006947E45933N,des Drus,45.933,6.947,-3.0297863
2015,541,2.968352545581819,-3.0028996885623913,8.939604617187502,1466.1464877929693,728.9176228027346,737.2288649902347,3263,G006951E45939N,du Nant Blanc,45.939,6.951,-2.0386386
2015,542,2.990395550964357,-2.992973603546142,8.973764524169924,1476.5882924194343,731.2217560424806,745.3665363769535,3639,G006952E45951N,de la Pendant,45.951,6.952,-2.2772141
2015,543,2.9235413134956345,-3.0356895687198646,8.882772056274412,1449.8382348632808,724.0884143066405,725.7498205566403,3284,G006955E45927N,de la Charpoua,45.927,6.955,-1.4987611
2015,544,2.9655610020828194,-3.0128306780624414,8.943952511444085,1468.1812191772437,728.5147683715815,739.6664508056624,3475,G006955E45946N,des Grands Montets,45.946,6.955,-1.661718
2015,547,2.9762644910240144,-3.011247625455858,8.963776423339839,1474.4750054931626,729.5795916748043,744.8954138183583,3585,G006957E45955N,de Lognan,45.955,6.957,-2.1848834
2015,548,2.812760918121339,-3.10619784461975,8.73171961303711,1405.5887118530277,712.3501364135743,693.2385754394535,3534,G006960E45887N,de l'Aiguille du Tacul,45.887,6.96,-2.0291443
2015,549,2.863284840744015,-3.0809183094902064,8.807487882171625,1428.4411561889635,717.6197534790035,710.82140270996,3631,G006961E45912N,du Moine,45.912,6.961,-2.1806333
2015,553,2.774772127273554,-3.145316445858005,8.694860640960686,1396.4006386108376,708.2211646118158,688.1794739990219,3641,G006969E45888N,du Capucin,45.888,6.969,-1.699437
2015,557,2.752051415168757,-3.174212408950809,8.678315178131097,1393.0347337036112,705.6816417846674,687.3530919189438,0,G006977E45894N,des Dards 1,45.894,6.977,-1.4229692
2015,564,2.838851453914642,-3.1452309502697,8.822933701782228,1437.2085992431641,714.2580218505859,722.9505773925782,3638,G006985E45951N,d'Argentiere,45.951,6.985,-2.3446546
2015,566,2.8815424797744735,-3.1248365250282286,8.887921288818356,1456.5428825073234,718.5482018432616,737.9946806640619,0,G006986E45973N,des Dards 1,45.973,6.986,-2.2281129
2015,567,2.8815424797744735,-3.1248365250282286,8.887921288818356,1456.5428825073234,718.5482018432616,737.9946806640619,3712,G006986E45973N,du Passon 1,45.973,6.986,-2.2371583
2015,569,2.9023025933685322,-3.1183040051803586,8.922908971679691,1467.1441283569347,720.5434450073244,746.6006833496104,3698,G006988E45987N,du Tour,45.987,6.988,-0.9436879
2015,571,2.8544317898178115,-3.147993046627044,8.856856440429691,1447.962165222169,715.5846041870119,732.377561035157,3511,G006990E45969N,Adams Reilly,45.969,6.99,-1.3160927
2015,572,2.7254930068054133,-3.220236028457645,8.671221961791982,1393.636462951657,702.4687544555658,691.1677084960914,3466,G006992E45913N,de Talefre,45.913,6.992,-1.7208303
2015,574,2.680197651458743,-3.24833451761627,8.608729774047855,1375.6087857666025,697.8280769042972,677.7807088623055,3258,G006994E45896N,de Pierre Joseph,45.896,6.994,-1.4200023
2015,575,2.827385433235177,-3.171081068286891,8.825851759033215,1439.4148385620151,712.6360690307625,726.7787695312526,3619,G006994E45965N,du Trident,45.965,6.994,-2.0140128
2015,577,2.6511865234375067,-3.2764180374145475,8.578791046142587,1367.874717712405,694.6873092651374,673.1874084472678,3301,G007000E45895N,de l'Aiguille de l'Eboulement,45.895,7.0,-1.395053
2015,579,2.776753867187501,-3.2176124238204955,8.771119998016358,1426.1460772705084,708.1876498413087,717.9584274291997,3640,G007003E45960N,du Chardonnet,45.96,7.003,-0.7833455
2015,582,2.7444683046875014,-3.2451649390106194,8.734101402526857,1418.3540321044927,706.509278076172,711.8447540283207,3356,G007008E45954N,du Milieu,45.954,7.008,-0.9405909
